f-lig-chi-0,f-lig-chi-1,f-lig-chi-2,f-lig-chi-3,f-lig-Z-0,f-lig-Z-1,f-lig-Z-2,f-lig-Z-3,f-lig-I-0,f-lig-I-1,f-lig-I-2,f-lig-I-3,f-lig-T-0,f-lig-T-1,f-lig-T-2,f-lig-T-3,f-lig-S-0,f-lig-S-1,f-lig-S-2,f-lig-S-3,name
463.31859999999983,928.4550000000008,1521.699199999999,2032.174000000001,2230.0,4512.0,7064.0,9364.0,62.0,134.0,216.0,292.0,350.0,894.0,1384.0,1764.0,30.387000000000025,71.00940000000004,111.39280000000002,148.334,mof_primitive
83.0244,131.63099999999997,188.4004,175.845,402.0,624.0,832.0,546.0,10.0,18.0,24.0,24.0,42.0,90.0,88.0,64.0,4.777,9.1938,11.279200000000001,9.2568,mof_primitive
18.4832,18.4832,0.0,0.0,98.0,98.0,0.0,0.0,2.0,2.0,0.0,0.0,2.0,2.0,0.0,0.0,1.125,1.125,0.0,0.0,mof_primitive
