f-lig-chi-0,f-lig-chi-1,f-lig-chi-2,f-lig-chi-3,f-lig-Z-0,f-lig-Z-1,f-lig-Z-2,f-lig-Z-3,f-lig-I-0,f-lig-I-1,f-lig-I-2,f-lig-I-3,f-lig-T-0,f-lig-T-1,f-lig-T-2,f-lig-T-3,f-lig-S-0,f-lig-S-1,f-lig-S-2,f-lig-S-3,name
223.20810000000006,488.0952000000003,795.6838,818.8136,1244.0,2340.0,3302.0,3132.0,35.0,72.0,124.0,136.0,196.0,476.0,610.0,580.0,14.107299999999999,33.82320000000001,49.72000000000001,49.651999999999994,mof_primitive
223.20810000000006,488.0952000000003,795.6837999999999,818.8135999999998,1244.0,2340.0,3302.0,3132.0,35.0,72.0,124.0,136.0,196.0,476.0,610.0,580.0,14.107299999999997,33.8232,49.72000000000001,49.652,mof_primitive
223.20810000000006,488.0952000000003,795.6837999999999,818.8136,1244.0,2340.0,3302.0,3132.0,35.0,72.0,124.0,136.0,196.0,476.0,610.0,580.0,14.107299999999997,33.8232,49.72000000000001,49.652,mof_primitive
223.20810000000006,488.0952000000003,795.6837999999999,818.8136,1244.0,2340.0,3302.0,3132.0,35.0,72.0,124.0,136.0,196.0,476.0,610.0,580.0,14.107299999999997,33.8232,49.72000000000001,49.652,mof_primitive
223.20810000000003,488.0952000000002,795.6838,818.8136000000001,1244.0,2340.0,3302.0,3132.0,35.0,72.0,124.0,136.0,196.0,476.0,610.0,580.0,14.107300000000013,33.82320000000001,49.71999999999997,49.65199999999999,mof_primitive
223.20810000000003,488.0952000000002,795.6838000000002,818.8136,1244.0,2340.0,3302.0,3132.0,35.0,72.0,124.0,136.0,196.0,476.0,610.0,580.0,14.107300000000013,33.82320000000001,49.71999999999997,49.65199999999999,mof_primitive
223.20810000000003,488.0952000000002,795.6837999999998,818.8136,1244.0,2340.0,3302.0,3132.0,35.0,72.0,124.0,136.0,196.0,476.0,610.0,580.0,14.107300000000008,33.82320000000001,49.71999999999999,49.652,mof_primitive
223.20810000000003,488.0952000000002,795.6838,818.8135999999998,1244.0,2340.0,3302.0,3132.0,35.0,72.0,124.0,136.0,196.0,476.0,610.0,580.0,14.107300000000013,33.82320000000001,49.71999999999997,49.65199999999999,mof_primitive
