f-lig-chi-0,f-lig-chi-1,f-lig-chi-2,f-lig-chi-3,f-lig-Z-0,f-lig-Z-1,f-lig-Z-2,f-lig-Z-3,f-lig-I-0,f-lig-I-1,f-lig-I-2,f-lig-I-3,f-lig-T-0,f-lig-T-1,f-lig-T-2,f-lig-T-3,f-lig-S-0,f-lig-S-1,f-lig-S-2,f-lig-S-3,name
150.0555,280.19399999999996,404.7423999999999,476.726,720.0,1344.0,1876.0,1940.0,20.0,40.0,56.0,68.0,96.0,226.0,300.0,314.0,9.734,20.882400000000004,28.2192,31.572400000000005,mof_primitive
122.2282,268.8210000000001,406.22000000000014,458.812,466.0,1080.0,1400.0,1288.0,20.0,42.0,64.0,76.0,106.0,258.0,352.0,360.0,8.1492,19.850600000000004,27.907200000000007,28.97160000000001,mof_primitive
150.0555,280.19399999999996,404.7424,476.72599999999994,720.0,1344.0,1876.0,1940.0,20.0,40.0,56.0,68.0,96.0,226.0,300.0,314.0,9.734,20.882400000000008,28.219200000000008,31.57240000000001,mof_primitive
122.2282,268.82100000000014,406.2200000000001,458.812,466.0,1080.0,1400.0,1288.0,20.0,42.0,64.0,76.0,106.0,258.0,352.0,360.0,8.149199999999999,19.850600000000007,27.907200000000007,28.971600000000013,mof_primitive
150.05550000000002,280.19399999999996,404.7424,476.726,720.0,1344.0,1876.0,1940.0,20.0,40.0,56.0,68.0,96.0,226.0,300.0,314.0,9.734,20.882400000000008,28.2192,31.572400000000002,mof_primitive
150.0555,280.194,404.7424,476.72599999999994,720.0,1344.0,1876.0,1940.0,20.0,40.0,56.0,68.0,96.0,226.0,300.0,314.0,9.734,20.882400000000008,28.219200000000004,31.572400000000002,mof_primitive
