f-lig-chi-0,f-lig-chi-1,f-lig-chi-2,f-lig-chi-3,f-lig-Z-0,f-lig-Z-1,f-lig-Z-2,f-lig-Z-3,f-lig-I-0,f-lig-I-1,f-lig-I-2,f-lig-I-3,f-lig-T-0,f-lig-T-1,f-lig-T-2,f-lig-T-3,f-lig-S-0,f-lig-S-1,f-lig-S-2,f-lig-S-3,name
253.75879999999992,506.7869999999999,837.8407999999997,1070.674,1238.0,2496.0,4016.0,4804.0,34.0,74.0,120.0,160.0,194.0,498.0,776.0,976.0,16.942600000000002,39.68580000000001,62.783200000000015,79.73440000000004,mof_primitive
253.75879999999992,506.7869999999999,837.8407999999997,1070.674,1238.0,2496.0,4016.0,4804.0,34.0,74.0,120.0,160.0,194.0,498.0,776.0,976.0,16.942600000000002,39.68580000000001,62.783200000000015,79.73440000000004,mof_primitive
253.75879999999992,506.7869999999999,837.8407999999997,1070.674,1238.0,2496.0,4016.0,4804.0,34.0,74.0,120.0,160.0,194.0,498.0,776.0,976.0,16.942600000000002,39.68580000000001,62.783200000000015,79.73440000000004,mof_primitive
253.75879999999992,506.7869999999999,837.8407999999997,1070.674,1238.0,2496.0,4016.0,4804.0,34.0,74.0,120.0,160.0,194.0,498.0,776.0,976.0,16.942600000000002,39.68580000000001,62.783200000000015,79.73440000000004,mof_primitive
