f-chi-0-all,f-chi-1-all,f-chi-2-all,f-chi-3-all,f-Z-0-all,f-Z-1-all,f-Z-2-all,f-Z-3-all,f-I-0-all,f-I-1-all,f-I-2-all,f-I-3-all,f-T-0-all,f-T-1-all,f-T-2-all,f-T-3-all,f-S-0-all,f-S-1-all,f-S-2-all,f-S-3-all,mc-chi-0-all,mc-chi-1-all,mc-chi-2-all,mc-chi-3-all,mc-Z-0-all,mc-Z-1-all,mc-Z-2-all,mc-Z-3-all,mc-I-0-all,mc-I-1-all,mc-I-2-all,mc-I-3-all,mc-T-0-all,mc-T-1-all,mc-T-2-all,mc-T-3-all,mc-S-0-all,mc-S-1-all,mc-S-2-all,mc-S-3-all,D_mc-chi-0-all,D_mc-chi-1-all,D_mc-chi-2-all,D_mc-chi-3-all,D_mc-Z-0-all,D_mc-Z-1-all,D_mc-Z-2-all,D_mc-Z-3-all,D_mc-I-0-all,D_mc-I-1-all,D_mc-I-2-all,D_mc-I-3-all,D_mc-T-0-all,D_mc-T-1-all,D_mc-T-2-all,D_mc-T-3-all,D_mc-S-0-all,D_mc-S-1-all,D_mc-S-2-all,D_mc-S-3-all,name
214.06789999999992,377.71199999999976,1478.8047999999997,1467.5039999999997,9086.0,17472.0,25318.0,19584.0,23.0,60.0,146.0,180.0,222.0,696.0,1122.0,1056.0,17.2557,54.983599999999996,102.16059999999999,117.12120000000004,1.44,33.024,21.33,44.238,3969.0,4032.0,6426.0,5166.0,1.0,8.0,7.5,12.5,64.0,144.0,220.0,236.0,2.8223999999999996,9.8112,11.230799999999999,15.0948,0.0,-17.92,-8.774999999999999,-21.865000000000006,0.0,440.0,370.5,705.5,0.0,0.0,0.0,0.0,0.0,46.0,32.5,70.5,0.0,7.6000000000000005,5.915,12.014999999999997,mof_primitive
214.06789999999992,377.7119999999999,1478.8048,1467.504,9086.0,17472.0,25318.0,19584.0,23.0,60.0,146.0,180.0,222.0,696.0,1122.0,1056.0,17.2557,54.983599999999996,102.16059999999999,117.12120000000004,1.44,33.024,21.33,44.238,3969.0,4032.0,6426.0,5166.0,1.0,8.0,7.5,12.5,64.0,144.0,220.0,236.0,2.8223999999999996,9.8112,11.230799999999999,15.0948,0.0,-17.92,-8.774999999999999,-21.865000000000006,0.0,440.0,370.5,705.5,0.0,0.0,0.0,0.0,0.0,46.0,32.5,70.5,0.0,7.6000000000000005,5.915,12.014999999999997,mof_primitive
