f-lig-chi-0,f-lig-chi-1,f-lig-chi-2,f-lig-chi-3,f-lig-Z-0,f-lig-Z-1,f-lig-Z-2,f-lig-Z-3,f-lig-I-0,f-lig-I-1,f-lig-I-2,f-lig-I-3,f-lig-T-0,f-lig-T-1,f-lig-T-2,f-lig-T-3,f-lig-S-0,f-lig-S-1,f-lig-S-2,f-lig-S-3,name
289.63759999999996,614.3970000000003,971.1764,1213.49,1232.0,2688.0,3932.0,4244.0,44.0,94.0,148.0,192.0,242.0,606.0,876.0,988.0,19.40280000000001,46.73900000000002,69.80040000000002,81.75599999999999,mof_primitive
289.63759999999996,614.3970000000003,971.1764,1213.49,1232.0,2688.0,3932.0,4244.0,44.0,94.0,148.0,192.0,242.0,606.0,876.0,988.0,19.40280000000001,46.73900000000002,69.80040000000001,81.75599999999999,mof_primitive
289.6376,614.3970000000003,971.1764000000002,1213.4900000000002,1232.0,2688.0,3932.0,4244.0,44.0,94.0,148.0,192.0,242.0,606.0,876.0,988.0,19.40280000000001,46.73900000000002,69.80040000000001,81.75599999999999,mof_primitive
294.4776,629.5330000000004,982.3964000000002,1239.8459999999995,1233.0,2704.0,3944.0,4272.0,45.0,96.0,150.0,196.0,246.0,616.0,890.0,1008.0,19.539700000000014,47.27920000000002,70.37020000000001,82.86599999999997,mof_primitive
289.6376,614.3970000000004,971.1764000000002,1213.4899999999996,1232.0,2688.0,3932.0,4244.0,44.0,94.0,148.0,192.0,242.0,606.0,876.0,988.0,19.402800000000013,46.73900000000002,69.80040000000001,81.75599999999997,mof_primitive
289.6376,614.3970000000004,971.1764000000003,1213.4899999999993,1232.0,2688.0,3932.0,4244.0,44.0,94.0,148.0,192.0,242.0,606.0,876.0,988.0,19.40280000000001,46.73900000000002,69.80040000000001,81.75599999999997,mof_primitive
