f-chi-0-all,f-chi-1-all,f-chi-2-all,f-chi-3-all,f-Z-0-all,f-Z-1-all,f-Z-2-all,f-Z-3-all,f-I-0-all,f-I-1-all,f-I-2-all,f-I-3-all,f-T-0-all,f-T-1-all,f-T-2-all,f-T-3-all,f-S-0-all,f-S-1-all,f-S-2-all,f-S-3-all,mc-chi-0-all,mc-chi-1-all,mc-chi-2-all,mc-chi-3-all,mc-Z-0-all,mc-Z-1-all,mc-Z-2-all,mc-Z-3-all,mc-I-0-all,mc-I-1-all,mc-I-2-all,mc-I-3-all,mc-T-0-all,mc-T-1-all,mc-T-2-all,mc-T-3-all,mc-S-0-all,mc-S-1-all,mc-S-2-all,mc-S-3-all,D_mc-chi-0-all,D_mc-chi-1-all,D_mc-chi-2-all,D_mc-chi-3-all,D_mc-Z-0-all,D_mc-Z-1-all,D_mc-Z-2-all,D_mc-Z-3-all,D_mc-I-0-all,D_mc-I-1-all,D_mc-I-2-all,D_mc-I-3-all,D_mc-T-0-all,D_mc-T-1-all,D_mc-T-2-all,D_mc-T-3-all,D_mc-S-0-all,D_mc-S-1-all,D_mc-S-2-all,D_mc-S-3-all,name
213.04359999999994,381.4272,1178.7904,1009.984,9076.0,15552.0,21766.0,17056.0,22.0,56.0,116.0,124.0,192.0,580.0,856.0,796.0,16.601999999999997,49.902799999999985,81.47499999999998,85.3516,1.44,28.896,17.328,37.007999999999996,3969.0,3528.0,5922.0,4536.0,1.0,7.0,6.0,10.0,49.0,112.0,154.0,161.0,2.8223999999999996,8.5848,9.256799999999998,12.5328,0.0,-15.680000000000001,-7.239999999999999,-18.840000000000003,0.0,385.0,284.0,558.0,0.0,0.0,0.0,0.0,0.0,33.0,20.0,47.0,0.0,6.65,4.569999999999999,9.34,mof_primitive
189.37639999999996,339.5968,1084.1216,993.472,8948.0,15328.0,21254.0,15040.0,20.0,52.0,108.0,120.0,180.0,552.0,812.0,720.0,15.536199999999996,47.71279999999999,77.2118,80.44600000000001,1.44,28.896,17.328,37.007999999999996,3969.0,3528.0,5922.0,4536.0,1.0,7.0,6.0,10.0,49.0,112.0,154.0,161.0,2.8223999999999996,8.5848,9.256799999999998,12.5328,0.0,-15.680000000000001,-7.239999999999999,-18.840000000000003,0.0,385.0,284.0,558.0,0.0,0.0,0.0,0.0,0.0,33.0,20.0,47.0,0.0,6.65,4.569999999999999,9.34,mof_primitive
