f-chi-0-all,f-chi-1-all,f-chi-2-all,f-chi-3-all,f-Z-0-all,f-Z-1-all,f-Z-2-all,f-Z-3-all,f-I-0-all,f-I-1-all,f-I-2-all,f-I-3-all,f-T-0-all,f-T-1-all,f-T-2-all,f-T-3-all,f-S-0-all,f-S-1-all,f-S-2-all,f-S-3-all,mc-chi-0-all,mc-chi-1-all,mc-chi-2-all,mc-chi-3-all,mc-Z-0-all,mc-Z-1-all,mc-Z-2-all,mc-Z-3-all,mc-I-0-all,mc-I-1-all,mc-I-2-all,mc-I-3-all,mc-T-0-all,mc-T-1-all,mc-T-2-all,mc-T-3-all,mc-S-0-all,mc-S-1-all,mc-S-2-all,mc-S-3-all,D_mc-chi-0-all,D_mc-chi-1-all,D_mc-chi-2-all,D_mc-chi-3-all,D_mc-Z-0-all,D_mc-Z-1-all,D_mc-Z-2-all,D_mc-Z-3-all,D_mc-I-0-all,D_mc-I-1-all,D_mc-I-2-all,D_mc-I-3-all,D_mc-T-0-all,D_mc-T-1-all,D_mc-T-2-all,D_mc-T-3-all,D_mc-S-0-all,D_mc-S-1-all,D_mc-S-2-all,D_mc-S-3-all,name
325.4387999999999,659.6165999999998,1517.4807999999996,1731.0570000000002,4996.0,10840.0,20752.0,24538.0,46.0,106.0,194.0,272.0,300.0,802.0,1332.0,1812.0,27.563200000000023,71.51620000000001,122.84140000000001,171.90840000000003,2.9493999999999994,23.360799999999998,16.063333333333333,59.04933333333332,595.6666666666666,771.3333333333334,2163.3333333333335,1803.3333333333333,1.0,4.0,4.666666666666667,11.0,17.0,37.333333333333336,74.66666666666667,98.66666666666667,1.5214666666666667,3.6278666666666664,6.352533333333333,9.444066666666666,0.0,-6.556666666666666,-0.8933333333333332,-15.103333333333337,0.0,67.33333333333333,28.0,197.66666666666666,0.0,0.0,0.0,0.0,0.0,8.333333333333334,2.6666666666666665,21.666666666666668,0.0,2.013333333333333,0.6533333333333333,5.963333333333334,mof_primitive
