f-lig-chi-0,f-lig-chi-1,f-lig-chi-2,f-lig-chi-3,f-lig-Z-0,f-lig-Z-1,f-lig-Z-2,f-lig-Z-3,f-lig-I-0,f-lig-I-1,f-lig-I-2,f-lig-I-3,f-lig-T-0,f-lig-T-1,f-lig-T-2,f-lig-T-3,f-lig-S-0,f-lig-S-1,f-lig-S-2,f-lig-S-3,name
342.3979,694.3650000000001,1108.9568,1402.131,1546.0,3180.0,4808.0,5304.0,49.0,104.0,164.0,216.0,268.0,672.0,980.0,1126.0,22.6137,53.09920000000002,80.12360000000004,96.14520000000002,mof_primitive
342.3979,694.3650000000002,1108.9568,1402.131,1546.0,3180.0,4808.0,5304.0,49.0,104.0,164.0,216.0,268.0,672.0,980.0,1126.0,22.6137,53.09920000000002,80.12360000000004,96.14520000000002,mof_primitive
342.3979,694.3650000000002,1108.9568,1402.131,1546.0,3180.0,4808.0,5304.0,49.0,104.0,164.0,216.0,268.0,672.0,980.0,1126.0,22.6137,53.09920000000002,80.12360000000004,96.14520000000002,mof_primitive
342.3979,694.3650000000001,1108.9568,1402.1309999999999,1546.0,3180.0,4808.0,5304.0,49.0,104.0,164.0,216.0,268.0,672.0,980.0,1126.0,22.6137,53.09920000000002,80.12360000000004,96.14520000000002,mof_primitive
342.3979,694.3650000000002,1108.9568,1402.1309999999999,1546.0,3180.0,4808.0,5304.0,49.0,104.0,164.0,216.0,268.0,672.0,980.0,1126.0,22.6137,53.09920000000002,80.12360000000004,96.14520000000002,mof_primitive
342.3979,694.3650000000002,1108.9568,1402.1309999999999,1546.0,3180.0,4808.0,5304.0,49.0,104.0,164.0,216.0,268.0,672.0,980.0,1126.0,22.6137,53.09920000000002,80.12360000000004,96.14520000000002,mof_primitive
