f-chi-0-all,f-chi-1-all,f-chi-2-all,f-chi-3-all,f-Z-0-all,f-Z-1-all,f-Z-2-all,f-Z-3-all,f-I-0-all,f-I-1-all,f-I-2-all,f-I-3-all,f-T-0-all,f-T-1-all,f-T-2-all,f-T-3-all,f-S-0-all,f-S-1-all,f-S-2-all,f-S-3-all,mc-chi-0-all,mc-chi-1-all,mc-chi-2-all,mc-chi-3-all,mc-Z-0-all,mc-Z-1-all,mc-Z-2-all,mc-Z-3-all,mc-I-0-all,mc-I-1-all,mc-I-2-all,mc-I-3-all,mc-T-0-all,mc-T-1-all,mc-T-2-all,mc-T-3-all,mc-S-0-all,mc-S-1-all,mc-S-2-all,mc-S-3-all,D_mc-chi-0-all,D_mc-chi-1-all,D_mc-chi-2-all,D_mc-chi-3-all,D_mc-Z-0-all,D_mc-Z-1-all,D_mc-Z-2-all,D_mc-Z-3-all,D_mc-I-0-all,D_mc-I-1-all,D_mc-I-2-all,D_mc-I-3-all,D_mc-T-0-all,D_mc-T-1-all,D_mc-T-2-all,D_mc-T-3-all,D_mc-S-0-all,D_mc-S-1-all,D_mc-S-2-all,D_mc-S-3-all,name
315.80639999999994,602.4480000000001,1540.4271999999994,1923.3479999999986,9390.0,16044.0,17440.0,20064.0,42.0,96.0,184.0,264.0,288.0,792.0,1200.0,1484.0,24.02,67.76839999999999,111.04120000000003,148.0168000000001,1.44,30.479999999999997,22.139999999999997,47.1,3969.0,3717.0,4630.5,5260.5,1.0,7.5,7.5,14.0,56.5,128.5,189.5,252.5,2.8223999999999996,9.2316,10.466399999999998,16.447200000000002,0.0,-16.400000000000002,-9.45,-22.450000000000003,0.0,413.5,399.0,798.5,0.0,0.0,0.0,0.0,0.0,39.5,31.5,72.0,0.0,7.105,6.37,13.73,mof_primitive
315.8064,618.9599999999999,1798.1423999999995,2059.716,9390.0,18060.0,26754.0,24420.0,42.0,100.0,208.0,284.0,328.0,988.0,1602.0,1860.0,24.020000000000007,72.67399999999998,128.46819999999997,164.70760000000004,1.44,30.479999999999997,22.139999999999997,47.1,3969.0,3717.0,4630.5,5260.5,1.0,7.5,7.5,14.0,56.5,128.5,189.5,252.5,2.8223999999999996,9.2316,10.466399999999998,16.447200000000002,0.0,-16.400000000000002,-9.45,-22.450000000000003,0.0,413.5,399.0,798.5,0.0,0.0,0.0,0.0,0.0,39.5,31.5,72.0,0.0,7.105,6.37,13.73,mof_primitive
