f-lig-chi-0,f-lig-chi-1,f-lig-chi-2,f-lig-chi-3,f-lig-Z-0,f-lig-Z-1,f-lig-Z-2,f-lig-Z-3,f-lig-I-0,f-lig-I-1,f-lig-I-2,f-lig-I-3,f-lig-T-0,f-lig-T-1,f-lig-T-2,f-lig-T-3,f-lig-S-0,f-lig-S-1,f-lig-S-2,f-lig-S-3,name
248.62379999999993,498.20799999999986,963.7507999999999,1567.3720000000003,1029.0,2080.0,3752.0,4924.0,35.0,74.0,146.0,244.0,220.0,634.0,1156.0,1426.0,14.3435,35.3442,64.7186,97.57560000000005,mof_primitive
248.62380000000002,498.208,963.7507999999999,1567.3719999999998,1029.0,2080.0,3752.0,4924.0,35.0,74.0,146.0,244.0,220.0,634.0,1156.0,1426.0,14.343499999999999,35.344200000000015,64.71860000000001,97.57560000000002,mof_primitive
248.62380000000002,498.208,963.7507999999999,1567.3719999999998,1029.0,2080.0,3752.0,4924.0,35.0,74.0,146.0,244.0,220.0,634.0,1156.0,1426.0,14.343499999999999,35.34420000000001,64.7186,97.57560000000002,mof_primitive
248.62380000000002,498.208,963.7507999999999,1567.3719999999998,1029.0,2080.0,3752.0,4924.0,35.0,74.0,146.0,244.0,220.0,634.0,1156.0,1426.0,14.343499999999999,35.344200000000015,64.71860000000001,97.57560000000002,mof_primitive
