f-lig-chi-0,f-lig-chi-1,f-lig-chi-2,f-lig-chi-3,f-lig-Z-0,f-lig-Z-1,f-lig-Z-2,f-lig-Z-3,f-lig-I-0,f-lig-I-1,f-lig-I-2,f-lig-I-3,f-lig-T-0,f-lig-T-1,f-lig-T-2,f-lig-T-3,f-lig-S-0,f-lig-S-1,f-lig-S-2,f-lig-S-3,name
226.95460000000006,489.90600000000006,892.5588000000007,953.1624,676.0,1584.0,1992.0,2148.0,38.0,76.0,140.0,156.0,216.0,512.0,672.0,768.0,12.315800000000008,31.07720000000002,46.01959999999999,52.554800000000014,mof_primitive
226.95460000000006,489.9060000000002,892.5588000000005,953.1624000000002,676.0,1584.0,1992.0,2148.0,38.0,76.0,140.0,156.0,216.0,512.0,672.0,768.0,12.315800000000008,31.07720000000002,46.0196,52.55479999999999,mof_primitive
472.74569999999954,966.1440000000008,1600.3668000000011,2054.1120000000005,1980.0,4128.0,6072.0,6768.0,69.0,144.0,236.0,312.0,380.0,952.0,1376.0,1560.0,29.24610000000002,69.60800000000002,104.75959999999996,125.95440000000004,mof_primitive
226.95460000000006,489.9060000000001,892.5588000000006,953.1624,676.0,1584.0,1992.0,2148.0,38.0,76.0,140.0,156.0,216.0,512.0,672.0,768.0,12.315800000000007,31.07720000000002,46.019600000000004,52.554800000000014,mof_primitive
226.95460000000006,489.906,892.5588000000007,953.1624000000002,676.0,1584.0,1992.0,2148.0,38.0,76.0,140.0,156.0,216.0,512.0,672.0,768.0,12.315800000000001,31.077200000000005,46.019600000000004,52.554800000000014,mof_primitive
472.7456999999996,966.1440000000007,1600.3668000000005,2054.112,1980.0,4128.0,6072.0,6768.0,69.0,144.0,236.0,312.0,380.0,952.0,1376.0,1560.0,29.24610000000001,69.60800000000002,104.7596,125.95440000000002,mof_primitive
