f-chi-0-all,f-chi-1-all,f-chi-2-all,f-chi-3-all,f-Z-0-all,f-Z-1-all,f-Z-2-all,f-Z-3-all,f-I-0-all,f-I-1-all,f-I-2-all,f-I-3-all,f-T-0-all,f-T-1-all,f-T-2-all,f-T-3-all,f-S-0-all,f-S-1-all,f-S-2-all,f-S-3-all,mc-chi-0-all,mc-chi-1-all,mc-chi-2-all,mc-chi-3-all,mc-Z-0-all,mc-Z-1-all,mc-Z-2-all,mc-Z-3-all,mc-I-0-all,mc-I-1-all,mc-I-2-all,mc-I-3-all,mc-T-0-all,mc-T-1-all,mc-T-2-all,mc-T-3-all,mc-S-0-all,mc-S-1-all,mc-S-2-all,mc-S-3-all,D_mc-chi-0-all,D_mc-chi-1-all,D_mc-chi-2-all,D_mc-chi-3-all,D_mc-Z-0-all,D_mc-Z-1-all,D_mc-Z-2-all,D_mc-Z-3-all,D_mc-I-0-all,D_mc-I-1-all,D_mc-I-2-all,D_mc-I-3-all,D_mc-T-0-all,D_mc-T-1-all,D_mc-T-2-all,D_mc-T-3-all,D_mc-S-0-all,D_mc-S-1-all,D_mc-S-2-all,D_mc-S-3-all,name
417.8406999999999,868.0213999999996,2617.558599999999,2684.9767999999995,12608.0,25912.0,35380.0,37288.0,51.0,132.0,294.0,354.0,484.0,1584.0,2324.0,2882.0,36.1089,108.05759999999997,197.70539999999997,241.62300000000005,2.5492,30.67245,28.8327,60.64879999999998,2598.5,2815.0,3893.0,4389.0,1.0,6.75,7.0,14.5,53.25,138.5,160.25,250.75,2.34665,7.910824999999999,8.831999999999999,15.71705,0.0,-12.157499999999995,-6.414999999999999,-17.429999999999996,0.0,321.0,241.0,613.0,0.0,0.0,0.0,0.0,0.0,35.25,21.25,63.0,0.0,5.694999999999999,4.709999999999999,11.979999999999997,mof_primitive
417.8406999999999,868.0213999999996,2617.558599999999,2684.9767999999995,12608.0,25912.0,35380.0,37288.0,51.0,132.0,294.0,354.0,484.0,1584.0,2324.0,2882.0,36.1089,108.05759999999997,197.70539999999994,241.62300000000005,2.5492,30.672449999999998,28.8327,60.64879999999998,2598.5,2815.0,3893.0,4389.0,1.0,6.75,7.0,14.5,53.25,138.5,160.25,250.75,2.34665,7.910824999999999,8.831999999999999,15.71705,0.0,-12.157499999999997,-6.414999999999999,-17.429999999999996,0.0,321.0,241.0,613.0,0.0,0.0,0.0,0.0,0.0,35.25,21.25,63.0,0.0,5.6949999999999985,4.709999999999999,11.979999999999997,mof_primitive
