f-lig-chi-0,f-lig-chi-1,f-lig-chi-2,f-lig-chi-3,f-lig-Z-0,f-lig-Z-1,f-lig-Z-2,f-lig-Z-3,f-lig-I-0,f-lig-I-1,f-lig-I-2,f-lig-I-3,f-lig-T-0,f-lig-T-1,f-lig-T-2,f-lig-T-3,f-lig-S-0,f-lig-S-1,f-lig-S-2,f-lig-S-3,name
76.5219,118.62599999999995,185.07539999999995,191.264,366.0,552.0,762.0,512.0,9.0,16.0,24.0,24.0,40.0,88.0,80.0,40.0,4.184099999999999,8.008000000000001,10.3672,8.818399999999999,mof_primitive
144.9132,317.2710000000001,477.11000000000007,548.8170000000001,540.0,1248.0,1592.0,1434.0,24.0,50.0,76.0,92.0,126.0,306.0,412.0,416.0,9.6088,23.361800000000002,32.55800000000001,33.85000000000001,mof_primitive
76.5219,118.62599999999995,185.07539999999995,191.264,366.0,552.0,762.0,512.0,9.0,16.0,24.0,24.0,40.0,88.0,80.0,40.0,4.184099999999999,8.008,10.3672,8.818399999999999,mof_primitive
144.91320000000002,317.27100000000013,477.1100000000001,548.817,540.0,1248.0,1592.0,1434.0,24.0,50.0,76.0,92.0,126.0,306.0,412.0,416.0,9.608799999999999,23.361800000000006,32.558000000000014,33.85,mof_primitive
76.5219,118.62599999999999,185.07539999999997,191.264,366.0,552.0,762.0,512.0,9.0,16.0,24.0,24.0,40.0,88.0,80.0,40.0,4.1841,8.008000000000001,10.3672,8.8184,mof_primitive
76.5219,118.62599999999998,185.07539999999995,191.264,366.0,552.0,762.0,512.0,9.0,16.0,24.0,24.0,40.0,88.0,80.0,40.0,4.184099999999999,8.008000000000001,10.3672,8.8184,mof_primitive
