f-chi-0-all,f-chi-1-all,f-chi-2-all,f-chi-3-all,f-Z-0-all,f-Z-1-all,f-Z-2-all,f-Z-3-all,f-I-0-all,f-I-1-all,f-I-2-all,f-I-3-all,f-T-0-all,f-T-1-all,f-T-2-all,f-T-3-all,f-S-0-all,f-S-1-all,f-S-2-all,f-S-3-all,mc-chi-0-all,mc-chi-1-all,mc-chi-2-all,mc-chi-3-all,mc-Z-0-all,mc-Z-1-all,mc-Z-2-all,mc-Z-3-all,mc-I-0-all,mc-I-1-all,mc-I-2-all,mc-I-3-all,mc-T-0-all,mc-T-1-all,mc-T-2-all,mc-T-3-all,mc-S-0-all,mc-S-1-all,mc-S-2-all,mc-S-3-all,D_mc-chi-0-all,D_mc-chi-1-all,D_mc-chi-2-all,D_mc-chi-3-all,D_mc-Z-0-all,D_mc-Z-1-all,D_mc-Z-2-all,D_mc-Z-3-all,D_mc-I-0-all,D_mc-I-1-all,D_mc-I-2-all,D_mc-I-3-all,D_mc-T-0-all,D_mc-T-1-all,D_mc-T-2-all,D_mc-T-3-all,D_mc-S-0-all,D_mc-S-1-all,D_mc-S-2-all,D_mc-S-3-all,name
460.5649999999997,821.7472,2472.706399999999,3637.0431999999964,12104.0,24448.0,38984.0,41728.0,54.0,128.0,280.0,480.0,408.0,1216.0,2104.0,2560.0,37.67880000000002,107.68960000000007,199.47760000000002,276.1152,2.0790333333333333,23.300266666666662,22.362666666666666,51.39026666666666,1645.3333333333333,1834.6666666666667,3386.6666666666665,3506.6666666666665,1.0,5.333333333333333,8.0,12.0,32.0,80.0,130.66666666666666,162.66666666666666,2.4246000000000003,6.3656,10.072466666666665,13.951533333333337,0.0,-11.573333333333332,-7.6000000000000005,-21.46666666666667,0.0,186.66666666666666,260.0,393.3333333333333,0.0,0.0,0.0,0.0,0.0,18.666666666666668,25.333333333333332,37.333333333333336,0.0,4.826666666666667,6.833333333333333,9.833333333333332,mof_primitive
