f-lig-chi-0,f-lig-chi-1,f-lig-chi-2,f-lig-chi-3,f-lig-Z-0,f-lig-Z-1,f-lig-Z-2,f-lig-Z-3,f-lig-I-0,f-lig-I-1,f-lig-I-2,f-lig-I-3,f-lig-T-0,f-lig-T-1,f-lig-T-2,f-lig-T-3,f-lig-S-0,f-lig-S-1,f-lig-S-2,f-lig-S-3,name
155.38620000000003,282.4799999999999,460.34799999999996,595.6424000000001,642.0,1122.0,1606.0,1508.0,21.0,40.0,66.0,88.0,106.0,260.0,324.0,320.0,8.4421,18.343200000000003,26.350199999999994,30.115599999999993,mof_primitive
155.3862,282.4799999999999,460.348,595.6424000000001,642.0,1122.0,1606.0,1508.0,21.0,40.0,66.0,88.0,106.0,260.0,324.0,320.0,8.442099999999998,18.343200000000003,26.350199999999997,30.115599999999997,mof_primitive
144.91320000000002,317.2710000000001,477.11000000000007,548.8170000000001,540.0,1248.0,1592.0,1434.0,24.0,50.0,76.0,92.0,126.0,306.0,412.0,416.0,9.6088,23.361800000000002,32.55800000000001,33.85000000000001,mof_primitive
144.91320000000002,317.2710000000001,477.1100000000001,548.817,540.0,1248.0,1592.0,1434.0,24.0,50.0,76.0,92.0,126.0,306.0,412.0,416.0,9.608799999999999,23.361800000000006,32.55800000000001,33.85,mof_primitive
155.3862,282.47999999999996,460.34799999999996,595.6424000000001,642.0,1122.0,1606.0,1508.0,21.0,40.0,66.0,88.0,106.0,260.0,324.0,320.0,8.4421,18.343200000000003,26.350199999999997,30.1156,mof_primitive
144.9132,317.2710000000001,477.1100000000001,548.817,540.0,1248.0,1592.0,1434.0,24.0,50.0,76.0,92.0,126.0,306.0,412.0,416.0,9.608800000000004,23.361800000000006,32.55800000000001,33.85000000000001,mof_primitive
144.91320000000002,317.27100000000013,477.1100000000002,548.8170000000001,540.0,1248.0,1592.0,1434.0,24.0,50.0,76.0,92.0,126.0,306.0,412.0,416.0,9.608800000000002,23.361800000000006,32.55800000000001,33.850000000000016,mof_primitive
155.3862,282.47999999999996,460.34799999999996,595.6424000000001,642.0,1122.0,1606.0,1508.0,21.0,40.0,66.0,88.0,106.0,260.0,324.0,320.0,8.442099999999998,18.3432,26.350199999999997,30.1156,mof_primitive
