f-chi-0-all,f-chi-1-all,f-chi-2-all,f-chi-3-all,f-Z-0-all,f-Z-1-all,f-Z-2-all,f-Z-3-all,f-I-0-all,f-I-1-all,f-I-2-all,f-I-3-all,f-T-0-all,f-T-1-all,f-T-2-all,f-T-3-all,f-S-0-all,f-S-1-all,f-S-2-all,f-S-3-all,mc-chi-0-all,mc-chi-1-all,mc-chi-2-all,mc-chi-3-all,mc-Z-0-all,mc-Z-1-all,mc-Z-2-all,mc-Z-3-all,mc-I-0-all,mc-I-1-all,mc-I-2-all,mc-I-3-all,mc-T-0-all,mc-T-1-all,mc-T-2-all,mc-T-3-all,mc-S-0-all,mc-S-1-all,mc-S-2-all,mc-S-3-all,D_mc-chi-0-all,D_mc-chi-1-all,D_mc-chi-2-all,D_mc-chi-3-all,D_mc-Z-0-all,D_mc-Z-1-all,D_mc-Z-2-all,D_mc-Z-3-all,D_mc-I-0-all,D_mc-I-1-all,D_mc-I-2-all,D_mc-I-3-all,D_mc-T-0-all,D_mc-T-1-all,D_mc-T-2-all,D_mc-T-3-all,D_mc-S-0-all,D_mc-S-1-all,D_mc-S-2-all,D_mc-S-3-all,name
372.72599999999994,773.2080000000003,1756.6356000000003,2408.9064000000003,4944.0,13124.0,21712.0,23696.0,48.0,116.0,224.0,320.0,340.0,960.0,1632.0,1904.0,33.80640000000001,89.67400000000005,166.21440000000004,216.6816,2.4025000000000003,27.342,30.070000000000004,62.40300000000002,625.0,1262.5,1675.0,2137.5,1.0,5.5,8.0,14.5,30.5,75.0,147.0,202.0,1.9321,6.011749999999999,9.424199999999999,14.171049999999997,0.0,-9.114999999999998,-6.999999999999999,-17.784999999999997,0.0,87.0,133.0,277.0,0.0,0.0,0.0,0.0,0.0,17.0,18.0,44.0,0.0,3.32,4.34,9.959999999999999,mof_primitive
372.72599999999994,773.2080000000005,1756.6355999999998,2408.9064,4944.0,13124.0,21712.0,23696.0,48.0,116.0,224.0,320.0,340.0,960.0,1632.0,1904.0,33.80640000000001,89.67400000000006,166.2144000000001,216.68160000000006,2.4025000000000003,27.342,30.070000000000004,62.40300000000002,625.0,1262.5,1675.0,2137.5,1.0,5.5,8.0,14.5,30.5,75.0,147.0,202.0,1.9321,6.011749999999999,9.424199999999999,14.171049999999997,0.0,-9.114999999999998,-6.999999999999999,-17.784999999999997,0.0,87.0,133.0,277.0,0.0,0.0,0.0,0.0,0.0,17.0,18.0,44.0,0.0,3.32,4.34,9.959999999999999,mof_primitive
