f-lig-chi-0,f-lig-chi-1,f-lig-chi-2,f-lig-chi-3,f-lig-Z-0,f-lig-Z-1,f-lig-Z-2,f-lig-Z-3,f-lig-I-0,f-lig-I-1,f-lig-I-2,f-lig-I-3,f-lig-T-0,f-lig-T-1,f-lig-T-2,f-lig-T-3,f-lig-S-0,f-lig-S-1,f-lig-S-2,f-lig-S-3,name
237.8595,508.0620000000003,783.7784000000001,960.3668,972.0,2148.0,3008.0,3104.0,37.0,78.0,120.0,150.0,198.0,486.0,656.0,656.0,15.798100000000007,37.93020000000002,54.51920000000002,59.24900000000003,mof_primitive
237.8595,508.06200000000024,783.7784000000004,960.3668000000002,972.0,2148.0,3008.0,3104.0,37.0,78.0,120.0,150.0,198.0,486.0,656.0,656.0,15.79810000000001,37.93020000000001,54.51920000000002,59.24900000000004,mof_primitive
237.8595,508.06200000000024,783.7784000000003,960.3667999999999,972.0,2148.0,3008.0,3104.0,37.0,78.0,120.0,150.0,198.0,486.0,656.0,656.0,15.79810000000001,37.93020000000001,54.519200000000026,59.249000000000024,mof_primitive
237.8595,508.0620000000003,783.7784000000003,960.3668,972.0,2148.0,3008.0,3104.0,37.0,78.0,120.0,150.0,198.0,486.0,656.0,656.0,15.798100000000009,37.93020000000002,54.519200000000026,59.24900000000003,mof_primitive
237.8595,508.06200000000024,783.7784000000001,960.3667999999999,972.0,2148.0,3008.0,3104.0,37.0,78.0,120.0,150.0,198.0,486.0,656.0,656.0,15.798100000000005,37.93020000000001,54.519200000000026,59.249000000000024,mof_primitive
237.8595,508.0620000000002,783.7784000000001,960.3667999999998,972.0,2148.0,3008.0,3104.0,37.0,78.0,120.0,150.0,198.0,486.0,656.0,656.0,15.798100000000002,37.93020000000002,54.51920000000003,59.24900000000002,mof_primitive
237.8595,508.0620000000003,783.7784000000004,960.3668000000002,972.0,2148.0,3008.0,3104.0,37.0,78.0,120.0,150.0,198.0,486.0,656.0,656.0,15.79810000000001,37.93020000000001,54.519200000000026,59.24900000000003,mof_primitive
237.8595,508.0620000000001,783.7784,960.3667999999997,972.0,2148.0,3008.0,3104.0,37.0,78.0,120.0,150.0,198.0,486.0,656.0,656.0,15.7981,37.93020000000002,54.51920000000003,59.24900000000002,mof_primitive
