f-chi-0-all,f-chi-1-all,f-chi-2-all,f-chi-3-all,f-Z-0-all,f-Z-1-all,f-Z-2-all,f-Z-3-all,f-I-0-all,f-I-1-all,f-I-2-all,f-I-3-all,f-T-0-all,f-T-1-all,f-T-2-all,f-T-3-all,f-S-0-all,f-S-1-all,f-S-2-all,f-S-3-all,mc-chi-0-all,mc-chi-1-all,mc-chi-2-all,mc-chi-3-all,mc-Z-0-all,mc-Z-1-all,mc-Z-2-all,mc-Z-3-all,mc-I-0-all,mc-I-1-all,mc-I-2-all,mc-I-3-all,mc-T-0-all,mc-T-1-all,mc-T-2-all,mc-T-3-all,mc-S-0-all,mc-S-1-all,mc-S-2-all,mc-S-3-all,D_mc-chi-0-all,D_mc-chi-1-all,D_mc-chi-2-all,D_mc-chi-3-all,D_mc-Z-0-all,D_mc-Z-1-all,D_mc-Z-2-all,D_mc-Z-3-all,D_mc-I-0-all,D_mc-I-1-all,D_mc-I-2-all,D_mc-I-3-all,D_mc-T-0-all,D_mc-T-1-all,D_mc-T-2-all,D_mc-T-3-all,D_mc-S-0-all,D_mc-S-1-all,D_mc-S-2-all,D_mc-S-3-all,name
822.2900000000005,1777.7183999999982,3573.9375999999997,4681.769600000005,11400.0,23056.0,41864.0,42304.0,108.0,264.0,472.0,640.0,736.0,2008.0,3360.0,3952.0,78.00999999999996,196.56720000000004,343.39200000000017,425.9247999999995,2.6949666666666663,20.174933333333335,27.735333333333333,46.57826666666666,601.0,678.0,1364.0,1602.0,1.0,4.0,6.666666666666667,10.0,16.0,42.666666666666664,77.33333333333333,114.66666666666667,2.070433333333333,4.2502666666666675,7.451733333333332,10.804933333333333,0.0,-6.653333333333336,-4.960000000000001,-11.906666666666668,0.0,62.0,117.33333333333333,176.0,0.0,0.0,0.0,0.0,0.0,5.333333333333333,7.333333333333333,11.333333333333334,0.0,2.7866666666666666,4.153333333333332,6.673333333333332,mof_primitive
