f-chi-0-all,f-chi-1-all,f-chi-2-all,f-chi-3-all,f-Z-0-all,f-Z-1-all,f-Z-2-all,f-Z-3-all,f-I-0-all,f-I-1-all,f-I-2-all,f-I-3-all,f-T-0-all,f-T-1-all,f-T-2-all,f-T-3-all,f-S-0-all,f-S-1-all,f-S-2-all,f-S-3-all,mc-chi-0-all,mc-chi-1-all,mc-chi-2-all,mc-chi-3-all,mc-Z-0-all,mc-Z-1-all,mc-Z-2-all,mc-Z-3-all,mc-I-0-all,mc-I-1-all,mc-I-2-all,mc-I-3-all,mc-T-0-all,mc-T-1-all,mc-T-2-all,mc-T-3-all,mc-S-0-all,mc-S-1-all,mc-S-2-all,mc-S-3-all,D_mc-chi-0-all,D_mc-chi-1-all,D_mc-chi-2-all,D_mc-chi-3-all,D_mc-Z-0-all,D_mc-Z-1-all,D_mc-Z-2-all,D_mc-Z-3-all,D_mc-I-0-all,D_mc-I-1-all,D_mc-I-2-all,D_mc-I-3-all,D_mc-T-0-all,D_mc-T-1-all,D_mc-T-2-all,D_mc-T-3-all,D_mc-S-0-all,D_mc-S-1-all,D_mc-S-2-all,D_mc-S-3-all,name
201.19799999999995,365.3279999999999,909.7734,1103.0015999999998,3098.0,6752.0,11306.0,13024.0,24.0,60.0,112.0,152.0,184.0,572.0,954.0,952.0,19.37520000000001,51.4212,96.22959999999999,110.84320000000001,1.7937,19.35,17.8452,51.44415,510.5,700.0,1245.5,1881.0,1.0,4.5,7.0,13.0,20.5,59.5,114.0,138.0,2.0593000000000004,4.74135,10.263399999999999,13.918100000000003,0.0,-9.854999999999999,-5.849999999999998,-24.304999999999993,0.0,51.5,60.5,162.0,0.0,0.0,0.0,0.0,0.0,7.5,7.0,28.5,0.0,3.2100000000000004,3.0300000000000002,9.04,mof_primitive
201.19799999999992,365.3279999999999,909.7734,1103.0015999999996,3098.0,6752.0,11306.0,13024.0,24.0,60.0,112.0,152.0,184.0,572.0,954.0,952.0,19.37520000000001,51.421200000000006,96.22959999999998,110.84320000000002,1.7937,19.35,17.8452,51.44415,510.5,700.0,1245.5,1881.0,1.0,4.5,7.0,13.0,20.5,59.5,114.0,138.0,2.0593000000000004,4.74135,10.263399999999999,13.918100000000003,0.0,-9.854999999999999,-5.849999999999998,-24.304999999999993,0.0,51.5,60.5,162.0,0.0,0.0,0.0,0.0,0.0,7.5,7.0,28.5,0.0,3.2100000000000004,3.0300000000000002,9.04,mof_primitive
