f-lig-chi-0,f-lig-chi-1,f-lig-chi-2,f-lig-chi-3,f-lig-Z-0,f-lig-Z-1,f-lig-Z-2,f-lig-Z-3,f-lig-I-0,f-lig-I-1,f-lig-I-2,f-lig-I-3,f-lig-T-0,f-lig-T-1,f-lig-T-2,f-lig-T-3,f-lig-S-0,f-lig-S-1,f-lig-S-2,f-lig-S-3,name
622.7919999999995,1442.1543999999997,2237.7263999999996,2639.5479999999993,2734.0,6580.0,9672.0,9832.0,94.0,212.0,336.0,416.0,548.0,1404.0,2136.0,2392.0,43.268600000000006,108.42680000000001,165.46719999999974,185.07199999999983,mof_primitive
622.7919999999995,1442.1543999999994,2237.7263999999996,2639.547999999999,2734.0,6580.0,9672.0,9832.0,94.0,212.0,336.0,416.0,548.0,1404.0,2136.0,2392.0,43.268600000000006,108.42679999999999,165.46719999999976,185.07199999999986,mof_primitive
622.7919999999995,1442.1543999999992,2237.7263999999996,2639.547999999998,2734.0,6580.0,9672.0,9832.0,94.0,212.0,336.0,416.0,548.0,1404.0,2136.0,2392.0,43.268600000000006,108.42680000000001,165.46719999999974,185.0719999999999,mof_primitive
622.7919999999995,1442.154399999999,2237.7264,2639.547999999999,2734.0,6580.0,9672.0,9832.0,94.0,212.0,336.0,416.0,548.0,1404.0,2136.0,2392.0,43.268600000000006,108.4268,165.46719999999976,185.0719999999999,mof_primitive
