f-lig-chi-0,f-lig-chi-1,f-lig-chi-2,f-lig-chi-3,f-lig-Z-0,f-lig-Z-1,f-lig-Z-2,f-lig-Z-3,f-lig-I-0,f-lig-I-1,f-lig-I-2,f-lig-I-3,f-lig-T-0,f-lig-T-1,f-lig-T-2,f-lig-T-3,f-lig-S-0,f-lig-S-1,f-lig-S-2,f-lig-S-3,name
123.116,223.38,345.8884,401.347,596.0,1080.0,1600.0,1588.0,16.0,32.0,48.0,58.0,80.0,192.0,256.0,250.0,7.848000000000001,16.847600000000003,24.215200000000006,26.412200000000002,mof_primitive
123.116,223.38,345.8884,401.347,596.0,1080.0,1600.0,1588.0,16.0,32.0,48.0,58.0,80.0,192.0,256.0,250.0,7.848000000000001,16.847600000000003,24.215200000000006,26.412200000000002,mof_primitive
123.116,223.37999999999994,345.8884,401.34700000000004,596.0,1080.0,1600.0,1588.0,16.0,32.0,48.0,58.0,80.0,192.0,256.0,250.0,7.848,16.847600000000003,24.215200000000003,26.412200000000002,mof_primitive
123.11600000000001,223.38000000000002,345.88840000000005,401.34699999999987,596.0,1080.0,1600.0,1588.0,16.0,32.0,48.0,58.0,80.0,192.0,256.0,250.0,7.847999999999999,16.847600000000003,24.2152,26.412200000000006,mof_primitive
123.11600000000001,223.37999999999997,345.88839999999993,401.3469999999999,596.0,1080.0,1600.0,1588.0,16.0,32.0,48.0,58.0,80.0,192.0,256.0,250.0,7.848,16.847600000000007,24.215199999999996,26.412200000000006,mof_primitive
123.11600000000001,223.38,345.88839999999993,401.3469999999999,596.0,1080.0,1600.0,1588.0,16.0,32.0,48.0,58.0,80.0,192.0,256.0,250.0,7.848,16.847600000000003,24.2152,26.412200000000013,mof_primitive
