f-lig-chi-0,f-lig-chi-1,f-lig-chi-2,f-lig-chi-3,f-lig-Z-0,f-lig-Z-1,f-lig-Z-2,f-lig-Z-3,f-lig-I-0,f-lig-I-1,f-lig-I-2,f-lig-I-3,f-lig-T-0,f-lig-T-1,f-lig-T-2,f-lig-T-3,f-lig-S-0,f-lig-S-1,f-lig-S-2,f-lig-S-3,name
451.7649,942.6330000000006,1563.9426000000005,1895.6970000000003,1791.0,3852.0,5652.0,6444.0,69.0,144.0,240.0,294.0,384.0,942.0,1332.0,1650.0,28.058100000000003,68.00640000000004,102.17039999999999,122.83259999999994,mof_primitive
451.7649,942.6330000000006,1563.9426000000008,1895.6970000000006,1791.0,3852.0,5652.0,6444.0,69.0,144.0,240.0,294.0,384.0,942.0,1332.0,1650.0,28.058100000000003,68.00640000000003,102.17039999999999,122.83259999999993,mof_primitive
451.7649,942.6330000000006,1563.9426000000008,1895.6970000000006,1791.0,3852.0,5652.0,6444.0,69.0,144.0,240.0,294.0,384.0,942.0,1332.0,1650.0,28.058100000000003,68.00640000000003,102.17039999999999,122.83259999999993,mof_primitive
451.7649,942.6330000000006,1563.9426000000008,1895.6970000000006,1791.0,3852.0,5652.0,6444.0,69.0,144.0,240.0,294.0,384.0,942.0,1332.0,1650.0,28.058100000000003,68.00640000000003,102.17039999999999,122.83259999999993,mof_primitive
