f-chi-0-all,f-chi-1-all,f-chi-2-all,f-chi-3-all,f-Z-0-all,f-Z-1-all,f-Z-2-all,f-Z-3-all,f-I-0-all,f-I-1-all,f-I-2-all,f-I-3-all,f-T-0-all,f-T-1-all,f-T-2-all,f-T-3-all,f-S-0-all,f-S-1-all,f-S-2-all,f-S-3-all,mc-chi-0-all,mc-chi-1-all,mc-chi-2-all,mc-chi-3-all,mc-Z-0-all,mc-Z-1-all,mc-Z-2-all,mc-Z-3-all,mc-I-0-all,mc-I-1-all,mc-I-2-all,mc-I-3-all,mc-T-0-all,mc-T-1-all,mc-T-2-all,mc-T-3-all,mc-S-0-all,mc-S-1-all,mc-S-2-all,mc-S-3-all,D_mc-chi-0-all,D_mc-chi-1-all,D_mc-chi-2-all,D_mc-chi-3-all,D_mc-Z-0-all,D_mc-Z-1-all,D_mc-Z-2-all,D_mc-Z-3-all,D_mc-I-0-all,D_mc-I-1-all,D_mc-I-2-all,D_mc-I-3-all,D_mc-T-0-all,D_mc-T-1-all,D_mc-T-2-all,D_mc-T-3-all,D_mc-S-0-all,D_mc-S-1-all,D_mc-S-2-all,D_mc-S-3-all,name
223.20539999999997,400.41599999999977,1099.4024000000002,1124.1919999999996,2715.0,7920.0,11498.0,10848.0,27.0,72.0,128.0,154.0,236.0,758.0,1130.0,1076.0,23.12510000000001,67.53960000000002,105.87920000000001,106.799,1.0,18.06,12.712499999999999,25.9025,400.0,840.0,1065.0,1210.0,1.0,5.25,6.0,8.5,28.25,77.25,109.0,125.5,2.9240999999999997,6.553575000000001,9.798300000000001,10.86705,0.0,-12.81,-6.7124999999999995,-17.4025,0.0,63.0,66.75,109.5,0.0,0.0,0.0,0.0,0.0,14.0,11.5,22.0,0.0,5.1450000000000005,4.529999999999999,8.18,mof_primitive
223.20539999999997,400.41599999999977,1099.4024000000002,1124.1919999999996,2715.0,7920.0,11498.0,10848.0,27.0,72.0,128.0,154.0,236.0,758.0,1130.0,1076.0,23.125100000000007,67.53960000000002,105.8792,106.799,1.0,18.06,12.712499999999999,25.9025,400.0,840.0,1065.0,1210.0,1.0,5.25,6.0,8.5,28.25,77.25,109.0,125.5,2.9240999999999997,6.553575000000001,9.798300000000001,10.86705,0.0,-12.81,-6.7124999999999995,-17.4025,0.0,63.0,66.75,109.5,0.0,0.0,0.0,0.0,0.0,14.0,11.5,22.0,0.0,5.1450000000000005,4.529999999999999,8.18,mof_primitive
