f-lig-chi-0,f-lig-chi-1,f-lig-chi-2,f-lig-chi-3,f-lig-Z-0,f-lig-Z-1,f-lig-Z-2,f-lig-Z-3,f-lig-I-0,f-lig-I-1,f-lig-I-2,f-lig-I-3,f-lig-T-0,f-lig-T-1,f-lig-T-2,f-lig-T-3,f-lig-S-0,f-lig-S-1,f-lig-S-2,f-lig-S-3,name
278.49159999999995,579.9720000000001,971.7383999999996,1178.2290000000003,1120.0,2400.0,3576.0,4140.0,42.0,88.0,148.0,182.0,236.0,584.0,808.0,942.0,17.245800000000006,41.82640000000002,63.46280000000002,75.56060000000002,mof_primitive
105.7094,180.081,259.2904,266.095,476.0,792.0,1024.0,742.0,14.0,26.0,36.0,40.0,62.0,138.0,148.0,128.0,6.2366,12.705000000000002,15.929999999999998,14.455200000000001,mof_primitive
117.543,201.541,283.15840000000003,317.37739999999997,540.0,892.0,1204.0,1088.0,15.0,28.0,38.0,44.0,66.0,148.0,166.0,152.0,6.769499999999999,13.799600000000005,17.608600000000003,17.466800000000003,mof_primitive
246.12659999999994,508.4589999999999,827.3173999999997,1037.9332,1044.0,2188.0,3320.0,3892.0,36.0,76.0,124.0,158.0,200.0,500.0,718.0,844.0,15.512400000000001,37.207600000000006,56.698000000000015,68.71100000000003,mof_primitive
