f-lig-chi-0,f-lig-chi-1,f-lig-chi-2,f-lig-chi-3,f-lig-Z-0,f-lig-Z-1,f-lig-Z-2,f-lig-Z-3,f-lig-I-0,f-lig-I-1,f-lig-I-2,f-lig-I-3,f-lig-T-0,f-lig-T-1,f-lig-T-2,f-lig-T-3,f-lig-S-0,f-lig-S-1,f-lig-S-2,f-lig-S-3,name
63.8532,132.906,186.41,162.23720000000003,246.0,528.0,584.0,350.0,10.0,20.0,28.0,26.0,48.0,108.0,124.0,88.0,4.0442,9.2708,11.4908,8.543399999999998,mof_primitive
339.12519999999995,700.9100000000004,1035.1644,1418.5918000000004,1444.0,2912.0,4488.0,5740.0,48.0,100.0,152.0,206.0,252.0,628.0,936.0,1190.0,20.561600000000013,48.58120000000002,72.92720000000003,95.62860000000005,mof_primitive
142.3816,262.01599999999996,385.0564,479.12299999999993,676.0,1208.0,1816.0,2000.0,18.0,36.0,52.0,66.0,88.0,212.0,292.0,314.0,8.488199999999999,18.451600000000003,26.402,30.8178,mof_primitive
