f-lig-chi-0,f-lig-chi-1,f-lig-chi-2,f-lig-chi-3,f-lig-Z-0,f-lig-Z-1,f-lig-Z-2,f-lig-Z-3,f-lig-I-0,f-lig-I-1,f-lig-I-2,f-lig-I-3,f-lig-T-0,f-lig-T-1,f-lig-T-2,f-lig-T-3,f-lig-S-0,f-lig-S-1,f-lig-S-2,f-lig-S-3,name
327.3864,692.3250000000002,1075.2245999999996,1292.8080000000004,1410.0,3060.0,4356.0,4548.0,48.0,102.0,156.0,192.0,258.0,630.0,864.0,906.0,21.168000000000003,50.49660000000002,72.6396,80.8404,mof_primitive
327.3864,692.3250000000003,1075.2245999999998,1292.808,1410.0,3060.0,4356.0,4548.0,48.0,102.0,156.0,192.0,258.0,630.0,864.0,906.0,21.168000000000003,50.49660000000002,72.63960000000002,80.84040000000002,mof_primitive
327.3864,692.3250000000004,1075.2245999999998,1292.8080000000002,1410.0,3060.0,4356.0,4548.0,48.0,102.0,156.0,192.0,258.0,630.0,864.0,906.0,21.16800000000001,50.49660000000003,72.6396,80.84039999999999,mof_primitive
327.3863999999999,692.3250000000004,1075.2246,1292.8080000000002,1410.0,3060.0,4356.0,4548.0,48.0,102.0,156.0,192.0,258.0,630.0,864.0,906.0,21.16800000000002,50.49660000000002,72.63959999999999,80.84040000000002,mof_primitive
