f-lig-chi-0,f-lig-chi-1,f-lig-chi-2,f-lig-chi-3,f-lig-Z-0,f-lig-Z-1,f-lig-Z-2,f-lig-Z-3,f-lig-I-0,f-lig-I-1,f-lig-I-2,f-lig-I-3,f-lig-T-0,f-lig-T-1,f-lig-T-2,f-lig-T-3,f-lig-S-0,f-lig-S-1,f-lig-S-2,f-lig-S-3,name
280.2595,555.4409999999999,895.2419999999998,1089.9439999999995,1303.0,2604.0,3978.0,4190.0,38.0,80.0,126.0,162.0,206.0,516.0,758.0,842.0,17.8854,41.210400000000014,62.339800000000025,72.93460000000002,mof_primitive
280.2595,555.4409999999999,895.2419999999998,1089.9439999999995,1303.0,2604.0,3978.0,4190.0,38.0,80.0,126.0,162.0,206.0,516.0,758.0,842.0,17.8854,41.210400000000014,62.339800000000025,72.93460000000002,mof_primitive
280.2595,555.4409999999999,895.242,1089.9439999999995,1303.0,2604.0,3978.0,4190.0,38.0,80.0,126.0,162.0,206.0,516.0,758.0,842.0,17.8854,41.210400000000014,62.339800000000025,72.9346,mof_primitive
280.2595,555.4409999999999,895.242,1089.9439999999995,1303.0,2604.0,3978.0,4190.0,38.0,80.0,126.0,162.0,206.0,516.0,758.0,842.0,17.8854,41.210400000000014,62.339800000000025,72.9346,mof_primitive
280.2595,555.4409999999999,895.242,1089.944,1303.0,2604.0,3978.0,4190.0,38.0,80.0,126.0,162.0,206.0,516.0,758.0,842.0,17.8854,41.21040000000002,62.33980000000002,72.93460000000002,mof_primitive
280.2595,555.4409999999999,895.242,1089.9439999999997,1303.0,2604.0,3978.0,4190.0,38.0,80.0,126.0,162.0,206.0,516.0,758.0,842.0,17.885400000000004,41.21040000000002,62.339800000000004,72.93460000000003,mof_primitive
280.2595,555.4409999999999,895.242,1089.9440000000002,1303.0,2604.0,3978.0,4190.0,38.0,80.0,126.0,162.0,206.0,516.0,758.0,842.0,17.885400000000008,41.21040000000002,62.3398,72.93460000000002,mof_primitive
280.2595,555.4409999999999,895.242,1089.944,1303.0,2604.0,3978.0,4190.0,38.0,80.0,126.0,162.0,206.0,516.0,758.0,842.0,17.885400000000008,41.21040000000002,62.339800000000004,72.93460000000002,mof_primitive
