f-chi-0-all,f-chi-1-all,f-chi-2-all,f-chi-3-all,f-Z-0-all,f-Z-1-all,f-Z-2-all,f-Z-3-all,f-I-0-all,f-I-1-all,f-I-2-all,f-I-3-all,f-T-0-all,f-T-1-all,f-T-2-all,f-T-3-all,f-S-0-all,f-S-1-all,f-S-2-all,f-S-3-all,mc-chi-0-all,mc-chi-1-all,mc-chi-2-all,mc-chi-3-all,mc-Z-0-all,mc-Z-1-all,mc-Z-2-all,mc-Z-3-all,mc-I-0-all,mc-I-1-all,mc-I-2-all,mc-I-3-all,mc-T-0-all,mc-T-1-all,mc-T-2-all,mc-T-3-all,mc-S-0-all,mc-S-1-all,mc-S-2-all,mc-S-3-all,D_mc-chi-0-all,D_mc-chi-1-all,D_mc-chi-2-all,D_mc-chi-3-all,D_mc-Z-0-all,D_mc-Z-1-all,D_mc-Z-2-all,D_mc-Z-3-all,D_mc-I-0-all,D_mc-I-1-all,D_mc-I-2-all,D_mc-I-3-all,D_mc-T-0-all,D_mc-T-1-all,D_mc-T-2-all,D_mc-T-3-all,D_mc-S-0-all,D_mc-S-1-all,D_mc-S-2-all,D_mc-S-3-all,name
524.1603999999999,1057.123199999999,3492.368399999999,4772.391999999999,18200.0,35168.0,62680.0,61152.0,64.0,168.0,400.0,608.0,576.0,1824.0,3508.0,4264.0,45.96439999999996,140.8456,291.37559999999985,401.2352000000001,1.3688999999999998,31.2624,31.203899999999997,65.26259999999999,3844.0,3844.0,7564.0,8060.0,1.0,8.0,11.0,18.0,64.0,160.0,304.0,328.0,2.9584,10.1136,16.202400000000004,23.082400000000003,0.0,-17.36,-13.799999999999995,-34.72,0.0,434.0,560.0,986.0,0.0,0.0,0.0,0.0,0.0,44.0,50.0,103.0,0.0,7.88,9.5,17.54,mof_primitive
524.1603999999999,1057.1231999999993,3492.368399999999,4772.391999999999,18200.0,35168.0,62680.0,61152.0,64.0,168.0,400.0,608.0,576.0,1824.0,3508.0,4264.0,45.96439999999996,140.8456,291.37559999999985,401.2352000000001,1.3688999999999998,31.262399999999996,31.203899999999994,65.26259999999999,3844.0,3844.0,7564.0,8060.0,1.0,8.0,11.0,18.0,64.0,160.0,304.0,328.0,2.9583999999999997,10.1136,16.202400000000004,23.082400000000003,0.0,-17.36,-13.799999999999997,-34.72,0.0,434.0,560.0,986.0,0.0,0.0,0.0,0.0,0.0,44.0,50.0,103.0,0.0,7.88,9.5,17.54,mof_primitive
