f-lig-chi-0,f-lig-chi-1,f-lig-chi-2,f-lig-chi-3,f-lig-Z-0,f-lig-Z-1,f-lig-Z-2,f-lig-Z-3,f-lig-I-0,f-lig-I-1,f-lig-I-2,f-lig-I-3,f-lig-T-0,f-lig-T-1,f-lig-T-2,f-lig-T-3,f-lig-S-0,f-lig-S-1,f-lig-S-2,f-lig-S-3,name
183.55659999999995,350.8762,592.442,669.1389999999998,1070.0,2212.0,2860.0,3072.0,24.0,50.0,82.0,98.0,136.0,346.0,466.0,530.0,11.521100000000004,26.968200000000007,39.941599999999994,45.63460000000001,mof_primitive
154.40439999999998,306.56100000000004,486.2404000000001,592.682,694.0,1392.0,2080.0,2264.0,22.0,46.0,72.0,92.0,118.0,294.0,424.0,476.0,10.0678,23.33100000000001,34.81040000000001,40.55000000000001,mof_primitive
141.3994,280.55100000000004,453.5804,514.8969999999998,622.0,1248.0,1796.0,1882.0,20.0,42.0,68.0,80.0,114.0,292.0,388.0,412.0,8.882,20.959400000000006,30.614800000000006,33.7552,mof_primitive
141.39939999999999,280.55100000000004,453.5804,514.8969999999998,622.0,1248.0,1796.0,1882.0,20.0,42.0,68.0,80.0,114.0,292.0,388.0,412.0,8.882,20.959400000000006,30.614800000000006,33.755199999999995,mof_primitive
183.55659999999995,350.8762,592.442,669.1389999999998,1070.0,2212.0,2860.0,3072.0,24.0,50.0,82.0,98.0,136.0,346.0,466.0,530.0,11.521100000000004,26.968200000000007,39.941599999999994,45.63460000000001,mof_primitive
163.40019999999998,298.707,489.89239999999995,591.3657999999998,782.0,1440.0,2180.0,2618.0,20.0,42.0,68.0,80.0,114.0,292.0,388.0,412.0,9.6164,22.00660000000001,32.7092,37.63120000000001,mof_primitive
