f-lig-chi-0,f-lig-chi-1,f-lig-chi-2,f-lig-chi-3,f-lig-Z-0,f-lig-Z-1,f-lig-Z-2,f-lig-Z-3,f-lig-I-0,f-lig-I-1,f-lig-I-2,f-lig-I-3,f-lig-T-0,f-lig-T-1,f-lig-T-2,f-lig-T-3,f-lig-S-0,f-lig-S-1,f-lig-S-2,f-lig-S-3,name
190.09439999999995,394.02599999999995,635.1604,799.4869999999999,840.0,1776.0,2704.0,3008.0,28.0,60.0,96.0,126.0,156.0,396.0,592.0,686.0,12.7132,30.39960000000001,46.57600000000001,55.78060000000002,mof_primitive
135.8791,232.08999999999997,332.8355999999999,370.768,640.0,1060.0,1476.0,1384.0,17.0,32.0,44.0,52.0,76.0,172.0,200.0,196.0,7.895299999999999,16.109600000000007,21.045999999999996,22.142000000000003,mof_primitive
135.9735,246.90499999999997,372.4713999999999,393.2049999999999,564.0,998.0,1312.0,1120.0,19.0,36.0,54.0,60.0,90.0,204.0,234.0,244.0,7.8027,16.709600000000005,21.912199999999995,22.230000000000004,mof_primitive
220.26409999999993,446.0349999999999,708.7055999999999,902.9139999999998,1004.0,2044.0,3156.0,3610.0,31.0,66.0,104.0,138.0,170.0,430.0,644.0,770.0,14.3719,33.80420000000001,51.69200000000001,63.53140000000002,mof_primitive
