f-chi-0-all,f-chi-1-all,f-chi-2-all,f-chi-3-all,f-Z-0-all,f-Z-1-all,f-Z-2-all,f-Z-3-all,f-I-0-all,f-I-1-all,f-I-2-all,f-I-3-all,f-T-0-all,f-T-1-all,f-T-2-all,f-T-3-all,f-S-0-all,f-S-1-all,f-S-2-all,f-S-3-all,mc-chi-0-all,mc-chi-1-all,mc-chi-2-all,mc-chi-3-all,mc-Z-0-all,mc-Z-1-all,mc-Z-2-all,mc-Z-3-all,mc-I-0-all,mc-I-1-all,mc-I-2-all,mc-I-3-all,mc-T-0-all,mc-T-1-all,mc-T-2-all,mc-T-3-all,mc-S-0-all,mc-S-1-all,mc-S-2-all,mc-S-3-all,D_mc-chi-0-all,D_mc-chi-1-all,D_mc-chi-2-all,D_mc-chi-3-all,D_mc-Z-0-all,D_mc-Z-1-all,D_mc-Z-2-all,D_mc-Z-3-all,D_mc-I-0-all,D_mc-I-1-all,D_mc-I-2-all,D_mc-I-3-all,D_mc-T-0-all,D_mc-T-1-all,D_mc-T-2-all,D_mc-T-3-all,D_mc-S-0-all,D_mc-S-1-all,D_mc-S-2-all,D_mc-S-3-all,name
158.14469999999997,333.1295999999999,795.2401999999998,666.5343999999998,2388.0,6336.0,8096.0,6656.0,17.0,44.0,78.0,80.0,142.0,424.0,578.0,480.0,11.221699999999998,32.4412,49.80939999999998,50.107200000000006,3.6481,39.422399999999996,23.1301,45.7636,784.0,1344.0,1456.0,1568.0,1.0,6.0,5.0,8.0,36.0,84.0,108.0,120.0,1.4641,5.2998,5.1909,7.260000000000001,0.0,-9.18,-2.5599999999999996,-8.68,0.0,120.0,88.0,168.0,0.0,0.0,0.0,0.0,0.0,22.0,12.0,28.0,0.0,2.88,1.7599999999999998,3.6799999999999997,mof_primitive
158.14469999999997,333.1295999999999,795.2401999999998,666.5343999999998,2388.0,6336.0,8096.0,6656.0,17.0,44.0,78.0,80.0,142.0,424.0,578.0,480.0,11.221699999999997,32.4412,49.80939999999998,50.10720000000002,3.6481,39.422399999999996,23.1301,45.7636,784.0,1344.0,1456.0,1568.0,1.0,6.0,5.0,8.0,36.0,84.0,108.0,120.0,1.4641,5.2998,5.1909,7.260000000000001,0.0,-9.18,-2.5599999999999996,-8.68,0.0,120.0,88.0,168.0,0.0,0.0,0.0,0.0,0.0,22.0,12.0,28.0,0.0,2.88,1.7599999999999998,3.6799999999999997,mof_primitive
