f-lig-chi-0,f-lig-chi-1,f-lig-chi-2,f-lig-chi-3,f-lig-Z-0,f-lig-Z-1,f-lig-Z-2,f-lig-Z-3,f-lig-I-0,f-lig-I-1,f-lig-I-2,f-lig-I-3,f-lig-T-0,f-lig-T-1,f-lig-T-2,f-lig-T-3,f-lig-S-0,f-lig-S-1,f-lig-S-2,f-lig-S-3,name
190.09439999999995,394.026,635.1604,799.487,840.0,1776.0,2704.0,3008.0,28.0,60.0,96.0,126.0,156.0,396.0,592.0,686.0,12.7132,30.399600000000014,46.57600000000001,55.780600000000014,mof_primitive
111.0405,189.15899999999996,288.50139999999993,264.3574,504.0,840.0,1126.0,1048.0,14.0,26.0,38.0,34.0,64.0,136.0,142.0,142.0,6.1766000000000005,12.581800000000001,16.0158,15.209799999999998,mof_primitive
18.4832,18.4832,0.0,0.0,98.0,98.0,0.0,0.0,2.0,2.0,0.0,0.0,2.0,2.0,0.0,0.0,1.125,1.125,0.0,0.0,mof_primitive
