f-lig-chi-0,f-lig-chi-1,f-lig-chi-2,f-lig-chi-3,f-lig-Z-0,f-lig-Z-1,f-lig-Z-2,f-lig-Z-3,f-lig-I-0,f-lig-I-1,f-lig-I-2,f-lig-I-3,f-lig-T-0,f-lig-T-1,f-lig-T-2,f-lig-T-3,f-lig-S-0,f-lig-S-1,f-lig-S-2,f-lig-S-3,name
134.2671,255.77479999999997,434.37159999999994,528.2402000000001,753.0,1628.0,1870.0,1664.0,19.0,38.0,62.0,78.0,100.0,246.0,320.0,310.0,8.333400000000001,19.568200000000008,28.155,29.466999999999995,mof_primitive
134.2671,255.77479999999997,434.37159999999994,528.2402000000001,753.0,1628.0,1870.0,1664.0,19.0,38.0,62.0,78.0,100.0,246.0,320.0,310.0,8.333400000000001,19.568200000000008,28.155,29.466999999999995,mof_primitive
134.2671,255.77479999999997,434.37159999999994,528.2402000000001,753.0,1628.0,1870.0,1664.0,19.0,38.0,62.0,78.0,100.0,246.0,320.0,310.0,8.333400000000001,19.568200000000008,28.155,29.466999999999995,mof_primitive
134.2671,255.77479999999997,434.37159999999994,528.2402000000001,753.0,1628.0,1870.0,1664.0,19.0,38.0,62.0,78.0,100.0,246.0,320.0,310.0,8.333400000000001,19.568200000000008,28.155,29.466999999999995,mof_primitive
60.33939999999999,83.18099999999998,117.51039999999998,94.66879999999999,328.0,456.0,640.0,512.0,6.0,10.0,12.0,8.0,22.0,42.0,28.0,8.0,3.3173999999999992,5.682600000000001,6.628399999999999,4.263199999999999,mof_primitive
60.33939999999999,83.18099999999998,117.51039999999998,94.66879999999999,328.0,456.0,640.0,512.0,6.0,10.0,12.0,8.0,22.0,42.0,28.0,8.0,3.3173999999999992,5.682600000000001,6.628399999999999,4.263199999999999,mof_primitive
60.33939999999999,83.18099999999998,117.51039999999998,94.66879999999999,328.0,456.0,640.0,512.0,6.0,10.0,12.0,8.0,22.0,42.0,28.0,8.0,3.3173999999999992,5.682600000000001,6.628399999999999,4.263199999999999,mof_primitive
60.33939999999999,83.18099999999998,117.51039999999998,94.66879999999999,328.0,456.0,640.0,512.0,6.0,10.0,12.0,8.0,22.0,42.0,28.0,8.0,3.3173999999999992,5.682600000000001,6.628399999999999,4.263199999999999,mof_primitive
