f-lig-chi-0,f-lig-chi-1,f-lig-chi-2,f-lig-chi-3,f-lig-Z-0,f-lig-Z-1,f-lig-Z-2,f-lig-Z-3,f-lig-I-0,f-lig-I-1,f-lig-I-2,f-lig-I-3,f-lig-T-0,f-lig-T-1,f-lig-T-2,f-lig-T-3,f-lig-S-0,f-lig-S-1,f-lig-S-2,f-lig-S-3,name
259.13159999999993,548.097,913.3924,1084.238,1116.0,2424.0,3724.0,4448.0,38.0,82.0,136.0,164.0,218.0,542.0,808.0,1004.0,16.698200000000003,40.73300000000002,63.16400000000001,77.83400000000003,mof_primitive
83.0244,131.63099999999997,188.4004,175.84500000000003,402.0,624.0,832.0,546.0,10.0,18.0,24.0,24.0,42.0,90.0,88.0,64.0,4.776999999999999,9.193800000000001,11.279200000000001,9.2568,mof_primitive
18.4832,18.4832,0.0,0.0,98.0,98.0,0.0,0.0,2.0,2.0,0.0,0.0,2.0,2.0,0.0,0.0,1.125,1.125,0.0,0.0,mof_primitive
