f-lig-chi-0,f-lig-chi-1,f-lig-chi-2,f-lig-chi-3,f-lig-Z-0,f-lig-Z-1,f-lig-Z-2,f-lig-Z-3,f-lig-I-0,f-lig-I-1,f-lig-I-2,f-lig-I-3,f-lig-T-0,f-lig-T-1,f-lig-T-2,f-lig-T-3,f-lig-S-0,f-lig-S-1,f-lig-S-2,f-lig-S-3,name
291.49659999999994,605.9820000000002,980.9783999999997,1192.3679999999997,1192.0,2544.0,3636.0,3846.0,44.0,92.0,148.0,186.0,240.0,592.0,828.0,924.0,18.431600000000007,44.198000000000015,65.23880000000003,74.45540000000004,mof_primitive
135.2332,307.8360000000001,484.936,583.6942000000001,538.0,1296.0,1852.0,1936.0,22.0,48.0,76.0,94.0,124.0,312.0,452.0,476.0,9.334999999999999,23.408000000000005,34.99000000000001,38.57740000000001,mof_primitive
291.4966,605.9820000000003,980.9784000000003,1192.3680000000002,1192.0,2544.0,3636.0,3846.0,44.0,92.0,148.0,186.0,240.0,592.0,828.0,924.0,18.43160000000002,44.19800000000002,65.2388,74.4554,mof_primitive
135.2332,307.8360000000001,484.9360000000002,583.6942,538.0,1296.0,1852.0,1936.0,22.0,48.0,76.0,94.0,124.0,312.0,452.0,476.0,9.335000000000004,23.408000000000005,34.99,38.57739999999998,mof_primitive
291.4965999999999,605.9820000000003,980.9784000000002,1192.3680000000002,1192.0,2544.0,3636.0,3846.0,44.0,92.0,148.0,186.0,240.0,592.0,828.0,924.0,18.431600000000014,44.198000000000015,65.23880000000001,74.45540000000001,mof_primitive
291.49659999999994,605.9820000000003,980.9784000000002,1192.3680000000002,1192.0,2544.0,3636.0,3846.0,44.0,92.0,148.0,186.0,240.0,592.0,828.0,924.0,18.431600000000014,44.19800000000002,65.23880000000001,74.45540000000001,mof_primitive
135.2332,307.8360000000001,484.9360000000001,583.6941999999999,538.0,1296.0,1852.0,1936.0,22.0,48.0,76.0,94.0,124.0,312.0,452.0,476.0,9.335000000000003,23.408000000000005,34.99,38.57739999999999,mof_primitive
