f-lig-chi-0,f-lig-chi-1,f-lig-chi-2,f-lig-chi-3,f-lig-Z-0,f-lig-Z-1,f-lig-Z-2,f-lig-Z-3,f-lig-I-0,f-lig-I-1,f-lig-I-2,f-lig-I-3,f-lig-T-0,f-lig-T-1,f-lig-T-2,f-lig-T-3,f-lig-S-0,f-lig-S-1,f-lig-S-2,f-lig-S-3,name
233.60460000000003,531.5432000000002,1011.7727999999998,1497.2320000000002,816.0,2018.0,3276.0,3700.0,38.0,82.0,160.0,248.0,242.0,684.0,1200.0,1468.0,14.139800000000001,37.161000000000016,65.37600000000002,88.70240000000001,mof_primitive
233.60460000000003,531.5432000000002,1011.7727999999998,1497.2320000000002,816.0,2018.0,3276.0,3700.0,38.0,82.0,160.0,248.0,242.0,684.0,1200.0,1468.0,14.139800000000001,37.161000000000016,65.37600000000002,88.70240000000001,mof_primitive
233.60460000000003,531.5432000000002,1011.7727999999995,1497.2320000000004,816.0,2018.0,3276.0,3700.0,38.0,82.0,160.0,248.0,242.0,684.0,1200.0,1468.0,14.1398,37.16100000000002,65.37599999999999,88.70240000000001,mof_primitive
233.60460000000003,550.0264000000002,1042.7807999999993,1492.9760000000006,816.0,2116.0,3444.0,3560.0,38.0,84.0,164.0,248.0,248.0,704.0,1240.0,1480.0,14.1398,38.28600000000002,67.68599999999999,87.50240000000001,mof_primitive
