f-lig-chi-0,f-lig-chi-1,f-lig-chi-2,f-lig-chi-3,f-lig-Z-0,f-lig-Z-1,f-lig-Z-2,f-lig-Z-3,f-lig-I-0,f-lig-I-1,f-lig-I-2,f-lig-I-3,f-lig-T-0,f-lig-T-1,f-lig-T-2,f-lig-T-3,f-lig-S-0,f-lig-S-1,f-lig-S-2,f-lig-S-3,name
202.4191,391.88399999999996,619.4556,759.268,931.0,1812.0,2712.0,2884.0,28.0,58.0,90.0,116.0,148.0,366.0,522.0,580.0,13.0492,29.706600000000005,44.00740000000002,51.42920000000001,mof_primitive
202.4191,391.88399999999996,619.4556,759.268,931.0,1812.0,2712.0,2884.0,28.0,58.0,90.0,116.0,148.0,366.0,522.0,580.0,13.0492,29.706600000000005,44.00740000000002,51.42920000000001,mof_primitive
202.4191,391.88399999999996,619.4556,759.268,931.0,1812.0,2712.0,2884.0,28.0,58.0,90.0,116.0,148.0,366.0,522.0,580.0,13.0492,29.706600000000005,44.00740000000002,51.42920000000001,mof_primitive
202.41910000000001,391.88399999999996,619.4555999999999,759.268,931.0,1812.0,2712.0,2884.0,28.0,58.0,90.0,116.0,148.0,366.0,522.0,580.0,13.049199999999999,29.706600000000012,44.00740000000002,51.429200000000016,mof_primitive
534.2828,1234.2000000000005,2036.8959999999997,2474.2160000000003,2012.0,4992.0,7408.0,8072.0,88.0,192.0,320.0,400.0,512.0,1296.0,1920.0,2208.0,35.516000000000005,91.04480000000001,140.7887999999999,166.2272,mof_primitive
