f-lig-chi-0,f-lig-chi-1,f-lig-chi-2,f-lig-chi-3,f-lig-Z-0,f-lig-Z-1,f-lig-Z-2,f-lig-Z-3,f-lig-I-0,f-lig-I-1,f-lig-I-2,f-lig-I-3,f-lig-T-0,f-lig-T-1,f-lig-T-2,f-lig-T-3,f-lig-S-0,f-lig-S-1,f-lig-S-2,f-lig-S-3,name
170.4394,347.871,678.9604,1034.3129999999999,628.0,1320.0,2236.0,2688.0,26.0,54.0,108.0,170.0,162.0,456.0,768.0,848.0,9.7034,24.378200000000003,43.290800000000004,59.54180000000002,mof_primitive
141.39939999999999,280.55099999999993,453.58039999999994,514.8969999999999,622.0,1248.0,1796.0,1882.0,20.0,42.0,68.0,80.0,114.0,292.0,388.0,412.0,8.882000000000001,20.9594,30.6148,33.75520000000001,mof_primitive
201.73879999999997,384.5689999999999,602.2108,751.7779999999998,950.0,1784.0,2710.0,3068.0,26.0,54.0,84.0,108.0,142.0,364.0,506.0,586.0,12.199399999999999,27.768600000000006,41.1428,50.0172,mof_primitive
141.39939999999999,280.55099999999993,453.58039999999994,514.8969999999999,622.0,1248.0,1796.0,1882.0,20.0,42.0,68.0,80.0,114.0,292.0,388.0,412.0,8.882000000000001,20.9594,30.6148,33.75520000000001,mof_primitive
141.39939999999999,280.55099999999993,453.5804,514.8969999999999,622.0,1248.0,1796.0,1882.0,20.0,42.0,68.0,80.0,114.0,292.0,388.0,412.0,8.882000000000001,20.959400000000002,30.6148,33.75520000000001,mof_primitive
141.39939999999999,280.55099999999993,453.58039999999994,514.8969999999999,622.0,1248.0,1796.0,1882.0,20.0,42.0,68.0,80.0,114.0,292.0,388.0,412.0,8.882000000000001,20.9594,30.6148,33.75520000000001,mof_primitive
