f-lig-chi-0,f-lig-chi-1,f-lig-chi-2,f-lig-chi-3,f-lig-Z-0,f-lig-Z-1,f-lig-Z-2,f-lig-Z-3,f-lig-I-0,f-lig-I-1,f-lig-I-2,f-lig-I-3,f-lig-T-0,f-lig-T-1,f-lig-T-2,f-lig-T-3,f-lig-S-0,f-lig-S-1,f-lig-S-2,f-lig-S-3,name
559.9152000000001,1209.9239999999993,1958.0048000000006,2458.3959999999984,2460.0,5472.0,8384.0,9256.0,84.0,184.0,296.0,384.0,480.0,1224.0,1832.0,2096.0,38.25799999999999,93.5704,144.46479999999994,170.78079999999997,mof_primitive
298.44079999999997,658.9710000000002,1085.9687999999996,1421.3199999999995,1328.0,3024.0,4728.0,5836.0,44.0,98.0,160.0,212.0,258.0,666.0,1024.0,1216.0,20.25400000000001,50.15780000000002,79.04160000000002,99.0372,mof_primitive
