f-chi-0-all,f-chi-1-all,f-chi-2-all,f-chi-3-all,f-Z-0-all,f-Z-1-all,f-Z-2-all,f-Z-3-all,f-I-0-all,f-I-1-all,f-I-2-all,f-I-3-all,f-T-0-all,f-T-1-all,f-T-2-all,f-T-3-all,f-S-0-all,f-S-1-all,f-S-2-all,f-S-3-all,mc-chi-0-all,mc-chi-1-all,mc-chi-2-all,mc-chi-3-all,mc-Z-0-all,mc-Z-1-all,mc-Z-2-all,mc-Z-3-all,mc-I-0-all,mc-I-1-all,mc-I-2-all,mc-I-3-all,mc-T-0-all,mc-T-1-all,mc-T-2-all,mc-T-3-all,mc-S-0-all,mc-S-1-all,mc-S-2-all,mc-S-3-all,D_mc-chi-0-all,D_mc-chi-1-all,D_mc-chi-2-all,D_mc-chi-3-all,D_mc-Z-0-all,D_mc-Z-1-all,D_mc-Z-2-all,D_mc-Z-3-all,D_mc-I-0-all,D_mc-I-1-all,D_mc-I-2-all,D_mc-I-3-all,D_mc-T-0-all,D_mc-T-1-all,D_mc-T-2-all,D_mc-T-3-all,D_mc-S-0-all,D_mc-S-1-all,D_mc-S-2-all,D_mc-S-3-all,name
249.7837999999999,527.488,1217.1101999999998,1657.536,4364.0,10176.0,18816.0,18836.0,30.0,72.0,140.0,212.0,224.0,696.0,1166.0,1296.0,19.579000000000008,52.3712,96.1308,127.16520000000001,3.6481,32.47,34.905249999999995,78.76839999999999,784.0,1106.0,2674.0,2576.0,1.0,5.0,8.0,13.5,25.0,72.5,130.0,175.0,1.4641,4.428599999999999,8.0586,11.70675,0.0,-7.45,-2.994999999999999,-15.454999999999998,0.0,100.5,128.5,286.0,0.0,0.0,0.0,0.0,0.0,10.5,14.0,32.5,0.0,2.3899999999999997,3.0199999999999996,6.659999999999999,mof_primitive
327.5187999999999,734.2929999999999,1597.3201999999997,2188.928,4588.0,10920.0,20072.0,21692.0,44.0,106.0,200.0,304.0,318.0,954.0,1626.0,2012.0,24.231600000000018,67.60180000000001,121.66640000000002,167.17200000000003,3.6481,32.47,34.905249999999995,78.76839999999999,784.0,1106.0,2674.0,2576.0,1.0,5.0,8.0,13.5,25.0,72.5,130.0,175.0,1.4641,4.428599999999999,8.0586,11.70675,0.0,-7.45,-2.994999999999999,-15.454999999999998,0.0,100.5,128.5,286.0,0.0,0.0,0.0,0.0,0.0,10.5,14.0,32.5,0.0,2.3899999999999997,3.0199999999999996,6.659999999999999,mof_primitive
