f-lig-chi-0,f-lig-chi-1,f-lig-chi-2,f-lig-chi-3,f-lig-Z-0,f-lig-Z-1,f-lig-Z-2,f-lig-Z-3,f-lig-I-0,f-lig-I-1,f-lig-I-2,f-lig-I-3,f-lig-T-0,f-lig-T-1,f-lig-T-2,f-lig-T-3,f-lig-S-0,f-lig-S-1,f-lig-S-2,f-lig-S-3,name
450.39699999999993,957.8310000000005,1639.6791999999998,2177.896,1858.0,4080.0,6412.0,8044.0,68.0,146.0,252.0,340.0,398.0,1026.0,1528.0,1836.0,28.832400000000014,71.10180000000004,113.07639999999998,144.55640000000002,mof_primitive
93.31559999999999,141.42299999999994,207.98439999999994,222.34740000000002,978.0,1008.0,1600.0,2530.0,10.0,18.0,24.0,24.0,42.0,90.0,88.0,64.0,6.463399999999999,11.103400000000002,15.098400000000002,16.4736,mof_primitive
18.4832,18.4832,0.0,0.0,98.0,98.0,0.0,0.0,2.0,2.0,0.0,0.0,2.0,2.0,0.0,0.0,1.125,1.125,0.0,0.0,mof_primitive
