f-lig-chi-0,f-lig-chi-1,f-lig-chi-2,f-lig-chi-3,f-lig-Z-0,f-lig-Z-1,f-lig-Z-2,f-lig-Z-3,f-lig-I-0,f-lig-I-1,f-lig-I-2,f-lig-I-3,f-lig-T-0,f-lig-T-1,f-lig-T-2,f-lig-T-3,f-lig-S-0,f-lig-S-1,f-lig-S-2,f-lig-S-3,name
203.00459999999998,406.3170000000001,646.0194000000001,754.1090000000002,882.0,1788.0,2550.0,2606.0,29.0,60.0,94.0,114.0,154.0,374.0,514.0,546.0,12.759700000000002,29.598800000000008,42.911,47.643800000000006,mof_primitive
203.0046,406.317,646.0194,754.1089999999999,882.0,1788.0,2550.0,2606.0,29.0,60.0,94.0,114.0,154.0,374.0,514.0,546.0,12.759700000000002,29.598800000000004,42.91100000000001,47.6438,mof_primitive
203.00459999999998,406.31699999999995,646.0194,754.1090000000002,882.0,1788.0,2550.0,2606.0,29.0,60.0,94.0,114.0,154.0,374.0,514.0,546.0,12.759700000000002,29.598800000000004,42.911,47.643800000000006,mof_primitive
203.00459999999998,406.31700000000006,646.0194,754.109,882.0,1788.0,2550.0,2606.0,29.0,60.0,94.0,114.0,154.0,374.0,514.0,546.0,12.7597,29.59880000000001,42.91100000000001,47.64380000000002,mof_primitive
203.00459999999998,406.31700000000006,646.0194000000001,754.109,882.0,1788.0,2550.0,2606.0,29.0,60.0,94.0,114.0,154.0,374.0,514.0,546.0,12.759700000000002,29.59880000000001,42.911,47.64380000000003,mof_primitive
203.0046,406.31700000000006,646.0194,754.109,882.0,1788.0,2550.0,2606.0,29.0,60.0,94.0,114.0,154.0,374.0,514.0,546.0,12.759700000000002,29.59880000000001,42.911,47.64380000000001,mof_primitive
