f-lig-chi-0,f-lig-chi-1,f-lig-chi-2,f-lig-chi-3,f-lig-Z-0,f-lig-Z-1,f-lig-Z-2,f-lig-Z-3,f-lig-I-0,f-lig-I-1,f-lig-I-2,f-lig-I-3,f-lig-T-0,f-lig-T-1,f-lig-T-2,f-lig-T-3,f-lig-S-0,f-lig-S-1,f-lig-S-2,f-lig-S-3,name
165.40479999999997,315.639,504.39639999999997,627.7479999999999,774.0,1488.0,2272.0,2568.0,22.0,46.0,72.0,92.0,118.0,294.0,424.0,476.0,10.435,23.85460000000001,35.85760000000001,42.37240000000001,mof_primitive
154.40439999999995,306.561,486.24039999999997,592.6819999999999,694.0,1392.0,2080.0,2264.0,22.0,46.0,72.0,92.0,118.0,294.0,424.0,476.0,10.067800000000002,23.331000000000003,34.81040000000001,40.55000000000001,mof_primitive
154.40439999999995,306.561,486.24039999999997,592.6819999999999,694.0,1392.0,2080.0,2264.0,22.0,46.0,72.0,92.0,118.0,294.0,424.0,476.0,10.067800000000002,23.331000000000007,34.8104,40.55000000000001,mof_primitive
73.3444,109.19099999999999,143.52039999999997,83.18099999999998,400.0,600.0,784.0,456.0,8.0,14.0,16.0,10.0,30.0,56.0,44.0,34.0,4.5032000000000005,8.0542,9.0,5.682600000000001,mof_primitive
73.3444,109.19099999999996,143.52039999999997,83.18099999999998,400.0,600.0,784.0,456.0,8.0,14.0,16.0,10.0,30.0,56.0,44.0,34.0,4.5032,8.054200000000002,9.0,5.682600000000001,mof_primitive
73.3444,109.19099999999999,143.52039999999997,83.18099999999998,400.0,600.0,784.0,456.0,8.0,14.0,16.0,10.0,30.0,56.0,44.0,34.0,4.5032,8.0542,9.0,5.682600000000001,mof_primitive
