f-lig-chi-0,f-lig-chi-1,f-lig-chi-2,f-lig-chi-3,f-lig-Z-0,f-lig-Z-1,f-lig-Z-2,f-lig-Z-3,f-lig-I-0,f-lig-I-1,f-lig-I-2,f-lig-I-3,f-lig-T-0,f-lig-T-1,f-lig-T-2,f-lig-T-3,f-lig-S-0,f-lig-S-1,f-lig-S-2,f-lig-S-3,name
274.68940000000003,558.3588,863.5696,979.6402000000002,1288.0,2628.0,3820.0,3856.0,36.0,76.0,116.0,138.0,192.0,472.0,668.0,698.0,17.093200000000003,39.182,57.3684,63.04580000000003,mof_primitive
274.68940000000003,558.3588,863.5696,979.6402000000004,1288.0,2628.0,3820.0,3856.0,36.0,76.0,116.0,138.0,192.0,472.0,668.0,698.0,17.093200000000003,39.18200000000001,57.3684,63.04580000000004,mof_primitive
274.68940000000003,558.3588000000001,863.5696000000002,979.6402,1288.0,2628.0,3820.0,3856.0,36.0,76.0,116.0,138.0,192.0,472.0,668.0,698.0,17.093200000000003,39.18200000000001,57.36839999999999,63.04580000000004,mof_primitive
274.68940000000003,558.3588,863.5696000000002,979.6402000000002,1288.0,2628.0,3820.0,3856.0,36.0,76.0,116.0,138.0,192.0,472.0,668.0,698.0,17.093200000000003,39.182,57.36840000000001,63.04580000000004,mof_primitive
274.68940000000003,558.3588,863.5696,979.6402000000002,1288.0,2628.0,3820.0,3856.0,36.0,76.0,116.0,138.0,192.0,472.0,668.0,698.0,17.093200000000003,39.182,57.368399999999994,63.04580000000003,mof_primitive
274.68940000000003,558.3588,863.5696,979.6402000000003,1288.0,2628.0,3820.0,3856.0,36.0,76.0,116.0,138.0,192.0,472.0,668.0,698.0,17.093200000000003,39.18200000000001,57.368399999999994,63.045800000000035,mof_primitive
274.68940000000003,558.3588000000001,863.5696000000002,979.6402,1288.0,2628.0,3820.0,3856.0,36.0,76.0,116.0,138.0,192.0,472.0,668.0,698.0,17.093200000000003,39.18200000000001,57.36839999999999,63.045800000000035,mof_primitive
274.68940000000003,558.3588,863.5696000000002,979.6402000000002,1288.0,2628.0,3820.0,3856.0,36.0,76.0,116.0,138.0,192.0,472.0,668.0,698.0,17.093200000000003,39.182,57.36840000000001,63.045800000000035,mof_primitive
