f-lig-chi-0,f-lig-chi-1,f-lig-chi-2,f-lig-chi-3,f-lig-Z-0,f-lig-Z-1,f-lig-Z-2,f-lig-Z-3,f-lig-I-0,f-lig-I-1,f-lig-I-2,f-lig-I-3,f-lig-T-0,f-lig-T-1,f-lig-T-2,f-lig-T-3,f-lig-S-0,f-lig-S-1,f-lig-S-2,f-lig-S-3,name
202.80439999999996,418.76099999999997,814.5804,1247.718,704.0,1512.0,2580.0,3414.0,32.0,66.0,132.0,206.0,198.0,552.0,936.0,1178.0,11.4368,29.02900000000001,51.4084,74.4542,mof_primitive
182.4732,352.67539999999997,553.5636,679.406,870.0,1688.0,2544.0,2876.0,24.0,50.0,78.0,100.0,128.0,318.0,462.0,540.0,11.5592,26.10620000000001,39.29500000000001,47.08360000000002,mof_primitive
127.61200000000001,266.48539999999997,403.33920000000006,462.09419999999994,568.0,1208.0,1692.0,1674.0,18.0,38.0,58.0,68.0,96.0,234.0,322.0,322.0,8.181000000000001,19.1146,27.709000000000003,29.288400000000003,mof_primitive
