f-lig-chi-0,f-lig-chi-1,f-lig-chi-2,f-lig-chi-3,f-lig-Z-0,f-lig-Z-1,f-lig-Z-2,f-lig-Z-3,f-lig-I-0,f-lig-I-1,f-lig-I-2,f-lig-I-3,f-lig-T-0,f-lig-T-1,f-lig-T-2,f-lig-T-3,f-lig-S-0,f-lig-S-1,f-lig-S-2,f-lig-S-3,name
405.69960000000003,915.5010000000002,1412.0980000000004,1762.6689999999992,1614.0,3840.0,5296.0,5704.0,66.0,142.0,220.0,282.0,362.0,900.0,1284.0,1460.0,28.005000000000003,68.97660000000003,100.13559999999995,116.04099999999993,mof_primitive
405.69960000000003,915.5010000000001,1412.0980000000004,1762.6689999999996,1614.0,3840.0,5296.0,5704.0,66.0,142.0,220.0,282.0,362.0,900.0,1284.0,1460.0,28.005000000000003,68.97660000000003,100.13559999999995,116.04099999999991,mof_primitive
405.69960000000003,915.5010000000001,1412.0980000000004,1762.6689999999996,1614.0,3840.0,5296.0,5704.0,66.0,142.0,220.0,282.0,362.0,900.0,1284.0,1460.0,28.005000000000003,68.97660000000003,100.13559999999995,116.04099999999991,mof_primitive
53.99079999999999,71.0016,142.0032,0.0,512.0,1024.0,768.0,0.0,5.0,8.0,12.0,0.0,20.0,32.0,12.0,0.0,3.1719999999999997,5.9568,6.394799999999999,0.0,mof_primitive
53.99079999999999,71.0016,142.0032,0.0,512.0,1024.0,768.0,0.0,5.0,8.0,12.0,0.0,20.0,32.0,12.0,0.0,3.1719999999999997,5.9568,6.394799999999999,0.0,mof_primitive
53.99079999999999,71.0016,142.0032,0.0,512.0,1024.0,768.0,0.0,5.0,8.0,12.0,0.0,20.0,32.0,12.0,0.0,3.1719999999999997,5.9568,6.394799999999999,0.0,mof_primitive
53.99079999999999,71.0016,142.0032,0.0,512.0,1024.0,768.0,0.0,5.0,8.0,12.0,0.0,20.0,32.0,12.0,0.0,3.1719999999999997,5.9568,6.394799999999999,0.0,mof_primitive
53.99079999999999,71.0016,142.0032,0.0,512.0,1024.0,768.0,0.0,5.0,8.0,12.0,0.0,20.0,32.0,12.0,0.0,3.1719999999999997,5.9568,6.394799999999999,0.0,mof_primitive
53.99079999999999,71.0016,142.0032,0.0,512.0,1024.0,768.0,0.0,5.0,8.0,12.0,0.0,20.0,32.0,12.0,0.0,3.1719999999999997,5.9568,6.394799999999999,0.0,mof_primitive
