f-chi-0-all,f-chi-1-all,f-chi-2-all,f-chi-3-all,f-Z-0-all,f-Z-1-all,f-Z-2-all,f-Z-3-all,f-I-0-all,f-I-1-all,f-I-2-all,f-I-3-all,f-T-0-all,f-T-1-all,f-T-2-all,f-T-3-all,f-S-0-all,f-S-1-all,f-S-2-all,f-S-3-all,mc-chi-0-all,mc-chi-1-all,mc-chi-2-all,mc-chi-3-all,mc-Z-0-all,mc-Z-1-all,mc-Z-2-all,mc-Z-3-all,mc-I-0-all,mc-I-1-all,mc-I-2-all,mc-I-3-all,mc-T-0-all,mc-T-1-all,mc-T-2-all,mc-T-3-all,mc-S-0-all,mc-S-1-all,mc-S-2-all,mc-S-3-all,D_mc-chi-0-all,D_mc-chi-1-all,D_mc-chi-2-all,D_mc-chi-3-all,D_mc-Z-0-all,D_mc-Z-1-all,D_mc-Z-2-all,D_mc-Z-3-all,D_mc-I-0-all,D_mc-I-1-all,D_mc-I-2-all,D_mc-I-3-all,D_mc-T-0-all,D_mc-T-1-all,D_mc-T-2-all,D_mc-T-3-all,D_mc-S-0-all,D_mc-S-1-all,D_mc-S-2-all,D_mc-S-3-all,name
259.5857,494.0688000000003,1145.3477999999996,1764.9183999999998,9373.0,14952.0,37004.0,31392.0,32.0,70.0,136.0,222.0,206.0,582.0,962.0,1220.0,25.310800000000015,59.821600000000025,113.96980000000003,165.35240000000002,2.8560999999999996,29.8792,34.160533333333326,110.67246666666664,2304.0,1968.0,6848.0,6656.0,1.0,5.333333333333333,8.333333333333334,21.333333333333332,28.666666666666668,73.33333333333333,169.33333333333334,227.66666666666666,2.1904,5.811466666666667,12.254400000000002,21.529066666666676,0.0,-8.666666666666666,-6.13,-29.433333333333326,0.0,215.0,257.3333333333333,885.3333333333334,0.0,0.0,0.0,0.0,0.0,15.0,13.0,71.33333333333333,0.0,3.966666666666667,4.053333333333334,17.026666666666667,mof_primitive
259.5856999999999,494.0688000000001,1145.3477999999998,1764.9184000000002,9373.0,14952.0,37004.0,31392.0,32.0,70.0,136.0,222.0,206.0,582.0,962.0,1220.0,25.310800000000015,59.821600000000025,113.96980000000002,165.35240000000005,2.8560999999999996,29.8792,34.160533333333326,110.67246666666664,2304.0,1968.0,6848.0,6656.0,1.0,5.333333333333333,8.333333333333334,21.333333333333332,28.666666666666668,73.33333333333333,169.33333333333334,227.66666666666666,2.1904,5.811466666666667,12.254400000000002,21.529066666666676,0.0,-8.666666666666666,-6.13,-29.433333333333326,0.0,215.0,257.3333333333333,885.3333333333334,0.0,0.0,0.0,0.0,0.0,15.0,13.0,71.33333333333333,0.0,3.966666666666667,4.053333333333334,17.026666666666667,mof_primitive
