f-lig-chi-0,f-lig-chi-1,f-lig-chi-2,f-lig-chi-3,f-lig-Z-0,f-lig-Z-1,f-lig-Z-2,f-lig-Z-3,f-lig-I-0,f-lig-I-1,f-lig-I-2,f-lig-I-3,f-lig-T-0,f-lig-T-1,f-lig-T-2,f-lig-T-3,f-lig-S-0,f-lig-S-1,f-lig-S-2,f-lig-S-3,name
159.54999999999995,311.45699999999994,496.0323999999999,611.5939999999999,982.0,1584.0,2464.0,2872.0,22.0,46.0,72.0,92.0,118.0,294.0,424.0,476.0,10.911,24.285800000000005,36.72,43.8732,mof_primitive
83.0244,131.63099999999997,188.40039999999996,175.845,402.0,624.0,832.0,546.0,10.0,18.0,24.0,24.0,42.0,90.0,88.0,64.0,4.776999999999999,9.193800000000005,11.2792,9.2568,mof_primitive
18.4832,18.4832,0.0,0.0,98.0,98.0,0.0,0.0,2.0,2.0,0.0,0.0,2.0,2.0,0.0,0.0,1.125,1.125,0.0,0.0,mof_primitive
159.54999999999995,311.45699999999994,496.0323999999999,611.5939999999999,982.0,1584.0,2464.0,2872.0,22.0,46.0,72.0,92.0,118.0,294.0,424.0,476.0,10.911,24.285800000000005,36.72,43.873200000000004,mof_primitive
83.0244,131.63099999999997,188.40039999999993,175.845,402.0,624.0,832.0,546.0,10.0,18.0,24.0,24.0,42.0,90.0,88.0,64.0,4.776999999999999,9.193800000000003,11.2792,9.2568,mof_primitive
18.4832,18.4832,0.0,0.0,98.0,98.0,0.0,0.0,2.0,2.0,0.0,0.0,2.0,2.0,0.0,0.0,1.125,1.125,0.0,0.0,mof_primitive
