f-lig-chi-0,f-lig-chi-1,f-lig-chi-2,f-lig-chi-3,f-lig-Z-0,f-lig-Z-1,f-lig-Z-2,f-lig-Z-3,f-lig-I-0,f-lig-I-1,f-lig-I-2,f-lig-I-3,f-lig-T-0,f-lig-T-1,f-lig-T-2,f-lig-T-3,f-lig-S-0,f-lig-S-1,f-lig-S-2,f-lig-S-3,name
402.8737999999997,836.5020000000007,1341.2108000000005,1727.7490000000007,1754.0,3720.0,5600.0,6328.0,60.0,128.0,204.0,274.0,332.0,840.0,1244.0,1474.0,26.886000000000024,64.31040000000003,97.80279999999999,119.67700000000004,mof_primitive
402.87379999999973,836.5020000000007,1341.2108,1727.7490000000007,1754.0,3720.0,5600.0,6328.0,60.0,128.0,204.0,274.0,332.0,840.0,1244.0,1474.0,26.886000000000017,64.31040000000002,97.80280000000002,119.677,mof_primitive
402.87379999999973,836.5020000000007,1341.2108000000005,1727.749000000001,1754.0,3720.0,5600.0,6328.0,60.0,128.0,204.0,274.0,332.0,840.0,1244.0,1474.0,26.886000000000024,64.31040000000002,97.80279999999999,119.67700000000004,mof_primitive
402.87379999999973,836.502000000001,1341.2108000000005,1727.7490000000007,1754.0,3720.0,5600.0,6328.0,60.0,128.0,204.0,274.0,332.0,840.0,1244.0,1474.0,26.88600000000002,64.31040000000003,97.8028,119.67700000000004,mof_primitive
402.8737999999998,836.5020000000007,1341.210800000001,1727.7490000000005,1754.0,3720.0,5600.0,6328.0,60.0,128.0,204.0,274.0,332.0,840.0,1244.0,1474.0,26.886000000000017,64.31040000000002,97.80279999999999,119.67699999999998,mof_primitive
118.7144,219.096,337.3204,385.387,548.0,1008.0,1456.0,1420.0,16.0,32.0,48.0,58.0,80.0,192.0,256.0,250.0,7.4224,16.262400000000003,23.044800000000002,24.679399999999998,mof_primitive
402.87379999999973,836.5020000000007,1341.210800000001,1727.749000000001,1754.0,3720.0,5600.0,6328.0,60.0,128.0,204.0,274.0,332.0,840.0,1244.0,1474.0,26.886000000000024,64.31040000000003,97.80279999999999,119.67700000000005,mof_primitive
118.71440000000001,219.096,337.3204,385.38699999999994,548.0,1008.0,1456.0,1420.0,16.0,32.0,48.0,58.0,80.0,192.0,256.0,250.0,7.4224,16.262400000000003,23.044800000000002,24.679399999999998,mof_primitive
