f-lig-chi-0,f-lig-chi-1,f-lig-chi-2,f-lig-chi-3,f-lig-Z-0,f-lig-Z-1,f-lig-Z-2,f-lig-Z-3,f-lig-I-0,f-lig-I-1,f-lig-I-2,f-lig-I-3,f-lig-T-0,f-lig-T-1,f-lig-T-2,f-lig-T-3,f-lig-S-0,f-lig-S-1,f-lig-S-2,f-lig-S-3,name
63.8532,132.906,186.41,162.23720000000003,246.0,528.0,584.0,350.0,10.0,20.0,28.0,26.0,48.0,108.0,124.0,88.0,4.0442,9.2708,11.4908,8.5434,mof_primitive
63.8532,132.906,186.41,162.23720000000003,246.0,528.0,584.0,350.0,10.0,20.0,28.0,26.0,48.0,108.0,124.0,88.0,4.0442,9.2708,11.4908,8.5434,mof_primitive
63.8532,132.906,186.41,162.23720000000003,246.0,528.0,584.0,350.0,10.0,20.0,28.0,26.0,48.0,108.0,124.0,88.0,4.0442,9.270799999999998,11.4908,8.5434,mof_primitive
63.8532,132.906,186.41,162.23720000000003,246.0,528.0,584.0,350.0,10.0,20.0,28.0,26.0,48.0,108.0,124.0,88.0,4.0442,9.2708,11.4908,8.5434,mof_primitive
146.7832,265.21039999999994,404.6435999999999,472.111,724.0,1304.0,1920.0,2032.0,18.0,36.0,54.0,66.0,90.0,216.0,294.0,314.0,8.9138,19.037600000000005,27.529400000000003,31.213000000000008,mof_primitive
146.7832,265.21040000000005,404.64359999999994,472.111,724.0,1304.0,1920.0,2032.0,18.0,36.0,54.0,66.0,90.0,216.0,294.0,314.0,8.9138,19.0376,27.529400000000003,31.213,mof_primitive
146.78320000000002,265.2104,404.6436,472.1109999999999,724.0,1304.0,1920.0,2032.0,18.0,36.0,54.0,66.0,90.0,216.0,294.0,314.0,8.913800000000002,19.037600000000005,27.5294,31.213000000000005,mof_primitive
146.7832,265.2104,404.6436,472.111,724.0,1304.0,1920.0,2032.0,18.0,36.0,54.0,66.0,90.0,216.0,294.0,314.0,8.913800000000002,19.037600000000005,27.529400000000003,31.213000000000005,mof_primitive
