f-lig-chi-0,f-lig-chi-1,f-lig-chi-2,f-lig-chi-3,f-lig-Z-0,f-lig-Z-1,f-lig-Z-2,f-lig-Z-3,f-lig-I-0,f-lig-I-1,f-lig-I-2,f-lig-I-3,f-lig-T-0,f-lig-T-1,f-lig-T-2,f-lig-T-3,f-lig-S-0,f-lig-S-1,f-lig-S-2,f-lig-S-3,name
234.0959999999999,430.3379999999999,707.7843999999999,946.0877999999999,1160.0,2160.0,3472.0,4352.0,28.0,60.0,96.0,126.0,156.0,396.0,592.0,686.0,14.181999999999999,32.494000000000014,50.76480000000001,63.3014,mof_primitive
234.0959999999999,430.3379999999999,707.7843999999999,946.0877999999999,1160.0,2160.0,3472.0,4352.0,28.0,60.0,96.0,126.0,156.0,396.0,592.0,686.0,14.181999999999999,32.494000000000014,50.76480000000001,63.3014,mof_primitive
234.0959999999999,430.3379999999999,707.7843999999999,946.0877999999999,1160.0,2160.0,3472.0,4352.0,28.0,60.0,96.0,126.0,156.0,396.0,592.0,686.0,14.181999999999999,32.494000000000014,50.76480000000001,63.3014,mof_primitive
234.0959999999999,430.3379999999999,707.7843999999999,946.0877999999999,1160.0,2160.0,3472.0,4352.0,28.0,60.0,96.0,126.0,156.0,396.0,592.0,686.0,14.181999999999999,32.494000000000014,50.76480000000001,63.3014,mof_primitive
