f-lig-chi-0,f-lig-chi-1,f-lig-chi-2,f-lig-chi-3,f-lig-Z-0,f-lig-Z-1,f-lig-Z-2,f-lig-Z-3,f-lig-I-0,f-lig-I-1,f-lig-I-2,f-lig-I-3,f-lig-T-0,f-lig-T-1,f-lig-T-2,f-lig-T-3,f-lig-S-0,f-lig-S-1,f-lig-S-2,f-lig-S-3,name
177.08939999999998,355.011,557.1304,682.4420000000001,768.0,1560.0,2272.0,2360.0,26.0,54.0,84.0,108.0,138.0,342.0,484.0,524.0,11.527400000000002,26.842200000000005,39.46120000000001,45.10840000000001,mof_primitive
64.4914,133.97520000000003,176.8178,112.08720000000002,271.0,558.0,686.0,264.0,9.0,18.0,24.0,16.0,42.0,92.0,104.0,56.0,3.8464999999999994,8.5798,10.5192,5.6248000000000005,mof_primitive
64.4914,133.9752,176.81779999999998,112.08720000000001,271.0,558.0,686.0,264.0,9.0,18.0,24.0,16.0,42.0,92.0,104.0,56.0,3.8465,8.5798,10.5192,5.6248,mof_primitive
177.08939999999998,355.011,557.1304,682.4420000000001,768.0,1560.0,2272.0,2360.0,26.0,54.0,84.0,108.0,138.0,342.0,484.0,524.0,11.5274,26.842200000000005,39.46120000000001,45.10840000000001,mof_primitive
64.4914,133.97520000000003,176.81780000000003,112.08720000000001,271.0,558.0,686.0,264.0,9.0,18.0,24.0,16.0,42.0,92.0,104.0,56.0,3.8465,8.5798,10.519199999999998,5.6248000000000005,mof_primitive
64.4914,133.97520000000003,176.8178,112.08720000000001,271.0,558.0,686.0,264.0,9.0,18.0,24.0,16.0,42.0,92.0,104.0,56.0,3.8465,8.5798,10.519199999999998,5.6248,mof_primitive
