f-lig-chi-0,f-lig-chi-1,f-lig-chi-2,f-lig-chi-3,f-lig-Z-0,f-lig-Z-1,f-lig-Z-2,f-lig-Z-3,f-lig-I-0,f-lig-I-1,f-lig-I-2,f-lig-I-3,f-lig-T-0,f-lig-T-1,f-lig-T-2,f-lig-T-3,f-lig-S-0,f-lig-S-1,f-lig-S-2,f-lig-S-3,name
170.43940000000003,347.8710000000001,678.9603999999997,1034.313,628.0,1320.0,2236.0,2688.0,26.0,54.0,108.0,170.0,162.0,456.0,768.0,848.0,9.703400000000004,24.37820000000001,43.29079999999999,59.541800000000016,mof_primitive
170.43940000000003,347.8710000000001,678.9603999999997,1034.313,628.0,1320.0,2236.0,2688.0,26.0,54.0,108.0,170.0,162.0,456.0,768.0,848.0,9.703400000000004,24.37820000000001,43.29079999999999,59.541800000000016,mof_primitive
230.96760000000003,481.51900000000006,912.7143999999997,1347.4690000000003,804.0,1732.0,2836.0,3760.0,36.0,74.0,144.0,218.0,218.0,596.0,984.0,1224.0,12.83560000000001,32.38740000000001,55.81759999999997,79.11940000000001,mof_primitive
170.43940000000003,347.8710000000001,678.9603999999995,1034.313,628.0,1320.0,2236.0,2688.0,26.0,54.0,108.0,170.0,162.0,456.0,768.0,848.0,9.70340000000001,24.378200000000003,43.290799999999976,59.541800000000045,mof_primitive
170.43940000000003,347.8710000000001,678.9603999999995,1034.313,628.0,1320.0,2236.0,2688.0,26.0,54.0,108.0,170.0,162.0,456.0,768.0,848.0,9.70340000000001,24.378200000000003,43.290799999999976,59.541800000000045,mof_primitive
170.4394,347.8710000000001,678.9603999999995,1034.313,628.0,1320.0,2236.0,2688.0,26.0,54.0,108.0,170.0,162.0,456.0,768.0,848.0,9.70340000000001,24.378200000000003,43.290799999999976,59.541800000000045,mof_primitive
