f-lig-chi-0,f-lig-chi-1,f-lig-chi-2,f-lig-chi-3,f-lig-Z-0,f-lig-Z-1,f-lig-Z-2,f-lig-Z-3,f-lig-I-0,f-lig-I-1,f-lig-I-2,f-lig-I-3,f-lig-T-0,f-lig-T-1,f-lig-T-2,f-lig-T-3,f-lig-S-0,f-lig-S-1,f-lig-S-2,f-lig-S-3,name
180.46859999999995,335.74339999999995,553.578,689.6177999999999,878.0,1640.0,2576.0,2946.0,22.0,46.0,74.0,92.0,124.0,320.0,438.0,476.0,10.740599999999999,24.258200000000002,36.937799999999996,43.608399999999996,mof_primitive
180.46859999999995,335.74339999999995,553.578,689.6177999999999,878.0,1640.0,2576.0,2946.0,22.0,46.0,74.0,92.0,124.0,320.0,438.0,476.0,10.740599999999999,24.258200000000002,36.937799999999996,43.608399999999996,mof_primitive
253.85319999999993,527.6053999999999,851.4035999999998,1093.0160000000003,1162.0,2456.0,3792.0,4364.0,36.0,78.0,126.0,168.0,204.0,522.0,798.0,960.0,16.850000000000005,40.243400000000015,62.826200000000014,77.54480000000002,mof_primitive
253.85319999999993,527.6053999999999,851.4035999999998,1093.0160000000003,1162.0,2456.0,3792.0,4364.0,36.0,78.0,126.0,168.0,204.0,522.0,798.0,960.0,16.850000000000005,40.243400000000015,62.826200000000014,77.54480000000002,mof_primitive
