f-lig-chi-0,f-lig-chi-1,f-lig-chi-2,f-lig-chi-3,f-lig-Z-0,f-lig-Z-1,f-lig-Z-2,f-lig-Z-3,f-lig-I-0,f-lig-I-1,f-lig-I-2,f-lig-I-3,f-lig-T-0,f-lig-T-1,f-lig-T-2,f-lig-T-3,f-lig-S-0,f-lig-S-1,f-lig-S-2,f-lig-S-3,name
269.8991999999999,507.07359999999994,799.7031999999999,1006.6461999999997,1320.0,2482.0,3784.0,4288.0,34.0,70.0,108.0,140.0,178.0,438.0,620.0,692.0,16.7618,37.010200000000005,55.1788,66.44120000000002,mof_primitive
269.8991999999999,507.07359999999994,799.7031999999999,1006.6461999999997,1320.0,2482.0,3784.0,4288.0,34.0,70.0,108.0,140.0,178.0,438.0,620.0,692.0,16.7618,37.010200000000005,55.1788,66.44120000000002,mof_primitive
