f-lig-chi-0,f-lig-chi-1,f-lig-chi-2,f-lig-chi-3,f-lig-Z-0,f-lig-Z-1,f-lig-Z-2,f-lig-Z-3,f-lig-I-0,f-lig-I-1,f-lig-I-2,f-lig-I-3,f-lig-T-0,f-lig-T-1,f-lig-T-2,f-lig-T-3,f-lig-S-0,f-lig-S-1,f-lig-S-2,f-lig-S-3,name
336.284,740.8174000000001,1246.6468000000002,1541.0448,1430.0,3268.0,5224.0,6444.0,50.0,110.0,188.0,224.0,298.0,754.0,1132.0,1352.0,21.92660000000001,54.687000000000026,86.97560000000004,106.97199999999997,mof_primitive
336.2839999999999,740.8174,1246.6467999999995,1541.0448,1430.0,3268.0,5224.0,6444.0,50.0,110.0,188.0,224.0,298.0,754.0,1132.0,1352.0,21.92660000000001,54.687000000000026,86.97560000000004,106.97199999999998,mof_primitive
336.2839999999997,740.8174000000004,1246.6467999999993,1541.0447999999997,1430.0,3268.0,5224.0,6444.0,50.0,110.0,188.0,224.0,298.0,754.0,1132.0,1352.0,21.92660000000002,54.687000000000026,86.97560000000003,106.97200000000001,mof_primitive
336.2839999999998,740.8174000000001,1246.6467999999998,1541.0448,1430.0,3268.0,5224.0,6444.0,50.0,110.0,188.0,224.0,298.0,754.0,1132.0,1352.0,21.926600000000015,54.687000000000026,86.97560000000003,106.97199999999998,mof_primitive
336.2839999999999,740.8174000000002,1246.6467999999995,1541.0447999999994,1430.0,3268.0,5224.0,6444.0,50.0,110.0,188.0,224.0,298.0,754.0,1132.0,1352.0,21.926600000000015,54.687000000000026,86.97560000000001,106.97199999999997,mof_primitive
336.28399999999993,740.8174000000002,1246.6467999999998,1541.0447999999997,1430.0,3268.0,5224.0,6444.0,50.0,110.0,188.0,224.0,298.0,754.0,1132.0,1352.0,21.926600000000008,54.687000000000026,86.97560000000003,106.97199999999998,mof_primitive
