f-chi-0-all,f-chi-1-all,f-chi-2-all,f-chi-3-all,f-Z-0-all,f-Z-1-all,f-Z-2-all,f-Z-3-all,f-I-0-all,f-I-1-all,f-I-2-all,f-I-3-all,f-T-0-all,f-T-1-all,f-T-2-all,f-T-3-all,f-S-0-all,f-S-1-all,f-S-2-all,f-S-3-all,mc-chi-0-all,mc-chi-1-all,mc-chi-2-all,mc-chi-3-all,mc-Z-0-all,mc-Z-1-all,mc-Z-2-all,mc-Z-3-all,mc-I-0-all,mc-I-1-all,mc-I-2-all,mc-I-3-all,mc-T-0-all,mc-T-1-all,mc-T-2-all,mc-T-3-all,mc-S-0-all,mc-S-1-all,mc-S-2-all,mc-S-3-all,D_mc-chi-0-all,D_mc-chi-1-all,D_mc-chi-2-all,D_mc-chi-3-all,D_mc-Z-0-all,D_mc-Z-1-all,D_mc-Z-2-all,D_mc-Z-3-all,D_mc-I-0-all,D_mc-I-1-all,D_mc-I-2-all,D_mc-I-3-all,D_mc-T-0-all,D_mc-T-1-all,D_mc-T-2-all,D_mc-T-3-all,D_mc-S-0-all,D_mc-S-1-all,D_mc-S-2-all,D_mc-S-3-all,name
254.59009999999992,527.6959999999998,1302.2884,1556.9439999999995,4460.0,10432.0,18256.0,20672.0,28.0,72.0,138.0,196.0,218.0,632.0,1080.0,1336.0,20.914900000000006,58.3708,103.72900000000004,138.78760000000003,3.308125,30.874,27.01875,70.34375,787.0,1112.0,2313.0,2539.0,1.0,5.0,6.5,12.5,25.5,61.0,119.0,159.0,1.911325,5.047949999999999,8.615849999999998,12.86705,0.0,-8.225,-3.45,-16.47,0.0,99.0,97.5,257.5,0.0,0.0,0.0,0.0,0.0,13.5,9.5,31.5,0.0,3.265,2.76,7.98,mof_primitive
254.59009999999992,527.6959999999998,1302.2884,1556.9439999999995,4460.0,10432.0,18256.0,20672.0,28.0,72.0,138.0,196.0,218.0,632.0,1080.0,1336.0,20.914900000000006,58.3708,103.72900000000003,138.78760000000003,3.308125,30.874000000000002,27.018749999999997,70.34375,787.0,1112.0,2313.0,2539.0,1.0,5.0,6.5,12.5,25.5,61.0,119.0,159.0,1.9113249999999997,5.047949999999999,8.615849999999998,12.867049999999999,0.0,-8.225,-3.4499999999999997,-16.47,0.0,99.0,97.5,257.5,0.0,0.0,0.0,0.0,0.0,13.5,9.5,31.5,0.0,3.2649999999999997,2.7599999999999993,7.98,mof_primitive
