f-chi-0-all,f-chi-1-all,f-chi-2-all,f-chi-3-all,f-Z-0-all,f-Z-1-all,f-Z-2-all,f-Z-3-all,f-I-0-all,f-I-1-all,f-I-2-all,f-I-3-all,f-T-0-all,f-T-1-all,f-T-2-all,f-T-3-all,f-S-0-all,f-S-1-all,f-S-2-all,f-S-3-all,mc-chi-0-all,mc-chi-1-all,mc-chi-2-all,mc-chi-3-all,mc-Z-0-all,mc-Z-1-all,mc-Z-2-all,mc-Z-3-all,mc-I-0-all,mc-I-1-all,mc-I-2-all,mc-I-3-all,mc-T-0-all,mc-T-1-all,mc-T-2-all,mc-T-3-all,mc-S-0-all,mc-S-1-all,mc-S-2-all,mc-S-3-all,D_mc-chi-0-all,D_mc-chi-1-all,D_mc-chi-2-all,D_mc-chi-3-all,D_mc-Z-0-all,D_mc-Z-1-all,D_mc-Z-2-all,D_mc-Z-3-all,D_mc-I-0-all,D_mc-I-1-all,D_mc-I-2-all,D_mc-I-3-all,D_mc-T-0-all,D_mc-T-1-all,D_mc-T-2-all,D_mc-T-3-all,D_mc-S-0-all,D_mc-S-1-all,D_mc-S-2-all,D_mc-S-3-all,name
269.7875999999999,476.25199999999967,2074.7700000000004,1724.163999999999,7954.0,19152.0,19104.0,16416.0,30.0,80.0,212.0,216.0,348.0,1184.0,1360.0,1152.0,21.353400000000015,72.6192,133.52519999999998,133.39120000000005,1.2100000000000002,35.882,16.830000000000002,37.576,3249.0,4332.0,2052.0,4560.0,1.0,10.0,6.0,12.0,100.0,240.0,180.0,320.0,2.8560999999999996,12.4722,7.8077999999999985,15.345199999999998,0.0,-21.619999999999997,-8.699999999999998,-20.959999999999994,0.0,494.0,306.0,604.0,0.0,0.0,0.0,0.0,0.0,76.0,42.0,88.0,0.0,9.52,5.52,11.2,mof_primitive
269.7875999999999,476.25199999999967,2074.77,1724.1639999999989,7954.0,19152.0,19104.0,16416.0,30.0,80.0,212.0,216.0,348.0,1184.0,1360.0,1152.0,21.353400000000015,72.61920000000002,133.52519999999998,133.39120000000003,1.2100000000000002,35.882,16.830000000000002,37.576,3249.0,4332.0,2052.0,4560.0,1.0,10.0,6.0,12.0,100.0,240.0,180.0,320.0,2.8560999999999996,12.4722,7.8077999999999985,15.345199999999998,0.0,-21.619999999999997,-8.699999999999998,-20.959999999999994,0.0,494.0,306.0,604.0,0.0,0.0,0.0,0.0,0.0,76.0,42.0,88.0,0.0,9.52,5.52,11.2,mof_primitive
