f-lig-chi-0,f-lig-chi-1,f-lig-chi-2,f-lig-chi-3,f-lig-Z-0,f-lig-Z-1,f-lig-Z-2,f-lig-Z-3,f-lig-I-0,f-lig-I-1,f-lig-I-2,f-lig-I-3,f-lig-T-0,f-lig-T-1,f-lig-T-2,f-lig-T-3,f-lig-S-0,f-lig-S-1,f-lig-S-2,f-lig-S-3,name
569.5952000000002,1236.6759999999997,2002.8848,2548.1559999999995,2462.0,5500.0,8432.0,9352.0,86.0,188.0,304.0,400.0,492.0,1260.0,1904.0,2200.0,38.53179999999999,94.68040000000003,146.74400000000003,175.3392,mof_primitive
569.5952000000002,1236.676,2002.8847999999998,2548.156,2462.0,5500.0,8432.0,9352.0,86.0,188.0,304.0,400.0,492.0,1260.0,1904.0,2200.0,38.53179999999999,94.68040000000003,146.74400000000003,175.33920000000003,mof_primitive
569.5952000000002,1236.676,2002.8847999999998,2548.156,2462.0,5500.0,8432.0,9352.0,86.0,188.0,304.0,400.0,492.0,1260.0,1904.0,2200.0,38.53179999999999,94.68040000000003,146.74400000000003,175.33920000000003,mof_primitive
