f-lig-chi-0,f-lig-chi-1,f-lig-chi-2,f-lig-chi-3,f-lig-Z-0,f-lig-Z-1,f-lig-Z-2,f-lig-Z-3,f-lig-I-0,f-lig-I-1,f-lig-I-2,f-lig-I-3,f-lig-T-0,f-lig-T-1,f-lig-T-2,f-lig-T-3,f-lig-S-0,f-lig-S-1,f-lig-S-2,f-lig-S-3,name
166.04879999999997,304.93599999999986,432.7923999999999,579.0093999999998,804.0,1408.0,2176.0,2776.0,20.0,40.0,56.0,74.0,96.0,232.0,328.0,382.0,9.553999999999998,20.640800000000002,29.7592,37.47460000000001,mof_primitive
156.3688,274.66399999999993,410.3524,534.1293999999998,802.0,1376.0,2152.0,2728.0,18.0,36.0,52.0,66.0,88.0,212.0,292.0,314.0,9.2802,19.560400000000005,28.619600000000002,35.1954,mof_primitive
166.04879999999997,304.93599999999986,432.7923999999999,579.0093999999998,804.0,1408.0,2176.0,2776.0,20.0,40.0,56.0,74.0,96.0,232.0,328.0,382.0,9.553999999999998,20.640800000000002,29.7592,37.47460000000001,mof_primitive
156.3688,274.66399999999993,410.3523999999999,534.1293999999999,802.0,1376.0,2152.0,2728.0,18.0,36.0,52.0,66.0,88.0,212.0,292.0,314.0,9.280199999999999,19.5604,28.619600000000005,35.19540000000001,mof_primitive
166.04879999999994,304.93599999999986,432.79239999999993,579.0093999999998,804.0,1408.0,2176.0,2776.0,20.0,40.0,56.0,74.0,96.0,232.0,328.0,382.0,9.554,20.640800000000006,29.759200000000003,37.47460000000001,mof_primitive
166.0488,304.9359999999999,432.79239999999993,579.0093999999999,804.0,1408.0,2176.0,2776.0,20.0,40.0,56.0,74.0,96.0,232.0,328.0,382.0,9.553999999999998,20.640800000000002,29.75920000000001,37.47460000000001,mof_primitive
