f-chi-0-all,f-chi-1-all,f-chi-2-all,f-chi-3-all,f-Z-0-all,f-Z-1-all,f-Z-2-all,f-Z-3-all,f-I-0-all,f-I-1-all,f-I-2-all,f-I-3-all,f-T-0-all,f-T-1-all,f-T-2-all,f-T-3-all,f-S-0-all,f-S-1-all,f-S-2-all,f-S-3-all,mc-chi-0-all,mc-chi-1-all,mc-chi-2-all,mc-chi-3-all,mc-Z-0-all,mc-Z-1-all,mc-Z-2-all,mc-Z-3-all,mc-I-0-all,mc-I-1-all,mc-I-2-all,mc-I-3-all,mc-T-0-all,mc-T-1-all,mc-T-2-all,mc-T-3-all,mc-S-0-all,mc-S-1-all,mc-S-2-all,mc-S-3-all,D_mc-chi-0-all,D_mc-chi-1-all,D_mc-chi-2-all,D_mc-chi-3-all,D_mc-Z-0-all,D_mc-Z-1-all,D_mc-Z-2-all,D_mc-Z-3-all,D_mc-I-0-all,D_mc-I-1-all,D_mc-I-2-all,D_mc-I-3-all,D_mc-T-0-all,D_mc-T-1-all,D_mc-T-2-all,D_mc-T-3-all,D_mc-S-0-all,D_mc-S-1-all,D_mc-S-2-all,D_mc-S-3-all,name
291.9708999999999,560.0691999999999,1298.0215999999998,1454.3704000000002,8302.0,14040.0,22996.0,24768.0,35.0,80.0,146.0,188.0,234.0,628.0,978.0,1252.0,21.84800000000002,58.3504,93.92660000000004,126.092,2.8560999999999996,31.005866666666666,23.91913333333333,62.74406666666667,2304.0,2048.0,4416.0,4160.0,1.0,5.333333333333333,6.0,12.0,28.666666666666668,64.66666666666667,116.0,159.33333333333334,2.1904,5.762133333333334,8.238666666666667,13.241066666666669,0.0,-9.333333333333334,-4.013333333333332,-16.846666666666664,0.0,213.33333333333334,196.0,489.3333333333333,0.0,0.0,0.0,0.0,0.0,16.666666666666668,11.333333333333334,36.0,0.0,4.0,3.313333333333333,8.813333333333334,mof_primitive
291.9708999999999,560.0692,1298.0216,1454.3704000000005,8302.0,14040.0,22996.0,24768.0,35.0,80.0,146.0,188.0,234.0,628.0,978.0,1252.0,21.848000000000017,58.3504,93.92660000000004,126.09200000000001,2.8560999999999996,31.005866666666666,23.91913333333333,62.74406666666667,2304.0,2048.0,4416.0,4160.0,1.0,5.333333333333333,6.0,12.0,28.666666666666668,64.66666666666667,116.0,159.33333333333334,2.1904,5.762133333333334,8.238666666666667,13.241066666666669,0.0,-9.333333333333334,-4.013333333333332,-16.846666666666664,0.0,213.33333333333334,196.0,489.3333333333333,0.0,0.0,0.0,0.0,0.0,16.666666666666668,11.333333333333334,36.0,0.0,4.0,3.313333333333333,8.813333333333334,mof_primitive
