f-lig-chi-0,f-lig-chi-1,f-lig-chi-2,f-lig-chi-3,f-lig-Z-0,f-lig-Z-1,f-lig-Z-2,f-lig-Z-3,f-lig-I-0,f-lig-I-1,f-lig-I-2,f-lig-I-3,f-lig-T-0,f-lig-T-1,f-lig-T-2,f-lig-T-3,f-lig-S-0,f-lig-S-1,f-lig-S-2,f-lig-S-3,name
637.4892000000004,1283.7323999999996,2366.3604,2950.7195999999985,3522.0,7944.0,10986.0,13938.0,92.0,196.0,344.0,446.0,540.0,1372.0,2020.0,2550.0,41.90959999999997,103.24039999999991,162.71520000000004,210.06619999999998,mof_primitive
499.56919999999985,932.0874000000005,1735.6933999999997,2051.3792000000003,2939.0,6348.0,8132.0,10094.0,69.0,140.0,244.0,304.0,384.0,944.0,1280.0,1520.0,31.464900000000025,74.35000000000001,111.82279999999996,140.2184,mof_primitive
