f-chi-0-all,f-chi-1-all,f-chi-2-all,f-chi-3-all,f-Z-0-all,f-Z-1-all,f-Z-2-all,f-Z-3-all,f-I-0-all,f-I-1-all,f-I-2-all,f-I-3-all,f-T-0-all,f-T-1-all,f-T-2-all,f-T-3-all,f-S-0-all,f-S-1-all,f-S-2-all,f-S-3-all,mc-chi-0-all,mc-chi-1-all,mc-chi-2-all,mc-chi-3-all,mc-Z-0-all,mc-Z-1-all,mc-Z-2-all,mc-Z-3-all,mc-I-0-all,mc-I-1-all,mc-I-2-all,mc-I-3-all,mc-T-0-all,mc-T-1-all,mc-T-2-all,mc-T-3-all,mc-S-0-all,mc-S-1-all,mc-S-2-all,mc-S-3-all,D_mc-chi-0-all,D_mc-chi-1-all,D_mc-chi-2-all,D_mc-chi-3-all,D_mc-Z-0-all,D_mc-Z-1-all,D_mc-Z-2-all,D_mc-Z-3-all,D_mc-I-0-all,D_mc-I-1-all,D_mc-I-2-all,D_mc-I-3-all,D_mc-T-0-all,D_mc-T-1-all,D_mc-T-2-all,D_mc-T-3-all,D_mc-S-0-all,D_mc-S-1-all,D_mc-S-2-all,D_mc-S-3-all,name
248.30699999999993,384.31679999999983,1977.6145999999999,1991.9824,9177.0,23640.0,39758.0,35110.0,30.0,78.0,222.0,268.0,364.0,1404.0,2068.0,1500.0,27.17400000000001,88.38259999999997,171.53539999999995,207.4784,0.7921,28.395449999999997,18.694449999999996,56.216849999999994,3136.0,4872.0,8260.0,8148.0,1.0,10.0,9.0,21.0,101.0,288.5,385.5,508.5,3.8415999999999997,14.925399999999998,18.355400000000003,30.438799999999997,0.0,-23.005000000000003,-12.995000000000001,-44.47499999999998,0.0,473.0,356.5,1030.5,0.0,0.0,0.0,0.0,0.0,72.5,52.5,160.5,0.0,11.985000000000003,8.274999999999999,25.63000000000001,mof_primitive
