f-chi-0-all,f-chi-1-all,f-chi-2-all,f-chi-3-all,f-Z-0-all,f-Z-1-all,f-Z-2-all,f-Z-3-all,f-I-0-all,f-I-1-all,f-I-2-all,f-I-3-all,f-T-0-all,f-T-1-all,f-T-2-all,f-T-3-all,f-S-0-all,f-S-1-all,f-S-2-all,f-S-3-all,mc-chi-0-all,mc-chi-1-all,mc-chi-2-all,mc-chi-3-all,mc-Z-0-all,mc-Z-1-all,mc-Z-2-all,mc-Z-3-all,mc-I-0-all,mc-I-1-all,mc-I-2-all,mc-I-3-all,mc-T-0-all,mc-T-1-all,mc-T-2-all,mc-T-3-all,mc-S-0-all,mc-S-1-all,mc-S-2-all,mc-S-3-all,D_mc-chi-0-all,D_mc-chi-1-all,D_mc-chi-2-all,D_mc-chi-3-all,D_mc-Z-0-all,D_mc-Z-1-all,D_mc-Z-2-all,D_mc-Z-3-all,D_mc-I-0-all,D_mc-I-1-all,D_mc-I-2-all,D_mc-I-3-all,D_mc-T-0-all,D_mc-T-1-all,D_mc-T-2-all,D_mc-T-3-all,D_mc-S-0-all,D_mc-S-1-all,D_mc-S-2-all,D_mc-S-3-all,name
421.12440000000015,1054.0287999999998,1887.4931999999994,2739.952000000001,8826.0,14588.0,27392.0,50084.0,54.0,140.0,252.0,360.0,392.0,1108.0,2020.0,2840.0,41.474999999999994,103.91999999999994,192.15400000000005,281.8488,3.6100000000000003,17.327999999999996,32.794,49.6052,841.0,609.0,1160.0,3329.2,1.0,3.0,6.0,10.4,9.8,29.4,56.2,92.2,1.9043999999999994,3.105,6.2652,12.320639999999997,0.0,-3.420000000000001,-5.860000000000001,-6.348000000000002,0.0,66.0,134.0,186.8,0.0,0.0,0.0,0.0,0.0,0.8,2.4,5.4,0.0,1.89,3.7399999999999984,5.423999999999998,mof_primitive
48.103199999999994,85.11999999999999,83.25319999999999,62.016000000000005,1083.0,1148.0,1634.0,336.0,7.0,12.0,14.0,8.0,26.0,48.0,38.0,24.0,5.401000000000001,8.76,11.997399999999999,4.62,3.6100000000000003,17.327999999999996,32.794,49.6052,841.0,609.0,1160.0,3329.2,1.0,3.0,6.0,10.4,9.8,29.4,56.2,92.2,1.9043999999999994,3.105,6.2652,12.320639999999997,0.0,-3.420000000000001,-5.860000000000001,-6.348000000000002,0.0,66.0,134.0,186.8,0.0,0.0,0.0,0.0,0.0,0.8,2.4,5.4,0.0,1.89,3.7399999999999984,5.423999999999998,mof_primitive
48.103199999999994,85.12,83.2532,62.016,1083.0,1148.0,1634.0,336.0,7.0,12.0,14.0,8.0,26.0,48.0,38.0,24.0,5.401,8.76,11.997399999999999,4.62,3.6100000000000003,17.327999999999996,32.794,49.6052,841.0,609.0,1160.0,3329.2,1.0,3.0,6.0,10.4,9.8,29.4,56.2,92.2,1.9043999999999994,3.105,6.2652,12.320639999999997,0.0,-3.420000000000001,-5.860000000000001,-6.348000000000002,0.0,66.0,134.0,186.8,0.0,0.0,0.0,0.0,0.0,0.8,2.4,5.4,0.0,1.89,3.7399999999999984,5.423999999999998,mof_primitive
