f-lig-chi-0,f-lig-chi-1,f-lig-chi-2,f-lig-chi-3,f-lig-Z-0,f-lig-Z-1,f-lig-Z-2,f-lig-Z-3,f-lig-I-0,f-lig-I-1,f-lig-I-2,f-lig-I-3,f-lig-T-0,f-lig-T-1,f-lig-T-2,f-lig-T-3,f-lig-S-0,f-lig-S-1,f-lig-S-2,f-lig-S-3,name
167.906,371.02500000000015,608.3488,757.8512000000001,1054.0,1680.0,2504.0,2742.0,28.0,58.0,96.0,126.0,154.0,388.0,540.0,566.0,11.963400000000004,27.581400000000002,41.49520000000001,48.3126,mof_primitive
167.90600000000003,371.0250000000002,608.3488,757.8512000000001,1054.0,1680.0,2504.0,2742.0,28.0,58.0,96.0,126.0,154.0,388.0,540.0,566.0,11.963400000000002,27.58140000000001,41.49520000000001,48.31259999999999,mof_primitive
