f-chi-0-all,f-chi-1-all,f-chi-2-all,f-chi-3-all,f-Z-0-all,f-Z-1-all,f-Z-2-all,f-Z-3-all,f-I-0-all,f-I-1-all,f-I-2-all,f-I-3-all,f-T-0-all,f-T-1-all,f-T-2-all,f-T-3-all,f-S-0-all,f-S-1-all,f-S-2-all,f-S-3-all,mc-chi-0-all,mc-chi-1-all,mc-chi-2-all,mc-chi-3-all,mc-Z-0-all,mc-Z-1-all,mc-Z-2-all,mc-Z-3-all,mc-I-0-all,mc-I-1-all,mc-I-2-all,mc-I-3-all,mc-T-0-all,mc-T-1-all,mc-T-2-all,mc-T-3-all,mc-S-0-all,mc-S-1-all,mc-S-2-all,mc-S-3-all,D_mc-chi-0-all,D_mc-chi-1-all,D_mc-chi-2-all,D_mc-chi-3-all,D_mc-Z-0-all,D_mc-Z-1-all,D_mc-Z-2-all,D_mc-Z-3-all,D_mc-I-0-all,D_mc-I-1-all,D_mc-I-2-all,D_mc-I-3-all,D_mc-T-0-all,D_mc-T-1-all,D_mc-T-2-all,D_mc-T-3-all,D_mc-S-0-all,D_mc-S-1-all,D_mc-S-2-all,D_mc-S-3-all,name
365.77790000000005,807.7884000000004,1335.5384000000006,1716.3060000000003,3476.0,7328.0,9424.0,9244.0,61.0,128.0,212.0,284.0,340.0,860.0,1216.0,1368.0,28.657500000000013,68.17800000000001,102.9288,122.83160000000001,3.6481,19.711199999999998,19.482,42.7076,784.0,1792.0,672.0,1456.0,1.0,4.0,4.0,8.0,16.0,32.0,48.0,96.0,1.4641,4.9368,3.7268,7.3568,0.0,-2.6800000000000006,-2.5599999999999996,-7.079999999999999,0.0,48.0,88.0,172.0,0.0,0.0,0.0,0.0,0.0,8.0,4.0,8.0,0.0,0.7599999999999998,1.7599999999999998,3.5999999999999996,mof_primitive
365.77790000000005,807.7884000000004,1335.5384000000006,1716.306,3476.0,7328.0,9424.0,9244.0,61.0,128.0,212.0,284.0,340.0,860.0,1216.0,1368.0,28.657500000000017,68.17800000000003,102.92880000000001,122.83160000000002,3.6481,19.711199999999998,19.482,42.7076,784.0,1792.0,672.0,1456.0,1.0,4.0,4.0,8.0,16.0,32.0,48.0,96.0,1.4641,4.9368,3.7268,7.3568,0.0,-2.6800000000000006,-2.5599999999999996,-7.079999999999999,0.0,48.0,88.0,172.0,0.0,0.0,0.0,0.0,0.0,8.0,4.0,8.0,0.0,0.7599999999999998,1.7599999999999998,3.5999999999999996,mof_primitive
