f-lig-chi-0,f-lig-chi-1,f-lig-chi-2,f-lig-chi-3,f-lig-Z-0,f-lig-Z-1,f-lig-Z-2,f-lig-Z-3,f-lig-I-0,f-lig-I-1,f-lig-I-2,f-lig-I-3,f-lig-T-0,f-lig-T-1,f-lig-T-2,f-lig-T-3,f-lig-S-0,f-lig-S-1,f-lig-S-2,f-lig-S-3,name
122.22820000000004,268.8210000000001,406.2200000000001,458.812,466.0,1080.0,1400.0,1288.0,20.0,42.0,64.0,76.0,106.0,258.0,352.0,360.0,8.1492,19.850600000000004,27.907200000000003,28.971600000000013,mof_primitive
174.74660000000003,334.15200000000004,541.3584000000001,617.5217999999999,752.0,1440.0,2004.0,1884.0,24.0,48.0,76.0,86.0,124.0,292.0,356.0,358.0,10.221600000000004,23.038400000000006,32.406,33.2998,mof_primitive
122.22820000000002,268.8210000000001,406.2200000000001,458.812,466.0,1080.0,1400.0,1288.0,20.0,42.0,64.0,76.0,106.0,258.0,352.0,360.0,8.1492,19.8506,27.90720000000001,28.971600000000013,mof_primitive
174.7466,334.152,541.3584,617.5218000000003,752.0,1440.0,2004.0,1884.0,24.0,48.0,76.0,86.0,124.0,292.0,356.0,358.0,10.2216,23.038399999999992,32.406,33.2998,mof_primitive
122.22820000000003,268.8210000000001,406.2200000000001,458.81199999999995,466.0,1080.0,1400.0,1288.0,20.0,42.0,64.0,76.0,106.0,258.0,352.0,360.0,8.1492,19.850600000000004,27.907200000000003,28.971600000000013,mof_primitive
174.74660000000003,334.15200000000004,541.3584000000001,617.5217999999999,752.0,1440.0,2004.0,1884.0,24.0,48.0,76.0,86.0,124.0,292.0,356.0,358.0,10.221600000000004,23.038400000000006,32.406,33.2998,mof_primitive
122.22820000000002,268.8210000000001,406.2200000000001,458.812,466.0,1080.0,1400.0,1288.0,20.0,42.0,64.0,76.0,106.0,258.0,352.0,360.0,8.1492,19.8506,27.90720000000001,28.971600000000013,mof_primitive
174.7466,334.152,541.3584,617.5218000000003,752.0,1440.0,2004.0,1884.0,24.0,48.0,76.0,86.0,124.0,292.0,356.0,358.0,10.2216,23.038399999999992,32.406,33.2998,mof_primitive
