f-lig-chi-0,f-lig-chi-1,f-lig-chi-2,f-lig-chi-3,f-lig-Z-0,f-lig-Z-1,f-lig-Z-2,f-lig-Z-3,f-lig-I-0,f-lig-I-1,f-lig-I-2,f-lig-I-3,f-lig-T-0,f-lig-T-1,f-lig-T-2,f-lig-T-3,f-lig-S-0,f-lig-S-1,f-lig-S-2,f-lig-S-3,name
476.4179999999997,945.4710000000007,1446.1452000000008,1808.9190000000012,2226.0,4404.0,6606.0,7560.0,66.0,138.0,210.0,270.0,348.0,852.0,1206.0,1374.0,31.48020000000002,71.6598,105.34500000000004,128.6670000000001,mof_primitive
476.41799999999967,945.4710000000008,1446.145200000001,1808.919000000001,2226.0,4404.0,6606.0,7560.0,66.0,138.0,210.0,270.0,348.0,852.0,1206.0,1374.0,31.48020000000002,71.6598,105.34500000000004,128.6670000000001,mof_primitive
476.41799999999967,945.4710000000008,1446.1452000000008,1808.919000000001,2226.0,4404.0,6606.0,7560.0,66.0,138.0,210.0,270.0,348.0,852.0,1206.0,1374.0,31.48020000000002,71.6598,105.34500000000003,128.66700000000006,mof_primitive
476.41799999999967,945.4710000000008,1446.1452000000013,1808.9190000000015,2226.0,4404.0,6606.0,7560.0,66.0,138.0,210.0,270.0,348.0,852.0,1206.0,1374.0,31.480200000000025,71.6598,105.34500000000003,128.66700000000006,mof_primitive
476.41799999999984,945.4710000000008,1446.1452000000008,1808.9190000000012,2226.0,4404.0,6606.0,7560.0,66.0,138.0,210.0,270.0,348.0,852.0,1206.0,1374.0,31.480200000000025,71.65980000000002,105.34500000000003,128.6670000000001,mof_primitive
476.41799999999984,945.4710000000007,1446.145200000001,1808.919000000001,2226.0,4404.0,6606.0,7560.0,66.0,138.0,210.0,270.0,348.0,852.0,1206.0,1374.0,31.480200000000025,71.65980000000003,105.34500000000003,128.6670000000001,mof_primitive
476.4179999999999,945.4710000000008,1446.1452000000006,1808.919000000001,2226.0,4404.0,6606.0,7560.0,66.0,138.0,210.0,270.0,348.0,852.0,1206.0,1374.0,31.48020000000002,71.65980000000002,105.34500000000003,128.6670000000001,mof_primitive
476.41799999999984,945.4710000000008,1446.1452000000013,1808.9190000000008,2226.0,4404.0,6606.0,7560.0,66.0,138.0,210.0,270.0,348.0,852.0,1206.0,1374.0,31.480200000000025,71.65980000000003,105.34500000000001,128.6670000000001,mof_primitive
