f-lig-chi-0,f-lig-chi-1,f-lig-chi-2,f-lig-chi-3,f-lig-Z-0,f-lig-Z-1,f-lig-Z-2,f-lig-Z-3,f-lig-I-0,f-lig-I-1,f-lig-I-2,f-lig-I-3,f-lig-T-0,f-lig-T-1,f-lig-T-2,f-lig-T-3,f-lig-S-0,f-lig-S-1,f-lig-S-2,f-lig-S-3,name
89.1829,169.779,249.07819999999998,244.60860000000002,409.0,780.0,1034.0,906.0,12.0,24.0,34.0,34.0,58.0,132.0,158.0,132.0,5.566,12.1352,16.020999999999997,14.4938,mof_primitive
89.18289999999999,169.779,249.07819999999998,244.60860000000002,409.0,780.0,1034.0,906.0,12.0,24.0,34.0,34.0,58.0,132.0,158.0,132.0,5.566000000000001,12.1352,16.020999999999997,14.493800000000002,mof_primitive
