f-chi-0-all,f-chi-1-all,f-chi-2-all,f-chi-3-all,f-Z-0-all,f-Z-1-all,f-Z-2-all,f-Z-3-all,f-I-0-all,f-I-1-all,f-I-2-all,f-I-3-all,f-T-0-all,f-T-1-all,f-T-2-all,f-T-3-all,f-S-0-all,f-S-1-all,f-S-2-all,f-S-3-all,mc-chi-0-all,mc-chi-1-all,mc-chi-2-all,mc-chi-3-all,mc-Z-0-all,mc-Z-1-all,mc-Z-2-all,mc-Z-3-all,mc-I-0-all,mc-I-1-all,mc-I-2-all,mc-I-3-all,mc-T-0-all,mc-T-1-all,mc-T-2-all,mc-T-3-all,mc-S-0-all,mc-S-1-all,mc-S-2-all,mc-S-3-all,D_mc-chi-0-all,D_mc-chi-1-all,D_mc-chi-2-all,D_mc-chi-3-all,D_mc-Z-0-all,D_mc-Z-1-all,D_mc-Z-2-all,D_mc-Z-3-all,D_mc-I-0-all,D_mc-I-1-all,D_mc-I-2-all,D_mc-I-3-all,D_mc-T-0-all,D_mc-T-1-all,D_mc-T-2-all,D_mc-T-3-all,D_mc-S-0-all,D_mc-S-1-all,D_mc-S-2-all,D_mc-S-3-all,name
561.9418,1329.6683999999987,3403.560399999999,3266.529199999998,71680.0,75304.0,321524.0,185844.0,62.0,172.0,348.0,416.0,560.0,1672.0,2944.0,3876.0,58.428599999999925,166.63439999999994,293.1116,404.146,5.079699999999999,34.1412,23.371325,85.18739999999995,4317.25,2312.75,18978.75,5742.375,1.0,4.375,4.375,11.125,20.125,46.375,91.25,112.125,2.0747999999999993,4.6259749999999995,8.599224999999999,11.588824999999998,0.0,-4.970000000000001,-0.40625,-11.925000000000004,0.0,255.25,14.375,648.125,0.0,0.0,0.0,0.0,0.0,10.125,0.625,26.75,0.0,3.1287499999999993,0.3812499999999999,8.071250000000003,mof_primitive
