f-lig-chi-0,f-lig-chi-1,f-lig-chi-2,f-lig-chi-3,f-lig-Z-0,f-lig-Z-1,f-lig-Z-2,f-lig-Z-3,f-lig-I-0,f-lig-I-1,f-lig-I-2,f-lig-I-3,f-lig-T-0,f-lig-T-1,f-lig-T-2,f-lig-T-3,f-lig-S-0,f-lig-S-1,f-lig-S-2,f-lig-S-3,name
191.55960000000005,430.6864000000001,694.5468000000001,730.055,738.0,1756.0,2388.0,1940.0,30.0,64.0,104.0,118.0,168.0,416.0,592.0,594.0,12.132600000000002,30.12400000000001,44.386399999999995,44.36539999999999,mof_primitive
191.55960000000005,430.68640000000016,694.5468000000001,730.055,738.0,1756.0,2388.0,1940.0,30.0,64.0,104.0,118.0,168.0,416.0,592.0,594.0,12.132600000000002,30.12400000000001,44.38639999999999,44.36539999999999,mof_primitive
270.3372,510.102,900.0743999999996,1159.878,1167.0,2196.0,3354.0,3684.0,36.0,72.0,126.0,168.0,198.0,498.0,666.0,720.0,15.241199999999997,34.46520000000001,52.81140000000002,64.56479999999999,mof_primitive
270.33719999999994,510.1019999999998,900.0744,1159.8779999999997,1167.0,2196.0,3354.0,3684.0,36.0,72.0,126.0,168.0,198.0,498.0,666.0,720.0,15.2412,34.46520000000001,52.811399999999985,64.5648,mof_primitive
