f-lig-chi-0,f-lig-chi-1,f-lig-chi-2,f-lig-chi-3,f-lig-Z-0,f-lig-Z-1,f-lig-Z-2,f-lig-Z-3,f-lig-I-0,f-lig-I-1,f-lig-I-2,f-lig-I-3,f-lig-T-0,f-lig-T-1,f-lig-T-2,f-lig-T-3,f-lig-S-0,f-lig-S-1,f-lig-S-2,f-lig-S-3,name
424.4814,898.8750000000006,1508.943600000001,1881.465000000001,1638.0,3600.0,5328.0,6108.0,66.0,138.0,234.0,300.0,372.0,930.0,1362.0,1728.0,26.36820000000001,64.54140000000004,98.8902,123.2448,mof_primitive
424.4814,898.8750000000006,1508.943600000001,1881.465000000001,1638.0,3600.0,5328.0,6108.0,66.0,138.0,234.0,300.0,372.0,930.0,1362.0,1728.0,26.36820000000001,64.54140000000004,98.8902,123.2448,mof_primitive
424.48139999999995,898.8750000000006,1508.943600000001,1881.465000000001,1638.0,3600.0,5328.0,6108.0,66.0,138.0,234.0,300.0,372.0,930.0,1362.0,1728.0,26.368200000000012,64.54140000000004,98.8902,123.2448,mof_primitive
424.48139999999995,898.8750000000006,1508.943600000001,1881.465000000001,1638.0,3600.0,5328.0,6108.0,66.0,138.0,234.0,300.0,372.0,930.0,1362.0,1728.0,26.368200000000012,64.54140000000004,98.8902,123.2448,mof_primitive
