f-chi-0-all,f-chi-1-all,f-chi-2-all,f-chi-3-all,f-Z-0-all,f-Z-1-all,f-Z-2-all,f-Z-3-all,f-I-0-all,f-I-1-all,f-I-2-all,f-I-3-all,f-T-0-all,f-T-1-all,f-T-2-all,f-T-3-all,f-S-0-all,f-S-1-all,f-S-2-all,f-S-3-all,mc-chi-0-all,mc-chi-1-all,mc-chi-2-all,mc-chi-3-all,mc-Z-0-all,mc-Z-1-all,mc-Z-2-all,mc-Z-3-all,mc-I-0-all,mc-I-1-all,mc-I-2-all,mc-I-3-all,mc-T-0-all,mc-T-1-all,mc-T-2-all,mc-T-3-all,mc-S-0-all,mc-S-1-all,mc-S-2-all,mc-S-3-all,D_mc-chi-0-all,D_mc-chi-1-all,D_mc-chi-2-all,D_mc-chi-3-all,D_mc-Z-0-all,D_mc-Z-1-all,D_mc-Z-2-all,D_mc-Z-3-all,D_mc-I-0-all,D_mc-I-1-all,D_mc-I-2-all,D_mc-I-3-all,D_mc-T-0-all,D_mc-T-1-all,D_mc-T-2-all,D_mc-T-3-all,D_mc-S-0-all,D_mc-S-1-all,D_mc-S-2-all,D_mc-S-3-all,name
212.7413999999999,438.2772,1490.1313999999998,1811.711,26520.0,61424.0,63720.0,27992.0,25.0,74.0,184.0,210.0,336.0,1400.0,1948.0,1356.0,20.993800000000014,77.6316,150.58839999999995,138.79759999999996,1.9043999999999996,30.557799999999997,44.18299999999999,40.36039999999999,8464.0,15640.0,12328.0,5673.333333333333,1.0,7.666666666666667,11.0,11.0,64.33333333333333,241.0,252.66666666666666,261.0,2.8899999999999992,11.826333333333332,15.090333333333332,13.129666666666663,0.0,-11.563333333333333,-16.83666666666667,-14.066666666666668,0.0,535.3333333333334,878.0,950.3333333333334,0.0,0.0,0.0,0.0,0.0,35.0,48.333333333333336,50.0,0.0,6.076666666666665,9.823333333333332,10.976666666666665,mof_primitive
