f-lig-chi-0,f-lig-chi-1,f-lig-chi-2,f-lig-chi-3,f-lig-Z-0,f-lig-Z-1,f-lig-Z-2,f-lig-Z-3,f-lig-I-0,f-lig-I-1,f-lig-I-2,f-lig-I-3,f-lig-T-0,f-lig-T-1,f-lig-T-2,f-lig-T-3,f-lig-S-0,f-lig-S-1,f-lig-S-2,f-lig-S-3,name
250.2442,483.0197999999999,879.6467999999999,1423.0041999999999,1108.0,2112.0,3576.0,5008.0,32.0,66.0,124.0,206.0,190.0,536.0,928.0,1164.0,13.751999999999999,32.1178,56.712399999999995,85.10379999999999,mof_primitive
154.40439999999998,306.561,486.24039999999997,592.6819999999999,694.0,1392.0,2080.0,2264.0,22.0,46.0,72.0,92.0,118.0,294.0,424.0,476.0,10.067800000000002,23.331000000000007,34.8104,40.550000000000004,mof_primitive
166.23799999999997,328.02099999999996,510.1083999999999,638.6819999999999,758.0,1492.0,2260.0,2484.0,23.0,48.0,74.0,96.0,122.0,304.0,442.0,504.0,10.6007,24.425600000000006,36.48900000000001,43.33120000000001,mof_primitive
154.40439999999998,306.561,486.2404,592.6819999999999,694.0,1392.0,2080.0,2264.0,22.0,46.0,72.0,92.0,118.0,294.0,424.0,476.0,10.0678,23.331000000000003,34.81040000000001,40.550000000000004,mof_primitive
154.40439999999998,306.561,486.2404,592.6819999999999,694.0,1392.0,2080.0,2264.0,22.0,46.0,72.0,92.0,118.0,294.0,424.0,476.0,10.0678,23.331000000000003,34.81040000000001,40.550000000000004,mof_primitive
166.23799999999997,328.02099999999996,510.1083999999999,638.6819999999998,758.0,1492.0,2260.0,2484.0,23.0,48.0,74.0,96.0,122.0,304.0,442.0,504.0,10.6007,24.425600000000006,36.48900000000001,43.33120000000001,mof_primitive
