f-lig-chi-0,f-lig-chi-1,f-lig-chi-2,f-lig-chi-3,f-lig-Z-0,f-lig-Z-1,f-lig-Z-2,f-lig-Z-3,f-lig-I-0,f-lig-I-1,f-lig-I-2,f-lig-I-3,f-lig-T-0,f-lig-T-1,f-lig-T-2,f-lig-T-3,f-lig-S-0,f-lig-S-1,f-lig-S-2,f-lig-S-3,name
613.1895999999997,1407.1410000000003,2239.318000000001,2911.8739999999993,2350.0,5760.0,8272.0,9248.0,102.0,222.0,356.0,476.0,578.0,1470.0,2180.0,2580.0,42.053400000000025,106.5525999999999,161.058,194.19959999999992,mof_primitive
613.1895999999995,1407.141,2239.318000000001,2911.8739999999993,2350.0,5760.0,8272.0,9248.0,102.0,222.0,356.0,476.0,578.0,1470.0,2180.0,2580.0,42.053400000000025,106.55259999999988,161.0579999999999,194.1995999999998,mof_primitive
188.92299999999997,377.094,588.2914,716.262,832.0,1680.0,2440.0,2472.0,27.0,56.0,86.0,108.0,142.0,348.0,478.0,492.0,12.060300000000002,27.904800000000005,40.400600000000004,44.7436,mof_primitive
613.1895999999996,1407.1410000000003,2239.318000000001,2911.8739999999993,2350.0,5760.0,8272.0,9248.0,102.0,222.0,356.0,476.0,578.0,1470.0,2180.0,2580.0,42.053400000000025,106.55259999999988,161.05799999999994,194.19959999999986,mof_primitive
188.92299999999997,377.094,588.2914000000001,716.2619999999998,832.0,1680.0,2440.0,2472.0,27.0,56.0,86.0,108.0,142.0,348.0,478.0,492.0,12.060300000000002,27.904800000000005,40.40060000000001,44.743600000000015,mof_primitive
188.92299999999997,377.09400000000005,588.2914000000001,716.262,832.0,1680.0,2440.0,2472.0,27.0,56.0,86.0,108.0,142.0,348.0,478.0,492.0,12.060300000000002,27.904800000000012,40.400600000000004,44.74360000000001,mof_primitive
188.92299999999997,377.09400000000005,588.2914000000001,716.262,832.0,1680.0,2440.0,2472.0,27.0,56.0,86.0,108.0,142.0,348.0,478.0,492.0,12.060300000000002,27.90480000000001,40.40060000000001,44.743599999999994,mof_primitive
613.1895999999997,1407.1410000000008,2239.318000000001,2911.873999999999,2350.0,5760.0,8272.0,9248.0,102.0,222.0,356.0,476.0,578.0,1470.0,2180.0,2580.0,42.053400000000025,106.55259999999993,161.05799999999996,194.19959999999986,mof_primitive
