f-lig-chi-0,f-lig-chi-1,f-lig-chi-2,f-lig-chi-3,f-lig-Z-0,f-lig-Z-1,f-lig-Z-2,f-lig-Z-3,f-lig-I-0,f-lig-I-1,f-lig-I-2,f-lig-I-3,f-lig-T-0,f-lig-T-1,f-lig-T-2,f-lig-T-3,f-lig-S-0,f-lig-S-1,f-lig-S-2,f-lig-S-3,name
419.5814,948.3960000000005,1658.766000000001,2536.251999999999,1592.0,3840.0,6060.0,7600.0,70.0,152.0,272.0,424.0,424.0,1168.0,2004.0,2632.0,28.613400000000002,72.74960000000002,121.17759999999998,169.92719999999997,mof_primitive
419.58140000000003,948.3960000000005,1658.7660000000008,2536.251999999999,1592.0,3840.0,6060.0,7600.0,70.0,152.0,272.0,424.0,424.0,1168.0,2004.0,2632.0,28.613400000000002,72.74960000000002,121.17759999999998,169.9272,mof_primitive
419.58140000000003,948.3960000000005,1658.7660000000008,2536.251999999999,1592.0,3840.0,6060.0,7600.0,70.0,152.0,272.0,424.0,424.0,1168.0,2004.0,2632.0,28.613400000000002,72.74960000000002,121.17759999999998,169.9272,mof_primitive
419.58140000000003,948.3960000000008,1658.7660000000008,2536.2520000000004,1592.0,3840.0,6060.0,7600.0,70.0,152.0,272.0,424.0,424.0,1168.0,2004.0,2632.0,28.613400000000027,72.74960000000002,121.17759999999996,169.92720000000014,mof_primitive
