f-lig-chi-0,f-lig-chi-1,f-lig-chi-2,f-lig-chi-3,f-lig-Z-0,f-lig-Z-1,f-lig-Z-2,f-lig-Z-3,f-lig-I-0,f-lig-I-1,f-lig-I-2,f-lig-I-3,f-lig-T-0,f-lig-T-1,f-lig-T-2,f-lig-T-3,f-lig-S-0,f-lig-S-1,f-lig-S-2,f-lig-S-3,name
155.87769999999998,279.6361999999999,417.1895999999999,503.4241999999999,775.0,1388.0,1992.0,2168.0,19.0,38.0,56.0,70.0,94.0,226.0,308.0,326.0,9.4771,20.1926,28.7152,33.19020000000001,mof_primitive
144.0441,255.96899999999997,399.6456,462.2129999999999,711.0,1260.0,1896.0,1944.0,18.0,36.0,54.0,66.0,90.0,216.0,294.0,306.0,8.9442,19.126800000000003,27.591,31.000200000000007,mof_primitive
155.87769999999998,279.6361999999999,417.1895999999999,503.4241999999999,775.0,1388.0,1992.0,2168.0,19.0,38.0,56.0,70.0,94.0,226.0,308.0,326.0,9.4771,20.1926,28.7152,33.19020000000001,mof_primitive
155.87769999999998,279.6361999999999,417.1895999999999,503.4241999999999,775.0,1388.0,1992.0,2168.0,19.0,38.0,56.0,70.0,94.0,226.0,308.0,326.0,9.4771,20.1926,28.7152,33.19020000000001,mof_primitive
155.87769999999998,279.6361999999999,417.18959999999987,503.4241999999999,775.0,1388.0,1992.0,2168.0,19.0,38.0,56.0,70.0,94.0,226.0,308.0,326.0,9.4771,20.192600000000002,28.715199999999996,33.19020000000001,mof_primitive
144.0441,255.96899999999994,399.64559999999994,462.2129999999999,711.0,1260.0,1896.0,1944.0,18.0,36.0,54.0,66.0,90.0,216.0,294.0,306.0,8.9442,19.126800000000003,27.591,31.000200000000007,mof_primitive
155.87769999999998,279.6361999999999,417.18959999999987,503.4241999999999,775.0,1388.0,1992.0,2168.0,19.0,38.0,56.0,70.0,94.0,226.0,308.0,326.0,9.4771,20.192600000000002,28.715199999999996,33.19020000000001,mof_primitive
155.87769999999998,279.6361999999999,417.18959999999987,503.4241999999999,775.0,1388.0,1992.0,2168.0,19.0,38.0,56.0,70.0,94.0,226.0,308.0,326.0,9.4771,20.192600000000002,28.715199999999996,33.19020000000001,mof_primitive
