f-lig-chi-0,f-lig-chi-1,f-lig-chi-2,f-lig-chi-3,f-lig-Z-0,f-lig-Z-1,f-lig-Z-2,f-lig-Z-3,f-lig-I-0,f-lig-I-1,f-lig-I-2,f-lig-I-3,f-lig-T-0,f-lig-T-1,f-lig-T-2,f-lig-T-3,f-lig-S-0,f-lig-S-1,f-lig-S-2,f-lig-S-3,name
235.46439999999996,503.93100000000004,845.7304,1064.962,988.0,2184.0,3460.0,4180.0,36.0,78.0,132.0,168.0,210.0,534.0,820.0,1048.0,15.632400000000002,38.60780000000001,61.21640000000002,77.57839999999999,mof_primitive
235.46439999999996,503.93100000000004,845.7303999999999,1064.962,988.0,2184.0,3460.0,4180.0,36.0,78.0,132.0,168.0,210.0,534.0,820.0,1048.0,15.632400000000002,38.60780000000001,61.21640000000002,77.57839999999999,mof_primitive
235.46439999999996,503.93100000000004,845.7303999999999,1064.962,988.0,2184.0,3460.0,4180.0,36.0,78.0,132.0,168.0,210.0,534.0,820.0,1048.0,15.6324,38.60780000000001,61.21640000000002,77.57839999999999,mof_primitive
235.46439999999996,503.93100000000004,845.7303999999999,1064.962,988.0,2184.0,3460.0,4180.0,36.0,78.0,132.0,168.0,210.0,534.0,820.0,1048.0,15.6324,38.60780000000001,61.21640000000002,77.57839999999999,mof_primitive
235.46439999999996,503.93100000000004,845.7303999999999,1064.962,988.0,2184.0,3460.0,4180.0,36.0,78.0,132.0,168.0,210.0,534.0,820.0,1048.0,15.6324,38.60780000000001,61.21640000000002,77.57839999999999,mof_primitive
235.46439999999996,503.93100000000004,845.7303999999999,1064.962,988.0,2184.0,3460.0,4180.0,36.0,78.0,132.0,168.0,210.0,534.0,820.0,1048.0,15.632400000000002,38.60780000000001,61.21640000000002,77.57839999999999,mof_primitive
