f-chi-0-all,f-chi-1-all,f-chi-2-all,f-chi-3-all,f-Z-0-all,f-Z-1-all,f-Z-2-all,f-Z-3-all,f-I-0-all,f-I-1-all,f-I-2-all,f-I-3-all,f-T-0-all,f-T-1-all,f-T-2-all,f-T-3-all,f-S-0-all,f-S-1-all,f-S-2-all,f-S-3-all,mc-chi-0-all,mc-chi-1-all,mc-chi-2-all,mc-chi-3-all,mc-Z-0-all,mc-Z-1-all,mc-Z-2-all,mc-Z-3-all,mc-I-0-all,mc-I-1-all,mc-I-2-all,mc-I-3-all,mc-T-0-all,mc-T-1-all,mc-T-2-all,mc-T-3-all,mc-S-0-all,mc-S-1-all,mc-S-2-all,mc-S-3-all,D_mc-chi-0-all,D_mc-chi-1-all,D_mc-chi-2-all,D_mc-chi-3-all,D_mc-Z-0-all,D_mc-Z-1-all,D_mc-Z-2-all,D_mc-Z-3-all,D_mc-I-0-all,D_mc-I-1-all,D_mc-I-2-all,D_mc-I-3-all,D_mc-T-0-all,D_mc-T-1-all,D_mc-T-2-all,D_mc-T-3-all,D_mc-S-0-all,D_mc-S-1-all,D_mc-S-2-all,D_mc-S-3-all,name
207.39959999999996,345.1008,1257.4119999999996,1347.9296,7606.0,15808.0,21562.0,14272.0,22.0,56.0,126.0,152.0,216.0,736.0,1036.0,768.0,16.728599999999997,52.85199999999999,89.96299999999997,95.3672,1.2100000000000002,30.272,19.118000000000002,37.576,3249.0,3648.0,5415.0,4560.0,1.0,8.0,7.0,12.0,64.0,160.0,208.0,256.0,2.8560999999999996,9.8696,10.596299999999998,15.345199999999998,0.0,-18.72,-9.679999999999998,-20.959999999999994,0.0,392.0,304.0,604.0,0.0,0.0,0.0,0.0,0.0,44.0,30.0,64.0,0.0,7.68,5.56,11.2,mof_primitive
207.39959999999996,345.1008,1257.4119999999996,1347.9296,7606.0,15808.0,21562.0,14272.0,22.0,56.0,126.0,152.0,216.0,736.0,1036.0,768.0,16.728599999999997,52.85199999999999,89.96299999999997,95.3672,1.2100000000000002,30.272,19.118000000000002,37.576,3249.0,3648.0,5415.0,4560.0,1.0,8.0,7.0,12.0,64.0,160.0,208.0,256.0,2.8560999999999996,9.8696,10.596299999999998,15.345199999999998,0.0,-18.72,-9.679999999999998,-20.959999999999994,0.0,392.0,304.0,604.0,0.0,0.0,0.0,0.0,0.0,44.0,30.0,64.0,0.0,7.68,5.56,11.2,mof_primitive
