f-lig-chi-0,f-lig-chi-1,f-lig-chi-2,f-lig-chi-3,f-lig-Z-0,f-lig-Z-1,f-lig-Z-2,f-lig-Z-3,f-lig-I-0,f-lig-I-1,f-lig-I-2,f-lig-I-3,f-lig-T-0,f-lig-T-1,f-lig-T-2,f-lig-T-3,f-lig-S-0,f-lig-S-1,f-lig-S-2,f-lig-S-3,name
225.78439999999995,481.491,784.0803999999997,1006.2919999999999,986.0,2160.0,3328.0,3752.0,34.0,74.0,120.0,160.0,194.0,498.0,760.0,896.0,15.358600000000003,37.46820000000002,58.34160000000001,71.01120000000002,mof_primitive
119.6966,192.72899999999993,283.34039999999993,307.4279999999999,602.0,960.0,1320.0,1488.0,14.0,26.0,36.0,40.0,62.0,138.0,164.0,168.0,7.028599999999999,13.813800000000002,18.211600000000004,20.512800000000006,mof_primitive
64.83539999999999,107.01919999999998,129.8624,81.5874,300.0,482.0,452.0,324.0,8.0,14.0,16.0,10.0,30.0,56.0,44.0,34.0,3.6503999999999994,6.823,6.690399999999999,4.485799999999999,mof_primitive
