f-lig-chi-0,f-lig-chi-1,f-lig-chi-2,f-lig-chi-3,f-lig-Z-0,f-lig-Z-1,f-lig-Z-2,f-lig-Z-3,f-lig-I-0,f-lig-I-1,f-lig-I-2,f-lig-I-3,f-lig-T-0,f-lig-T-1,f-lig-T-2,f-lig-T-3,f-lig-S-0,f-lig-S-1,f-lig-S-2,f-lig-S-3,name
181.01379999999997,336.8132,611.5451999999999,672.7929999999998,1132.0,2504.0,2976.0,3100.0,26.0,52.0,88.0,102.0,140.0,336.0,456.0,554.0,11.556799999999997,27.675600000000014,40.43719999999998,46.711000000000006,mof_primitive
181.01379999999997,336.8132,611.5451999999999,672.7929999999998,1132.0,2504.0,2976.0,3100.0,26.0,52.0,88.0,102.0,140.0,336.0,456.0,554.0,11.556799999999997,27.675600000000014,40.43719999999998,46.711000000000006,mof_primitive
