f-lig-chi-0,f-lig-chi-1,f-lig-chi-2,f-lig-chi-3,f-lig-Z-0,f-lig-Z-1,f-lig-Z-2,f-lig-Z-3,f-lig-I-0,f-lig-I-1,f-lig-I-2,f-lig-I-3,f-lig-T-0,f-lig-T-1,f-lig-T-2,f-lig-T-3,f-lig-S-0,f-lig-S-1,f-lig-S-2,f-lig-S-3,name
181.34350000000003,365.1600000000001,699.5743999999997,1088.917,712.0,1464.0,2450.0,3130.0,27.0,56.0,110.0,176.0,166.0,468.0,794.0,900.0,10.721900000000009,26.149200000000008,45.97379999999998,65.46280000000003,mof_primitive
181.34350000000003,365.1600000000001,699.5743999999997,1088.917,712.0,1464.0,2450.0,3130.0,27.0,56.0,110.0,176.0,166.0,468.0,794.0,900.0,10.721900000000009,26.149200000000008,45.97379999999998,65.46280000000003,mof_primitive
165.06660000000002,362.486,613.9444000000001,810.7491999999997,750.0,1664.0,2680.0,3070.0,22.0,52.0,88.0,116.0,164.0,528.0,772.0,678.0,9.947800000000003,26.70600000000001,42.695200000000014,49.8452,mof_primitive
170.4394,347.8710000000001,678.9603999999995,1034.313,628.0,1320.0,2236.0,2688.0,26.0,54.0,108.0,170.0,162.0,456.0,768.0,848.0,9.70340000000001,24.3782,43.290799999999976,59.541800000000045,mof_primitive
170.4394,347.8710000000001,678.9603999999995,1034.313,628.0,1320.0,2236.0,2688.0,26.0,54.0,108.0,170.0,162.0,456.0,768.0,848.0,9.70340000000001,24.3782,43.290799999999976,59.54180000000004,mof_primitive
170.4394,347.8710000000001,678.9603999999995,1034.313,628.0,1320.0,2236.0,2688.0,26.0,54.0,108.0,170.0,162.0,456.0,768.0,848.0,9.70340000000001,24.3782,43.290799999999976,59.54180000000004,mof_primitive
