f-lig-chi-0,f-lig-chi-1,f-lig-chi-2,f-lig-chi-3,f-lig-Z-0,f-lig-Z-1,f-lig-Z-2,f-lig-Z-3,f-lig-I-0,f-lig-I-1,f-lig-I-2,f-lig-I-3,f-lig-T-0,f-lig-T-1,f-lig-T-2,f-lig-T-3,f-lig-S-0,f-lig-S-1,f-lig-S-2,f-lig-S-3,name
98.86290000000001,194.71800000000005,310.58639999999997,305.5254,411.0,816.0,1092.0,738.0,14.0,28.0,44.0,46.0,72.0,172.0,220.0,172.0,5.8397999999999985,13.244,18.530399999999997,16.144999999999996,mof_primitive
98.86290000000002,194.718,310.58639999999997,305.5254,411.0,816.0,1092.0,738.0,14.0,28.0,44.0,46.0,72.0,172.0,220.0,172.0,5.8397999999999985,13.244000000000003,18.530399999999997,16.144999999999996,mof_primitive
98.86290000000001,194.71800000000002,310.5864,305.5254,411.0,816.0,1092.0,738.0,14.0,28.0,44.0,46.0,72.0,172.0,220.0,172.0,5.839799999999999,13.244,18.5304,16.145,mof_primitive
98.8629,194.718,310.5864,305.5254,411.0,816.0,1092.0,738.0,14.0,28.0,44.0,46.0,72.0,172.0,220.0,172.0,5.8398,13.244,18.5304,16.144999999999996,mof_primitive
101.06919999999998,177.16539999999998,255.0276,228.85779999999997,547.0,964.0,1386.0,1240.0,11.0,22.0,30.0,26.0,52.0,118.0,144.0,106.0,6.1907,12.6142,17.055,14.6826,mof_primitive
101.06920000000001,177.16539999999995,255.02759999999995,228.8578,547.0,964.0,1386.0,1240.0,11.0,22.0,30.0,26.0,52.0,118.0,144.0,106.0,6.190699999999999,12.614200000000004,17.055000000000003,14.6826,mof_primitive
101.0692,177.16539999999998,255.0276,228.85779999999997,547.0,964.0,1386.0,1240.0,11.0,22.0,30.0,26.0,52.0,118.0,144.0,106.0,6.1907000000000005,12.614200000000002,17.055,14.682599999999999,mof_primitive
101.0692,177.16539999999998,255.0276,228.85779999999997,547.0,964.0,1386.0,1240.0,11.0,22.0,30.0,26.0,52.0,118.0,144.0,106.0,6.1907000000000005,12.614200000000002,17.055,14.682599999999999,mof_primitive
