f-chi-0-all,f-chi-1-all,f-chi-2-all,f-chi-3-all,f-Z-0-all,f-Z-1-all,f-Z-2-all,f-Z-3-all,f-I-0-all,f-I-1-all,f-I-2-all,f-I-3-all,f-T-0-all,f-T-1-all,f-T-2-all,f-T-3-all,f-S-0-all,f-S-1-all,f-S-2-all,f-S-3-all,mc-chi-0-all,mc-chi-1-all,mc-chi-2-all,mc-chi-3-all,mc-Z-0-all,mc-Z-1-all,mc-Z-2-all,mc-Z-3-all,mc-I-0-all,mc-I-1-all,mc-I-2-all,mc-I-3-all,mc-T-0-all,mc-T-1-all,mc-T-2-all,mc-T-3-all,mc-S-0-all,mc-S-1-all,mc-S-2-all,mc-S-3-all,D_mc-chi-0-all,D_mc-chi-1-all,D_mc-chi-2-all,D_mc-chi-3-all,D_mc-Z-0-all,D_mc-Z-1-all,D_mc-Z-2-all,D_mc-Z-3-all,D_mc-I-0-all,D_mc-I-1-all,D_mc-I-2-all,D_mc-I-3-all,D_mc-T-0-all,D_mc-T-1-all,D_mc-T-2-all,D_mc-T-3-all,D_mc-S-0-all,D_mc-S-1-all,D_mc-S-2-all,D_mc-S-3-all,name
367.79639999999984,619.1999999999996,1850.9183999999998,2303.423999999999,18352.0,26880.0,27648.0,36096.0,40.0,96.0,192.0,288.0,288.0,768.0,1152.0,1536.0,31.328800000000022,86.19840000000002,139.19999999999993,194.12160000000006,1.4399999999999997,24.768,18.359999999999996,43.12799999999999,4096.0,3072.0,2304.0,5376.0,1.0,6.0,6.0,12.0,36.0,72.0,108.0,180.0,2.8560999999999996,7.4022,7.807799999999999,15.21,0.0,-13.44,-8.1,-21.54,0.0,336.0,348.0,684.0,0.0,0.0,0.0,0.0,0.0,24.0,18.0,42.0,0.0,5.759999999999999,5.52,11.280000000000001,mof_primitive
367.79639999999984,619.1999999999996,1850.9183999999996,2303.423999999999,18352.0,26880.0,27648.0,36096.0,40.0,96.0,192.0,288.0,288.0,768.0,1152.0,1536.0,31.328800000000022,86.19840000000002,139.19999999999993,194.1216000000001,1.4399999999999997,24.768,18.359999999999996,43.12799999999999,4096.0,3072.0,2304.0,5376.0,1.0,6.0,6.0,12.0,36.0,72.0,108.0,180.0,2.8560999999999996,7.4022,7.807799999999999,15.21,0.0,-13.44,-8.1,-21.54,0.0,336.0,348.0,684.0,0.0,0.0,0.0,0.0,0.0,24.0,18.0,42.0,0.0,5.759999999999999,5.52,11.280000000000001,mof_primitive
