f-lig-chi-0,f-lig-chi-1,f-lig-chi-2,f-lig-chi-3,f-lig-Z-0,f-lig-Z-1,f-lig-Z-2,f-lig-Z-3,f-lig-I-0,f-lig-I-1,f-lig-I-2,f-lig-I-3,f-lig-T-0,f-lig-T-1,f-lig-T-2,f-lig-T-3,f-lig-S-0,f-lig-S-1,f-lig-S-2,f-lig-S-3,name
127.95600000000002,238.91199999999992,355.5683999999999,399.1909999999999,597.0,1096.0,1602.0,1586.0,17.0,34.0,50.0,58.0,84.0,198.0,258.0,264.0,7.984899999999999,17.387800000000002,24.489000000000004,26.427000000000007,mof_primitive
123.11600000000003,223.37999999999994,345.88839999999993,401.3469999999999,596.0,1080.0,1600.0,1588.0,16.0,32.0,48.0,58.0,80.0,192.0,256.0,250.0,7.847999999999999,16.847600000000003,24.215199999999996,26.412200000000006,mof_primitive
127.956,238.91199999999992,355.56839999999994,399.19100000000003,597.0,1096.0,1602.0,1586.0,17.0,34.0,50.0,58.0,84.0,198.0,258.0,264.0,7.9849,17.387800000000002,24.489,26.427000000000007,mof_primitive
123.116,223.38000000000005,345.88840000000005,401.347,596.0,1080.0,1600.0,1588.0,16.0,32.0,48.0,58.0,80.0,192.0,256.0,250.0,7.848000000000001,16.847600000000003,24.215200000000006,26.412200000000006,mof_primitive
