f-chi-0-all,f-chi-1-all,f-chi-2-all,f-chi-3-all,f-Z-0-all,f-Z-1-all,f-Z-2-all,f-Z-3-all,f-I-0-all,f-I-1-all,f-I-2-all,f-I-3-all,f-T-0-all,f-T-1-all,f-T-2-all,f-T-3-all,f-S-0-all,f-S-1-all,f-S-2-all,f-S-3-all,mc-chi-0-all,mc-chi-1-all,mc-chi-2-all,mc-chi-3-all,mc-Z-0-all,mc-Z-1-all,mc-Z-2-all,mc-Z-3-all,mc-I-0-all,mc-I-1-all,mc-I-2-all,mc-I-3-all,mc-T-0-all,mc-T-1-all,mc-T-2-all,mc-T-3-all,mc-S-0-all,mc-S-1-all,mc-S-2-all,mc-S-3-all,D_mc-chi-0-all,D_mc-chi-1-all,D_mc-chi-2-all,D_mc-chi-3-all,D_mc-Z-0-all,D_mc-Z-1-all,D_mc-Z-2-all,D_mc-Z-3-all,D_mc-I-0-all,D_mc-I-1-all,D_mc-I-2-all,D_mc-I-3-all,D_mc-T-0-all,D_mc-T-1-all,D_mc-T-2-all,D_mc-T-3-all,D_mc-S-0-all,D_mc-S-1-all,D_mc-S-2-all,D_mc-S-3-all,name
443.1457999999998,863.7680000000003,2558.9963999999995,2703.1839999999997,5978.0,15468.0,23712.0,30056.0,50.0,132.0,276.0,368.0,448.0,1368.0,2072.0,2628.0,34.17620000000004,100.25400000000009,172.55319999999995,236.61439999999993,2.4025000000000003,31.847333333333328,20.330833333333334,62.056833333333344,625.0,1091.6666666666667,1483.3333333333333,2266.6666666666665,1.0,6.333333333333333,5.666666666666667,13.0,40.333333333333336,93.0,135.0,201.33333333333334,1.9320999999999995,5.926033333333333,7.214099999999998,13.098433333333327,0.0,-10.729999999999999,-4.333333333333333,-19.886666666666667,0.0,114.66666666666667,82.33333333333333,234.33333333333334,0.0,0.0,0.0,0.0,0.0,25.666666666666668,14.666666666666666,50.666666666666664,0.0,4.54,2.686666666666666,8.646666666666665,mof_primitive
443.1457999999997,863.768,2558.9964,2703.1839999999997,5978.0,15468.0,23712.0,30056.0,50.0,132.0,276.0,368.0,448.0,1368.0,2072.0,2628.0,34.17620000000004,100.25400000000005,172.5532,236.61439999999993,2.4025000000000003,31.847333333333328,20.330833333333334,62.056833333333344,625.0,1091.6666666666667,1483.3333333333333,2266.6666666666665,1.0,6.333333333333333,5.666666666666667,13.0,40.333333333333336,93.0,135.0,201.33333333333334,1.9320999999999995,5.926033333333333,7.214099999999998,13.098433333333327,0.0,-10.729999999999999,-4.333333333333333,-19.886666666666667,0.0,114.66666666666667,82.33333333333333,234.33333333333334,0.0,0.0,0.0,0.0,0.0,25.666666666666668,14.666666666666666,50.666666666666664,0.0,4.54,2.686666666666666,8.646666666666665,mof_primitive
