f-chi-0-all,f-chi-1-all,f-chi-2-all,f-chi-3-all,f-Z-0-all,f-Z-1-all,f-Z-2-all,f-Z-3-all,f-I-0-all,f-I-1-all,f-I-2-all,f-I-3-all,f-T-0-all,f-T-1-all,f-T-2-all,f-T-3-all,f-S-0-all,f-S-1-all,f-S-2-all,f-S-3-all,mc-chi-0-all,mc-chi-1-all,mc-chi-2-all,mc-chi-3-all,mc-Z-0-all,mc-Z-1-all,mc-Z-2-all,mc-Z-3-all,mc-I-0-all,mc-I-1-all,mc-I-2-all,mc-I-3-all,mc-T-0-all,mc-T-1-all,mc-T-2-all,mc-T-3-all,mc-S-0-all,mc-S-1-all,mc-S-2-all,mc-S-3-all,D_mc-chi-0-all,D_mc-chi-1-all,D_mc-chi-2-all,D_mc-chi-3-all,D_mc-Z-0-all,D_mc-Z-1-all,D_mc-Z-2-all,D_mc-Z-3-all,D_mc-I-0-all,D_mc-I-1-all,D_mc-I-2-all,D_mc-I-3-all,D_mc-T-0-all,D_mc-T-1-all,D_mc-T-2-all,D_mc-T-3-all,D_mc-S-0-all,D_mc-S-1-all,D_mc-S-2-all,D_mc-S-3-all,name
379.17299999999983,793.1263999999996,2015.5535999999988,2289.6639999999998,15792.0,26880.0,44032.0,40704.0,42.0,112.0,212.0,288.0,356.0,1088.0,1736.0,2008.0,33.04680000000003,96.1264,160.21000000000004,203.3488000000001,2.8561,31.005866666666677,23.91913333333333,58.86833333333333,2304.0,2048.0,4416.0,3904.0,1.0,5.333333333333333,6.0,11.333333333333334,28.666666666666668,72.0,116.0,158.0,2.1904,5.762133333333334,8.238666666666667,12.5208,0.0,-9.333333333333334,-4.013333333333332,-15.679999999999998,0.0,213.33333333333331,196.0,462.6666666666667,0.0,0.0,0.0,0.0,0.0,15.333333333333334,11.333333333333334,32.0,0.0,4.0,3.313333333333333,8.313333333333334,mof_primitive
379.17299999999983,793.1263999999996,2015.5535999999988,2289.6639999999993,15792.0,26880.0,44032.0,40704.0,42.0,112.0,212.0,288.0,356.0,1088.0,1736.0,2008.0,33.04680000000003,96.1264,160.21000000000004,203.3488000000001,2.8560999999999996,31.005866666666673,23.91913333333333,58.86833333333333,2304.0,2048.0,4416.0,3904.0,1.0,5.333333333333333,6.0,11.333333333333334,28.666666666666668,72.0,116.0,158.0,2.1904,5.762133333333334,8.238666666666667,12.520800000000001,0.0,-9.333333333333334,-4.013333333333332,-15.679999999999998,0.0,213.33333333333334,196.0,462.6666666666667,0.0,0.0,0.0,0.0,0.0,15.333333333333334,11.333333333333334,32.0,0.0,4.0,3.313333333333333,8.313333333333334,mof_primitive
