f-lig-chi-0,f-lig-chi-1,f-lig-chi-2,f-lig-chi-3,f-lig-Z-0,f-lig-Z-1,f-lig-Z-2,f-lig-Z-3,f-lig-I-0,f-lig-I-1,f-lig-I-2,f-lig-I-3,f-lig-T-0,f-lig-T-1,f-lig-T-2,f-lig-T-3,f-lig-S-0,f-lig-S-1,f-lig-S-2,f-lig-S-3,name
363.0233,793.7640000000002,1298.5460000000003,1606.8519999999999,1376.0,3168.0,4328.0,4624.0,57.0,120.0,196.0,248.0,316.0,784.0,1112.0,1232.0,22.489700000000006,55.62480000000003,81.6516,93.68079999999999,mof_primitive
130.548,240.55599999999998,361.18839999999994,431.387,612.0,1108.0,1636.0,1640.0,17.0,34.0,50.0,62.0,84.0,202.0,274.0,278.0,7.955300000000001,17.357000000000003,24.723400000000005,27.460600000000003,mof_primitive
130.548,240.55600000000004,361.1884,431.387,612.0,1108.0,1636.0,1640.0,17.0,34.0,50.0,62.0,84.0,202.0,274.0,278.0,7.9552999999999985,17.357000000000003,24.723399999999998,27.460600000000007,mof_primitive
