f-chi-0-all,f-chi-1-all,f-chi-2-all,f-chi-3-all,f-Z-0-all,f-Z-1-all,f-Z-2-all,f-Z-3-all,f-I-0-all,f-I-1-all,f-I-2-all,f-I-3-all,f-T-0-all,f-T-1-all,f-T-2-all,f-T-3-all,f-S-0-all,f-S-1-all,f-S-2-all,f-S-3-all,mc-chi-0-all,mc-chi-1-all,mc-chi-2-all,mc-chi-3-all,mc-Z-0-all,mc-Z-1-all,mc-Z-2-all,mc-Z-3-all,mc-I-0-all,mc-I-1-all,mc-I-2-all,mc-I-3-all,mc-T-0-all,mc-T-1-all,mc-T-2-all,mc-T-3-all,mc-S-0-all,mc-S-1-all,mc-S-2-all,mc-S-3-all,D_mc-chi-0-all,D_mc-chi-1-all,D_mc-chi-2-all,D_mc-chi-3-all,D_mc-Z-0-all,D_mc-Z-1-all,D_mc-Z-2-all,D_mc-Z-3-all,D_mc-I-0-all,D_mc-I-1-all,D_mc-I-2-all,D_mc-I-3-all,D_mc-T-0-all,D_mc-T-1-all,D_mc-T-2-all,D_mc-T-3-all,D_mc-S-0-all,D_mc-S-1-all,D_mc-S-2-all,D_mc-S-3-all,name
231.73659999999995,557.7312000000002,1302.5439999999996,1481.1504000000004,4486.0,10348.0,21190.0,16212.0,28.0,76.0,156.0,188.0,252.0,820.0,1536.0,1284.0,20.21200000000001,59.93319999999997,116.51780000000004,117.99519999999998,3.61,31.16,39.8905,49.8085,841.0,1102.0,3016.0,1769.0,1.0,5.0,8.5,8.5,26.0,76.0,132.0,108.0,1.9044,5.0922,10.2258,8.756099999999998,0.0,-6.9,-4.845000000000001,-10.065,0.0,107.0,142.5,185.5,0.0,0.0,0.0,0.0,0.0,11.0,15.0,19.0,0.0,3.209999999999999,4.319999999999999,5.384999999999999,mof_primitive
231.73659999999995,557.7312000000002,1302.5439999999996,1481.1504000000004,4486.0,10348.0,21190.0,16212.0,28.0,76.0,156.0,188.0,252.0,820.0,1536.0,1284.0,20.21200000000001,59.93319999999997,116.51780000000004,117.99519999999998,3.61,31.159999999999997,39.890499999999996,49.808499999999995,841.0,1102.0,3016.0,1769.0,1.0,5.0,8.5,8.5,26.0,76.0,132.0,108.0,1.9043999999999996,5.0922,10.2258,8.756099999999998,0.0,-6.9,-4.845000000000001,-10.065000000000001,0.0,107.0,142.5,185.5,0.0,0.0,0.0,0.0,0.0,11.0,15.0,19.0,0.0,3.209999999999999,4.319999999999999,5.384999999999999,mof_primitive
