f-lig-chi-0,f-lig-chi-1,f-lig-chi-2,f-lig-chi-3,f-lig-Z-0,f-lig-Z-1,f-lig-Z-2,f-lig-Z-3,f-lig-I-0,f-lig-I-1,f-lig-I-2,f-lig-I-3,f-lig-T-0,f-lig-T-1,f-lig-T-2,f-lig-T-3,f-lig-S-0,f-lig-S-1,f-lig-S-2,f-lig-S-3,name
250.62259999999995,527.6740000000001,861.5223999999997,1054.8829999999998,1016.0,2188.0,3280.0,3884.0,38.0,80.0,132.0,166.0,212.0,528.0,764.0,934.0,15.845400000000001,38.4088,58.540400000000005,71.93820000000004,mof_primitive
83.02439999999999,131.63099999999997,188.4004,175.84500000000003,402.0,624.0,832.0,546.0,10.0,18.0,24.0,24.0,42.0,90.0,88.0,64.0,4.777,9.1938,11.2792,9.2568,mof_primitive
18.4832,18.4832,0.0,0.0,98.0,98.0,0.0,0.0,2.0,2.0,0.0,0.0,2.0,2.0,0.0,0.0,1.125,1.125,0.0,0.0,mof_primitive
