f-lig-chi-0,f-lig-chi-1,f-lig-chi-2,f-lig-chi-3,f-lig-Z-0,f-lig-Z-1,f-lig-Z-2,f-lig-Z-3,f-lig-I-0,f-lig-I-1,f-lig-I-2,f-lig-I-3,f-lig-T-0,f-lig-T-1,f-lig-T-2,f-lig-T-3,f-lig-S-0,f-lig-S-1,f-lig-S-2,f-lig-S-3,name
342.53439999999995,753.3210000000004,1223.7003999999997,1600.8920000000003,1426.0,3264.0,4960.0,5732.0,54.0,118.0,192.0,260.0,310.0,798.0,1216.0,1460.0,23.56860000000001,58.62780000000002,91.17439999999999,112.5092,mof_primitive
86.34939999999999,135.20099999999996,169.53039999999993,109.19099999999997,472.0,744.0,928.0,600.0,10.0,18.0,20.0,14.0,38.0,72.0,60.0,48.0,5.689,10.425800000000002,11.371600000000003,8.054200000000002,mof_primitive
342.53439999999995,753.3210000000004,1223.7003999999997,1600.8920000000003,1426.0,3264.0,4960.0,5732.0,54.0,118.0,192.0,260.0,310.0,798.0,1216.0,1460.0,23.56860000000001,58.62780000000002,91.17439999999999,112.5092,mof_primitive
86.34939999999999,135.20099999999996,169.53039999999996,109.19099999999997,472.0,744.0,928.0,600.0,10.0,18.0,20.0,14.0,38.0,72.0,60.0,48.0,5.689,10.425800000000002,11.3716,8.0542,mof_primitive
