f-lig-chi-0,f-lig-chi-1,f-lig-chi-2,f-lig-chi-3,f-lig-Z-0,f-lig-Z-1,f-lig-Z-2,f-lig-Z-3,f-lig-I-0,f-lig-I-1,f-lig-I-2,f-lig-I-3,f-lig-T-0,f-lig-T-1,f-lig-T-2,f-lig-T-3,f-lig-S-0,f-lig-S-1,f-lig-S-2,f-lig-S-3,name
130.7019,237.41220000000004,402.5048,421.04499999999996,832.0,1704.0,2048.0,1892.0,17.0,34.0,54.0,62.0,88.0,210.0,278.0,278.0,8.402800000000001,18.866600000000005,27.070600000000002,28.0678,mof_primitive
130.70190000000002,237.4122,402.5048,421.04499999999996,832.0,1704.0,2048.0,1892.0,17.0,34.0,54.0,62.0,88.0,210.0,278.0,278.0,8.4028,18.866600000000005,27.0706,28.067800000000005,mof_primitive
130.7019,237.4122000000001,402.5047999999999,421.0449999999999,832.0,1704.0,2048.0,1892.0,17.0,34.0,54.0,62.0,88.0,210.0,278.0,278.0,8.4028,18.866599999999995,27.070600000000002,28.067800000000005,mof_primitive
130.7019,237.41220000000004,402.50480000000016,421.04499999999996,832.0,1704.0,2048.0,1892.0,17.0,34.0,54.0,62.0,88.0,210.0,278.0,278.0,8.402800000000003,18.866600000000005,27.070600000000002,28.067800000000002,mof_primitive
130.7019,237.41220000000004,402.50480000000016,421.04499999999996,832.0,1704.0,2048.0,1892.0,17.0,34.0,54.0,62.0,88.0,210.0,278.0,278.0,8.402800000000003,18.866600000000005,27.070600000000002,28.067799999999995,mof_primitive
130.7019,237.41220000000004,402.5048,421.045,832.0,1704.0,2048.0,1892.0,17.0,34.0,54.0,62.0,88.0,210.0,278.0,278.0,8.4028,18.866600000000002,27.070600000000006,28.0678,mof_primitive
130.7019,237.41220000000004,402.5048,421.04499999999996,832.0,1704.0,2048.0,1892.0,17.0,34.0,54.0,62.0,88.0,210.0,278.0,278.0,8.4028,18.866600000000002,27.070600000000006,28.067800000000002,mof_primitive
130.70190000000002,237.41220000000007,402.5047999999999,421.04499999999985,832.0,1704.0,2048.0,1892.0,17.0,34.0,54.0,62.0,88.0,210.0,278.0,278.0,8.4028,18.866600000000002,27.070600000000002,28.067800000000005,mof_primitive
