f-chi-0-all,f-chi-1-all,f-chi-2-all,f-chi-3-all,f-Z-0-all,f-Z-1-all,f-Z-2-all,f-Z-3-all,f-I-0-all,f-I-1-all,f-I-2-all,f-I-3-all,f-T-0-all,f-T-1-all,f-T-2-all,f-T-3-all,f-S-0-all,f-S-1-all,f-S-2-all,f-S-3-all,mc-chi-0-all,mc-chi-1-all,mc-chi-2-all,mc-chi-3-all,mc-Z-0-all,mc-Z-1-all,mc-Z-2-all,mc-Z-3-all,mc-I-0-all,mc-I-1-all,mc-I-2-all,mc-I-3-all,mc-T-0-all,mc-T-1-all,mc-T-2-all,mc-T-3-all,mc-S-0-all,mc-S-1-all,mc-S-2-all,mc-S-3-all,D_mc-chi-0-all,D_mc-chi-1-all,D_mc-chi-2-all,D_mc-chi-3-all,D_mc-Z-0-all,D_mc-Z-1-all,D_mc-Z-2-all,D_mc-Z-3-all,D_mc-I-0-all,D_mc-I-1-all,D_mc-I-2-all,D_mc-I-3-all,D_mc-T-0-all,D_mc-T-1-all,D_mc-T-2-all,D_mc-T-3-all,D_mc-S-0-all,D_mc-S-1-all,D_mc-S-2-all,D_mc-S-3-all,name
314.42759999999987,574.0672,2214.5151999999994,2749.248,18328.0,31104.0,82324.0,67456.0,36.0,96.0,240.0,384.0,360.0,1280.0,2420.0,2752.0,29.028400000000012,91.74639999999998,188.56119999999996,264.4936000000001,1.4399999999999997,28.896000000000008,24.551999999999996,74.16000000000001,3969.0,3528.0,14868.0,9072.0,1.0,7.0,10.0,19.0,49.0,140.0,266.0,294.0,2.822399999999999,8.5848,16.3464,23.570399999999996,0.0,-15.680000000000003,-8.46,-39.00000000000002,0.0,385.0,394.0,1053.0,0.0,0.0,0.0,0.0,0.0,29.0,32.0,91.0,0.0,6.6499999999999995,7.07,17.889999999999997,mof_primitive
314.4275999999999,574.0671999999998,2214.5151999999994,2749.248,18328.0,31104.0,82324.0,67456.0,36.0,96.0,240.0,384.0,360.0,1280.0,2420.0,2752.0,29.028400000000016,91.7464,188.56119999999996,264.4936000000001,1.4399999999999997,28.896000000000008,24.551999999999996,74.16000000000001,3969.0,3528.0,14868.0,9072.0,1.0,7.0,10.0,19.0,49.0,140.0,266.0,294.0,2.822399999999999,8.5848,16.3464,23.570399999999996,0.0,-15.680000000000003,-8.46,-39.00000000000002,0.0,385.0,394.0,1053.0,0.0,0.0,0.0,0.0,0.0,29.0,32.0,91.0,0.0,6.6499999999999995,7.07,17.889999999999997,mof_primitive
