f-lig-chi-0,f-lig-chi-1,f-lig-chi-2,f-lig-chi-3,f-lig-Z-0,f-lig-Z-1,f-lig-Z-2,f-lig-Z-3,f-lig-I-0,f-lig-I-1,f-lig-I-2,f-lig-I-3,f-lig-T-0,f-lig-T-1,f-lig-T-2,f-lig-T-3,f-lig-S-0,f-lig-S-1,f-lig-S-2,f-lig-S-3,name
450.00069999999994,967.2660000000004,1549.1346000000005,2020.788,1861.0,4140.0,6144.0,6876.0,70.0,150.0,240.0,324.0,390.0,990.0,1464.0,1716.0,30.168600000000012,73.68900000000001,111.81359999999994,135.79079999999993,mof_primitive
450.00069999999994,967.2660000000004,1549.1346000000005,2020.788,1861.0,4140.0,6144.0,6876.0,70.0,150.0,240.0,324.0,390.0,990.0,1464.0,1716.0,30.168600000000012,73.68900000000001,111.81359999999994,135.79079999999993,mof_primitive
