f-chi-0-all,f-chi-1-all,f-chi-2-all,f-chi-3-all,f-Z-0-all,f-Z-1-all,f-Z-2-all,f-Z-3-all,f-I-0-all,f-I-1-all,f-I-2-all,f-I-3-all,f-T-0-all,f-T-1-all,f-T-2-all,f-T-3-all,f-S-0-all,f-S-1-all,f-S-2-all,f-S-3-all,mc-chi-0-all,mc-chi-1-all,mc-chi-2-all,mc-chi-3-all,mc-Z-0-all,mc-Z-1-all,mc-Z-2-all,mc-Z-3-all,mc-I-0-all,mc-I-1-all,mc-I-2-all,mc-I-3-all,mc-T-0-all,mc-T-1-all,mc-T-2-all,mc-T-3-all,mc-S-0-all,mc-S-1-all,mc-S-2-all,mc-S-3-all,D_mc-chi-0-all,D_mc-chi-1-all,D_mc-chi-2-all,D_mc-chi-3-all,D_mc-Z-0-all,D_mc-Z-1-all,D_mc-Z-2-all,D_mc-Z-3-all,D_mc-I-0-all,D_mc-I-1-all,D_mc-I-2-all,D_mc-I-3-all,D_mc-T-0-all,D_mc-T-1-all,D_mc-T-2-all,D_mc-T-3-all,D_mc-S-0-all,D_mc-S-1-all,D_mc-S-2-all,D_mc-S-3-all,name
186.16649999999998,336.70719999999994,797.0524000000003,863.9903999999997,1416.0,3840.0,6144.0,7296.0,21.0,52.0,88.0,116.0,148.0,404.0,602.0,708.0,15.748499999999996,41.902,65.38959999999997,81.49720000000002,1.7161000000000002,21.029866666666667,15.650133333333335,40.4004,144.0,448.0,480.0,864.0,1.0,4.666666666666667,5.333333333333333,10.0,22.0,50.0,82.66666666666667,114.0,1.9320999999999995,4.735266666666666,6.857333333333332,10.369399999999997,0.0,-9.94,-4.959999999999999,-17.74,0.0,18.666666666666668,24.0,48.0,0.0,0.0,0.0,0.0,0.0,11.333333333333334,6.666666666666667,21.333333333333332,0.0,3.0799999999999996,2.4799999999999995,6.44,mof_primitive
