f-lig-chi-0,f-lig-chi-1,f-lig-chi-2,f-lig-chi-3,f-lig-Z-0,f-lig-Z-1,f-lig-Z-2,f-lig-Z-3,f-lig-I-0,f-lig-I-1,f-lig-I-2,f-lig-I-3,f-lig-T-0,f-lig-T-1,f-lig-T-2,f-lig-T-3,f-lig-S-0,f-lig-S-1,f-lig-S-2,f-lig-S-3,name
223.0955999999999,421.25999999999993,689.6283999999999,909.7757999999999,1080.0,2064.0,3280.0,3968.0,28.0,60.0,96.0,126.0,156.0,396.0,592.0,686.0,13.814799999999998,31.97040000000001,49.71760000000001,61.20700000000002,mof_primitive
152.39979999999997,289.6289999999999,479.5684,548.7169999999999,702.0,1344.0,2004.0,2106.0,20.0,42.0,68.0,80.0,114.0,292.0,388.0,412.0,9.2492,21.483000000000004,31.913599999999995,35.305600000000005,mof_primitive
152.39979999999997,289.6289999999999,479.5684,548.7169999999999,702.0,1344.0,2004.0,2106.0,20.0,42.0,68.0,80.0,114.0,292.0,388.0,412.0,9.2492,21.483000000000004,31.913599999999995,35.305600000000005,mof_primitive
201.09479999999994,403.1039999999999,653.3163999999999,833.307,920.0,1872.0,2896.0,3232.0,28.0,60.0,96.0,126.0,156.0,396.0,592.0,686.0,13.080400000000001,30.92320000000001,47.62320000000001,57.331000000000024,mof_primitive
