f-lig-chi-0,f-lig-chi-1,f-lig-chi-2,f-lig-chi-3,f-lig-Z-0,f-lig-Z-1,f-lig-Z-2,f-lig-Z-3,f-lig-I-0,f-lig-I-1,f-lig-I-2,f-lig-I-3,f-lig-T-0,f-lig-T-1,f-lig-T-2,f-lig-T-3,f-lig-S-0,f-lig-S-1,f-lig-S-2,f-lig-S-3,name
179.05379999999994,323.1139999999999,484.4107999999998,592.2409999999999,876.0,1544.0,2360.0,2624.0,22.0,44.0,64.0,82.0,108.0,260.0,360.0,418.0,10.739799999999999,23.071600000000004,33.276799999999994,40.18100000000001,mof_primitive
50.4098,102.93920000000001,134.48340000000002,49.19200000000001,221.0,458.0,492.0,52.0,7.0,14.0,18.0,8.0,32.0,68.0,74.0,20.0,3.1471,6.884600000000001,7.9658,2.2495999999999996,mof_primitive
179.0538,323.1139999999999,484.41079999999994,592.2409999999999,876.0,1544.0,2360.0,2624.0,22.0,44.0,64.0,82.0,108.0,260.0,360.0,418.0,10.739799999999999,23.0716,33.2768,40.181000000000004,mof_primitive
50.4098,102.93920000000001,134.48340000000002,49.19200000000001,221.0,458.0,492.0,52.0,7.0,14.0,18.0,8.0,32.0,68.0,74.0,20.0,3.1471,6.884600000000001,7.965800000000001,2.2495999999999996,mof_primitive
50.4098,102.9392,134.48340000000002,49.19200000000001,221.0,458.0,492.0,52.0,7.0,14.0,18.0,8.0,32.0,68.0,74.0,20.0,3.1471,6.884600000000001,7.9658,2.2496,mof_primitive
50.4098,102.9392,134.48340000000002,49.19200000000001,221.0,458.0,492.0,52.0,7.0,14.0,18.0,8.0,32.0,68.0,74.0,20.0,3.1471,6.884600000000001,7.9658,2.2496,mof_primitive
