f-chi-0-all,f-chi-1-all,f-chi-2-all,f-chi-3-all,f-Z-0-all,f-Z-1-all,f-Z-2-all,f-Z-3-all,f-I-0-all,f-I-1-all,f-I-2-all,f-I-3-all,f-T-0-all,f-T-1-all,f-T-2-all,f-T-3-all,f-S-0-all,f-S-1-all,f-S-2-all,f-S-3-all,mc-chi-0-all,mc-chi-1-all,mc-chi-2-all,mc-chi-3-all,mc-Z-0-all,mc-Z-1-all,mc-Z-2-all,mc-Z-3-all,mc-I-0-all,mc-I-1-all,mc-I-2-all,mc-I-3-all,mc-T-0-all,mc-T-1-all,mc-T-2-all,mc-T-3-all,mc-S-0-all,mc-S-1-all,mc-S-2-all,mc-S-3-all,D_mc-chi-0-all,D_mc-chi-1-all,D_mc-chi-2-all,D_mc-chi-3-all,D_mc-Z-0-all,D_mc-Z-1-all,D_mc-Z-2-all,D_mc-Z-3-all,D_mc-I-0-all,D_mc-I-1-all,D_mc-I-2-all,D_mc-I-3-all,D_mc-T-0-all,D_mc-T-1-all,D_mc-T-2-all,D_mc-T-3-all,D_mc-S-0-all,D_mc-S-1-all,D_mc-S-2-all,D_mc-S-3-all,name
214.42509999999996,402.4799999999999,866.4906,882.2911999999999,8032.0,12768.0,15616.0,12576.0,24.0,56.0,90.0,108.0,162.0,450.0,584.0,550.0,18.242099999999997,47.0266,65.8368,72.10940000000002,2.8560999999999996,29.068,19.142066666666665,45.855333333333334,2304.0,1920.0,2688.0,3040.0,1.0,5.0,4.666666666666667,9.0,25.666666666666668,58.666666666666664,80.0,109.0,2.1904,5.402000000000001,6.0186666666666655,9.980133333333333,0.0,-8.75,-3.439999999999999,-11.923333333333332,0.0,200.0,168.0,368.6666666666667,0.0,0.0,0.0,0.0,0.0,14.333333333333334,8.0,23.0,0.0,3.75,2.84,6.576666666666665,mof_primitive
214.42509999999996,402.4799999999999,866.4906,882.2911999999999,8032.0,12768.0,15616.0,12576.0,24.0,56.0,90.0,108.0,162.0,450.0,584.0,550.0,18.242099999999997,47.0266,65.8368,72.10940000000002,2.8560999999999996,29.068,19.142066666666665,45.855333333333334,2304.0,1920.0,2688.0,3040.0,1.0,5.0,4.666666666666667,9.0,25.666666666666668,58.666666666666664,80.0,109.0,2.1904,5.402000000000001,6.0186666666666655,9.980133333333333,0.0,-8.75,-3.439999999999999,-11.923333333333332,0.0,200.0,168.0,368.6666666666667,0.0,0.0,0.0,0.0,0.0,14.333333333333334,8.0,23.0,0.0,3.75,2.84,6.576666666666665,mof_primitive
