f-lig-chi-0,f-lig-chi-1,f-lig-chi-2,f-lig-chi-3,f-lig-Z-0,f-lig-Z-1,f-lig-Z-2,f-lig-Z-3,f-lig-I-0,f-lig-I-1,f-lig-I-2,f-lig-I-3,f-lig-T-0,f-lig-T-1,f-lig-T-2,f-lig-T-3,f-lig-S-0,f-lig-S-1,f-lig-S-2,f-lig-S-3,name
479.39569999999986,1077.3240000000005,1701.7548000000006,2146.4640000000004,2120.0,4944.0,7032.0,7812.0,69.0,160.0,248.0,320.0,468.0,1344.0,1748.0,1852.0,31.07010000000002,81.55840000000003,116.67920000000001,137.13919999999996,mof_primitive
281.2753000000001,638.5200000000004,1085.3547999999998,1267.932,1024.0,2496.0,3520.0,3096.0,45.0,96.0,164.0,208.0,260.0,672.0,1040.0,1136.0,17.3173,43.98240000000003,67.9796,74.71199999999997,mof_primitive
479.39569999999986,1077.3240000000005,1701.7548000000006,2146.4640000000004,2120.0,4944.0,7032.0,7812.0,69.0,160.0,248.0,320.0,468.0,1344.0,1748.0,1852.0,31.07010000000002,81.55840000000003,116.67920000000001,137.13919999999996,mof_primitive
281.2753,638.5200000000002,1085.3548,1267.932,1024.0,2496.0,3520.0,3096.0,45.0,96.0,164.0,208.0,260.0,672.0,1040.0,1136.0,17.317300000000014,43.98240000000002,67.97959999999998,74.712,mof_primitive
