f-lig-chi-0,f-lig-chi-1,f-lig-chi-2,f-lig-chi-3,f-lig-Z-0,f-lig-Z-1,f-lig-Z-2,f-lig-Z-3,f-lig-I-0,f-lig-I-1,f-lig-I-2,f-lig-I-3,f-lig-T-0,f-lig-T-1,f-lig-T-2,f-lig-T-3,f-lig-S-0,f-lig-S-1,f-lig-S-2,f-lig-S-3,name
436.59939999999995,976.7010000000006,1592.4304,2105.731999999998,1792.0,4200.0,6400.0,7616.0,70.0,154.0,252.0,344.0,406.0,1050.0,1612.0,1976.0,30.319000000000003,76.2762,119.35639999999995,149.44879999999992,mof_primitive
436.5993999999996,976.701000000001,1592.4304000000006,2105.732000000001,1792.0,4200.0,6400.0,7616.0,70.0,154.0,252.0,344.0,406.0,1050.0,1612.0,1976.0,30.319000000000027,76.27620000000002,119.3564,149.4488,mof_primitive
436.5993999999996,976.7010000000007,1592.4304000000009,2105.732000000001,1792.0,4200.0,6400.0,7616.0,70.0,154.0,252.0,344.0,406.0,1050.0,1612.0,1976.0,30.319000000000024,76.27619999999996,119.3564,149.44880000000003,mof_primitive
436.5993999999997,976.7010000000007,1592.4304000000006,2105.7319999999995,1792.0,4200.0,6400.0,7616.0,70.0,154.0,252.0,344.0,406.0,1050.0,1612.0,1976.0,30.319000000000024,76.27619999999993,119.35639999999997,149.44879999999998,mof_primitive
436.5994,976.7010000000009,1592.4304000000006,2105.7319999999986,1792.0,4200.0,6400.0,7616.0,70.0,154.0,252.0,344.0,406.0,1050.0,1612.0,1976.0,30.31900000000001,76.2762,119.35639999999997,149.44879999999992,mof_primitive
436.5994,976.7010000000007,1592.4304000000002,2105.731999999998,1792.0,4200.0,6400.0,7616.0,70.0,154.0,252.0,344.0,406.0,1050.0,1612.0,1976.0,30.319000000000003,76.2762,119.35639999999997,149.44879999999986,mof_primitive
436.59939999999966,976.7010000000008,1592.4304000000006,2105.7320000000004,1792.0,4200.0,6400.0,7616.0,70.0,154.0,252.0,344.0,406.0,1050.0,1612.0,1976.0,30.31900000000002,76.27619999999999,119.35639999999998,149.4488,mof_primitive
436.5994,976.7010000000007,1592.4304,2105.731999999998,1792.0,4200.0,6400.0,7616.0,70.0,154.0,252.0,344.0,406.0,1050.0,1612.0,1976.0,30.319000000000003,76.2762,119.35639999999997,149.4487999999999,mof_primitive
