f-chi-0-all,f-chi-1-all,f-chi-2-all,f-chi-3-all,f-Z-0-all,f-Z-1-all,f-Z-2-all,f-Z-3-all,f-I-0-all,f-I-1-all,f-I-2-all,f-I-3-all,f-T-0-all,f-T-1-all,f-T-2-all,f-T-3-all,f-S-0-all,f-S-1-all,f-S-2-all,f-S-3-all,mc-chi-0-all,mc-chi-1-all,mc-chi-2-all,mc-chi-3-all,mc-Z-0-all,mc-Z-1-all,mc-Z-2-all,mc-Z-3-all,mc-I-0-all,mc-I-1-all,mc-I-2-all,mc-I-3-all,mc-T-0-all,mc-T-1-all,mc-T-2-all,mc-T-3-all,mc-S-0-all,mc-S-1-all,mc-S-2-all,mc-S-3-all,D_mc-chi-0-all,D_mc-chi-1-all,D_mc-chi-2-all,D_mc-chi-3-all,D_mc-Z-0-all,D_mc-Z-1-all,D_mc-Z-2-all,D_mc-Z-3-all,D_mc-I-0-all,D_mc-I-1-all,D_mc-I-2-all,D_mc-I-3-all,D_mc-T-0-all,D_mc-T-1-all,D_mc-T-2-all,D_mc-T-3-all,D_mc-S-0-all,D_mc-S-1-all,D_mc-S-2-all,D_mc-S-3-all,name
241.27159999999995,387.28,1223.7348000000002,1099.32,7538.0,17456.0,26928.0,28696.0,28.0,72.0,136.0,168.0,232.0,696.0,1060.0,1200.0,27.854000000000024,79.00879999999998,127.38879999999995,154.344,0.9025,17.708,10.28375,35.99075,1444.0,2014.0,3686.0,3724.0,1.0,5.5,5.5,12.0,30.5,72.0,118.5,159.5,3.4225,7.908749999999999,11.830750000000002,16.946,0.0,-13.415000000000001,-5.599999999999999,-26.485000000000007,0.0,156.0,112.0,358.0,0.0,0.0,0.0,0.0,0.0,17.5,9.0,37.0,0.0,5.900000000000001,3.7800000000000002,13.040000000000001,mof_primitive
241.27159999999995,387.2799999999999,1223.7347999999997,1099.3199999999997,7538.0,17456.0,26928.0,28696.0,28.0,72.0,136.0,168.0,232.0,696.0,1060.0,1200.0,27.854000000000024,79.00879999999998,127.38879999999995,154.344,0.9025,17.708,10.28375,35.99075,1444.0,2014.0,3686.0,3724.0,1.0,5.5,5.5,12.0,30.5,72.0,118.5,159.5,3.4225,7.908749999999999,11.830750000000002,16.946,0.0,-13.415000000000001,-5.599999999999999,-26.485000000000007,0.0,156.0,112.0,358.0,0.0,0.0,0.0,0.0,0.0,17.5,9.0,37.0,0.0,5.900000000000001,3.7800000000000002,13.040000000000001,mof_primitive
