f-lig-chi-0,f-lig-chi-1,f-lig-chi-2,f-lig-chi-3,f-lig-Z-0,f-lig-Z-1,f-lig-Z-2,f-lig-Z-3,f-lig-I-0,f-lig-I-1,f-lig-I-2,f-lig-I-3,f-lig-T-0,f-lig-T-1,f-lig-T-2,f-lig-T-3,f-lig-S-0,f-lig-S-1,f-lig-S-2,f-lig-S-3,name
281.0342,597.3260000000004,946.5505999999996,1157.3574,1208.0,2630.0,3896.0,4128.0,42.0,90.0,142.0,180.0,232.0,582.0,842.0,916.0,18.64260000000001,44.90700000000002,67.33660000000002,76.61000000000003,mof_primitive
281.03419999999994,597.3260000000001,946.5505999999996,1157.3574000000003,1208.0,2630.0,3896.0,4128.0,42.0,90.0,142.0,180.0,232.0,582.0,842.0,916.0,18.6426,44.90700000000002,67.33660000000002,76.61000000000001,mof_primitive
281.0342,597.3260000000004,946.5506000000001,1157.3574,1208.0,2630.0,3896.0,4128.0,42.0,90.0,142.0,180.0,232.0,582.0,842.0,916.0,18.642600000000016,44.90700000000002,67.33660000000002,76.61,mof_primitive
281.0342,597.3260000000004,946.5506000000001,1157.3574,1208.0,2630.0,3896.0,4128.0,42.0,90.0,142.0,180.0,232.0,582.0,842.0,916.0,18.642600000000016,44.90700000000002,67.33660000000002,76.61,mof_primitive
281.0342,597.3260000000004,946.5506,1157.3574000000003,1208.0,2630.0,3896.0,4128.0,42.0,90.0,142.0,180.0,232.0,582.0,842.0,916.0,18.64260000000002,44.90700000000002,67.33660000000002,76.61000000000001,mof_primitive
281.03419999999994,597.3260000000002,946.5505999999999,1157.3574000000003,1208.0,2630.0,3896.0,4128.0,42.0,90.0,142.0,180.0,232.0,582.0,842.0,916.0,18.642600000000012,44.90700000000001,67.33660000000002,76.61000000000003,mof_primitive
