f-chi-0-all,f-chi-1-all,f-chi-2-all,f-chi-3-all,f-Z-0-all,f-Z-1-all,f-Z-2-all,f-Z-3-all,f-I-0-all,f-I-1-all,f-I-2-all,f-I-3-all,f-T-0-all,f-T-1-all,f-T-2-all,f-T-3-all,f-S-0-all,f-S-1-all,f-S-2-all,f-S-3-all,mc-chi-0-all,mc-chi-1-all,mc-chi-2-all,mc-chi-3-all,mc-Z-0-all,mc-Z-1-all,mc-Z-2-all,mc-Z-3-all,mc-I-0-all,mc-I-1-all,mc-I-2-all,mc-I-3-all,mc-T-0-all,mc-T-1-all,mc-T-2-all,mc-T-3-all,mc-S-0-all,mc-S-1-all,mc-S-2-all,mc-S-3-all,D_mc-chi-0-all,D_mc-chi-1-all,D_mc-chi-2-all,D_mc-chi-3-all,D_mc-Z-0-all,D_mc-Z-1-all,D_mc-Z-2-all,D_mc-Z-3-all,D_mc-I-0-all,D_mc-I-1-all,D_mc-I-2-all,D_mc-I-3-all,D_mc-T-0-all,D_mc-T-1-all,D_mc-T-2-all,D_mc-T-3-all,D_mc-S-0-all,D_mc-S-1-all,D_mc-S-2-all,D_mc-S-3-all,name
1438.3939999999968,3324.5279999999925,6864.566399999999,10226.841600000003,25520.0,49920.0,72384.0,115968.0,180.0,480.0,880.0,1376.0,1360.0,3776.0,6592.0,10096.0,125.33319999999992,339.48479999999864,595.4864000000006,932.105600000002,2.7224999999999984,21.648000000000003,23.561999999999998,51.018,900.0,912.0,1008.0,1968.0,1.0,4.0,5.6,11.2,16.0,38.4,67.2,110.4,1.7161000000000004,3.86712,5.648720000000001,10.291360000000006,0.0,-6.5200000000000005,-5.04,-12.440000000000003,0.0,89.6,134.4,270.4,0.0,0.0,0.0,0.0,0.0,6.4,5.6,17.2,0.0,2.2880000000000007,3.024000000000001,6.8160000000000025,mof_primitive
