f-lig-chi-0,f-lig-chi-1,f-lig-chi-2,f-lig-chi-3,f-lig-Z-0,f-lig-Z-1,f-lig-Z-2,f-lig-Z-3,f-lig-I-0,f-lig-I-1,f-lig-I-2,f-lig-I-3,f-lig-T-0,f-lig-T-1,f-lig-T-2,f-lig-T-3,f-lig-S-0,f-lig-S-1,f-lig-S-2,f-lig-S-3,name
421.9388,900.9440000000005,1568.980800000001,2136.376,1550.0,3440.0,5328.0,6904.0,66.0,140.0,252.0,352.0,416.0,1180.0,1800.0,2332.0,24.971400000000003,63.97400000000004,101.862,136.67999999999998,mof_primitive
421.9388,900.9440000000005,1568.980800000001,2136.376,1550.0,3440.0,5328.0,6904.0,66.0,140.0,252.0,352.0,416.0,1180.0,1800.0,2332.0,24.971400000000003,63.97400000000004,101.862,136.67999999999998,mof_primitive
421.9388,900.9440000000005,1568.980800000001,2136.376,1550.0,3440.0,5328.0,6904.0,66.0,140.0,252.0,352.0,416.0,1180.0,1800.0,2332.0,24.971400000000003,63.97400000000004,101.862,136.67999999999998,mof_primitive
421.9388,900.9440000000005,1568.980800000001,2136.376,1550.0,3440.0,5328.0,6904.0,66.0,140.0,252.0,352.0,416.0,1180.0,1800.0,2332.0,24.971400000000003,63.97400000000004,101.862,136.67999999999998,mof_primitive
