f-lig-chi-0,f-lig-chi-1,f-lig-chi-2,f-lig-chi-3,f-lig-Z-0,f-lig-Z-1,f-lig-Z-2,f-lig-Z-3,f-lig-I-0,f-lig-I-1,f-lig-I-2,f-lig-I-3,f-lig-T-0,f-lig-T-1,f-lig-T-2,f-lig-T-3,f-lig-S-0,f-lig-S-1,f-lig-S-2,f-lig-S-3,name
271.15439999999995,578.3910000000002,925.8604,1186.7920000000001,1134.0,2496.0,3712.0,4144.0,42.0,90.0,144.0,192.0,234.0,594.0,880.0,1024.0,18.27780000000001,44.49060000000002,67.64320000000002,81.40800000000002,mof_primitive
18.4832,18.4832,0.0,0.0,98.0,98.0,0.0,0.0,2.0,2.0,0.0,0.0,2.0,2.0,0.0,0.0,1.125,1.125,0.0,0.0,mof_primitive
73.3444,109.19099999999997,143.52039999999997,83.18099999999998,400.0,600.0,784.0,456.0,8.0,14.0,16.0,10.0,30.0,56.0,44.0,34.0,4.5032000000000005,8.054200000000002,9.0,5.682600000000001,mof_primitive
