f-lig-chi-0,f-lig-chi-1,f-lig-chi-2,f-lig-chi-3,f-lig-Z-0,f-lig-Z-1,f-lig-Z-2,f-lig-Z-3,f-lig-I-0,f-lig-I-1,f-lig-I-2,f-lig-I-3,f-lig-T-0,f-lig-T-1,f-lig-T-2,f-lig-T-3,f-lig-S-0,f-lig-S-1,f-lig-S-2,f-lig-S-3,name
105.7094,180.08100000000002,259.2904,266.095,476.0,792.0,1024.0,742.0,14.0,26.0,36.0,40.0,62.0,138.0,148.0,128.0,6.236599999999999,12.705,15.93,14.455200000000003,mof_primitive
105.7094,180.08100000000002,259.2904,266.095,476.0,792.0,1024.0,742.0,14.0,26.0,36.0,40.0,62.0,138.0,148.0,128.0,6.236599999999999,12.705000000000004,15.930000000000001,14.455200000000003,mof_primitive
190.09439999999995,394.02600000000007,635.1604000000001,799.9769999999997,840.0,1776.0,2704.0,3108.0,28.0,60.0,96.0,126.0,156.0,396.0,592.0,702.0,12.713200000000006,30.39960000000001,46.57600000000001,56.420600000000015,mof_primitive
121.89189999999999,215.52600000000004,325.56039999999996,340.06499999999994,514.0,888.0,1186.0,954.0,17.0,32.0,48.0,52.0,80.0,180.0,208.0,212.0,7.103299999999999,15.030400000000004,19.692800000000002,19.698,mof_primitive
121.8919,215.52600000000007,325.56039999999996,340.065,514.0,888.0,1186.0,954.0,17.0,32.0,48.0,52.0,80.0,180.0,208.0,212.0,7.103299999999999,15.030400000000004,19.692800000000002,19.698,mof_primitive
105.7094,180.081,259.2904,266.095,476.0,792.0,1024.0,742.0,14.0,26.0,36.0,40.0,62.0,138.0,148.0,128.0,6.2366,12.705000000000002,15.93,14.455200000000001,mof_primitive
