f-chi-0-all,f-chi-1-all,f-chi-2-all,f-chi-3-all,f-Z-0-all,f-Z-1-all,f-Z-2-all,f-Z-3-all,f-I-0-all,f-I-1-all,f-I-2-all,f-I-3-all,f-T-0-all,f-T-1-all,f-T-2-all,f-T-3-all,f-S-0-all,f-S-1-all,f-S-2-all,f-S-3-all,mc-chi-0-all,mc-chi-1-all,mc-chi-2-all,mc-chi-3-all,mc-Z-0-all,mc-Z-1-all,mc-Z-2-all,mc-Z-3-all,mc-I-0-all,mc-I-1-all,mc-I-2-all,mc-I-3-all,mc-T-0-all,mc-T-1-all,mc-T-2-all,mc-T-3-all,mc-S-0-all,mc-S-1-all,mc-S-2-all,mc-S-3-all,D_mc-chi-0-all,D_mc-chi-1-all,D_mc-chi-2-all,D_mc-chi-3-all,D_mc-Z-0-all,D_mc-Z-1-all,D_mc-Z-2-all,D_mc-Z-3-all,D_mc-I-0-all,D_mc-I-1-all,D_mc-I-2-all,D_mc-I-3-all,D_mc-T-0-all,D_mc-T-1-all,D_mc-T-2-all,D_mc-T-3-all,D_mc-S-0-all,D_mc-S-1-all,D_mc-S-2-all,D_mc-S-3-all,name
1595.183999999996,3610.915200000012,12179.085599999991,17764.02079999999,70048.0,122112.0,254688.0,351040.0,192.0,576.0,1440.0,2432.0,2064.0,6816.0,14536.0,23904.0,146.87200000000038,486.2431999999996,1064.5688000000018,1801.4191999999998,1.3688999999999998,27.2376,27.413099999999996,72.58095,3844.0,3348.0,8928.0,8432.0,1.0,7.0,10.0,20.5,50.0,129.0,260.0,356.0,2.9583999999999997,8.858000000000002,15.695,24.983000000000004,0.0,-15.090000000000003,-11.729999999999997,-38.05,0.0,380.0,476.0,1135.0,0.0,0.0,0.0,0.0,0.0,32.0,34.5,96.0,0.0,6.890000000000001,8.075,20.735,mof_primitive
1595.1839999999959,3610.915200000012,12179.085599999991,17764.02079999999,70048.0,122112.0,254688.0,351040.0,192.0,576.0,1440.0,2432.0,2064.0,6816.0,14536.0,23904.0,146.87200000000038,486.24319999999955,1064.5688000000018,1801.4191999999998,1.3688999999999998,27.2376,27.413099999999993,72.58095,3844.0,3348.0,8928.0,8432.0,1.0,7.0,10.0,20.5,50.0,129.0,260.0,356.0,2.9583999999999993,8.858000000000002,15.694999999999999,24.983000000000004,0.0,-15.090000000000003,-11.729999999999997,-38.050000000000004,0.0,380.0,476.0,1135.0,0.0,0.0,0.0,0.0,0.0,32.0,34.5,96.0,0.0,6.890000000000001,8.075,20.735,mof_primitive
