f-lig-chi-0,f-lig-chi-1,f-lig-chi-2,f-lig-chi-3,f-lig-Z-0,f-lig-Z-1,f-lig-Z-2,f-lig-Z-3,f-lig-I-0,f-lig-I-1,f-lig-I-2,f-lig-I-3,f-lig-T-0,f-lig-T-1,f-lig-T-2,f-lig-T-3,f-lig-S-0,f-lig-S-1,f-lig-S-2,f-lig-S-3,name
182.56949999999995,341.63799999999986,554.6535999999999,683.4169999999999,866.0,1612.0,2466.0,2770.0,23.0,48.0,76.0,96.0,128.0,330.0,454.0,502.0,10.9079,24.887600000000006,37.325599999999994,44.08880000000001,mof_primitive
171.56909999999996,332.5599999999999,528.6655999999999,648.3509999999998,786.0,1516.0,2258.0,2466.0,23.0,48.0,76.0,96.0,128.0,330.0,454.0,502.0,10.540700000000001,24.364,36.0268,42.26640000000001,mof_primitive
171.56909999999996,332.5599999999999,528.6655999999999,648.3509999999998,786.0,1516.0,2258.0,2466.0,23.0,48.0,76.0,96.0,128.0,330.0,454.0,502.0,10.540700000000001,24.364000000000004,36.026799999999994,42.26640000000001,mof_primitive
73.3444,109.19099999999999,143.52039999999997,83.18099999999998,400.0,600.0,784.0,456.0,8.0,14.0,16.0,10.0,30.0,56.0,44.0,34.0,4.5032,8.0542,9.0,5.682600000000001,mof_primitive
73.3444,109.19099999999999,143.52039999999997,83.18099999999998,400.0,600.0,784.0,456.0,8.0,14.0,16.0,10.0,30.0,56.0,44.0,34.0,4.5032,8.0542,9.0,5.682600000000001,mof_primitive
73.3444,109.19099999999997,143.52039999999997,83.18099999999998,400.0,600.0,784.0,456.0,8.0,14.0,16.0,10.0,30.0,56.0,44.0,34.0,4.5032,8.054200000000002,9.0,5.682600000000001,mof_primitive
