f-chi-0-all,f-chi-1-all,f-chi-2-all,f-chi-3-all,f-Z-0-all,f-Z-1-all,f-Z-2-all,f-Z-3-all,f-I-0-all,f-I-1-all,f-I-2-all,f-I-3-all,f-T-0-all,f-T-1-all,f-T-2-all,f-T-3-all,f-S-0-all,f-S-1-all,f-S-2-all,f-S-3-all,mc-chi-0-all,mc-chi-1-all,mc-chi-2-all,mc-chi-3-all,mc-Z-0-all,mc-Z-1-all,mc-Z-2-all,mc-Z-3-all,mc-I-0-all,mc-I-1-all,mc-I-2-all,mc-I-3-all,mc-T-0-all,mc-T-1-all,mc-T-2-all,mc-T-3-all,mc-S-0-all,mc-S-1-all,mc-S-2-all,mc-S-3-all,D_mc-chi-0-all,D_mc-chi-1-all,D_mc-chi-2-all,D_mc-chi-3-all,D_mc-Z-0-all,D_mc-Z-1-all,D_mc-Z-2-all,D_mc-Z-3-all,D_mc-I-0-all,D_mc-I-1-all,D_mc-I-2-all,D_mc-I-3-all,D_mc-T-0-all,D_mc-T-1-all,D_mc-T-2-all,D_mc-T-3-all,D_mc-S-0-all,D_mc-S-1-all,D_mc-S-2-all,D_mc-S-3-all,name
341.7684,678.3808,1871.1703999999984,2767.6288,11012.0,20256.0,43236.0,45408.0,40.0,96.0,208.0,352.0,304.0,912.0,1700.0,2352.0,29.0244,79.32320000000001,159.14399999999995,244.68239999999997,2.8561,34.205600000000004,35.878699999999995,100.20010000000002,2304.0,2256.0,6624.0,6240.0,1.0,6.0,9.0,20.0,36.0,90.0,198.0,294.0,2.1904,6.511999999999999,12.358,21.016000000000005,0.0,-10.1,-6.019999999999998,-25.49,0.0,241.0,294.0,830.0,0.0,0.0,0.0,0.0,0.0,21.0,21.0,71.0,0.0,4.48,4.97,15.400000000000006,mof_primitive
341.76839999999993,678.3808,1871.1703999999986,2767.6288,11012.0,20256.0,43236.0,45408.0,40.0,96.0,208.0,352.0,304.0,912.0,1700.0,2352.0,29.0244,79.32320000000001,159.14399999999995,244.68239999999994,2.8560999999999996,34.205600000000004,35.878699999999995,100.20010000000002,2304.0,2256.0,6624.0,6240.0,1.0,6.0,9.0,20.0,36.0,90.0,198.0,294.0,2.1904,6.511999999999999,12.358,21.016000000000005,0.0,-10.1,-6.019999999999998,-25.490000000000002,0.0,241.0,294.0,830.0,0.0,0.0,0.0,0.0,0.0,21.0,21.0,71.0,0.0,4.48,4.97,15.400000000000006,mof_primitive
