f-chi-0-all,f-chi-1-all,f-chi-2-all,f-chi-3-all,f-Z-0-all,f-Z-1-all,f-Z-2-all,f-Z-3-all,f-I-0-all,f-I-1-all,f-I-2-all,f-I-3-all,f-T-0-all,f-T-1-all,f-T-2-all,f-T-3-all,f-S-0-all,f-S-1-all,f-S-2-all,f-S-3-all,mc-chi-0-all,mc-chi-1-all,mc-chi-2-all,mc-chi-3-all,mc-Z-0-all,mc-Z-1-all,mc-Z-2-all,mc-Z-3-all,mc-I-0-all,mc-I-1-all,mc-I-2-all,mc-I-3-all,mc-T-0-all,mc-T-1-all,mc-T-2-all,mc-T-3-all,mc-S-0-all,mc-S-1-all,mc-S-2-all,mc-S-3-all,D_mc-chi-0-all,D_mc-chi-1-all,D_mc-chi-2-all,D_mc-chi-3-all,D_mc-Z-0-all,D_mc-Z-1-all,D_mc-Z-2-all,D_mc-Z-3-all,D_mc-I-0-all,D_mc-I-1-all,D_mc-I-2-all,D_mc-I-3-all,D_mc-T-0-all,D_mc-T-1-all,D_mc-T-2-all,D_mc-T-3-all,D_mc-S-0-all,D_mc-S-1-all,D_mc-S-2-all,D_mc-S-3-all,name
126.1238,231.168,381.83079999999995,326.11199999999997,2456.0,4608.0,3952.0,3456.0,14.0,32.0,40.0,40.0,80.0,192.0,208.0,192.0,10.067,24.294400000000003,27.0256,25.637600000000006,2.7224999999999997,22.703999999999997,12.622499999999999,23.974499999999995,900.0,960.0,540.0,1020.0,1.0,4.0,3.0,5.0,16.0,32.0,36.0,52.0,1.7161000000000002,3.8252,3.0261000000000005,4.938700000000001,0.0,-7.16,-2.6999999999999997,-6.280000000000001,0.0,88.0,72.0,116.0,0.0,0.0,0.0,0.0,0.0,8.0,3.0,7.0,0.0,2.3200000000000003,1.62,2.7800000000000002,mof_primitive
126.12379999999999,231.168,381.8308,326.1119999999999,2456.0,4608.0,3952.0,3456.0,14.0,32.0,40.0,40.0,80.0,192.0,208.0,192.0,10.067,24.294400000000003,27.025600000000004,25.637600000000006,2.7224999999999997,22.703999999999997,12.622499999999999,23.974499999999995,900.0,960.0,540.0,1020.0,1.0,4.0,3.0,5.0,16.0,32.0,36.0,52.0,1.7161000000000002,3.8252,3.0261000000000005,4.938700000000001,0.0,-7.16,-2.6999999999999997,-6.280000000000001,0.0,88.0,72.0,116.0,0.0,0.0,0.0,0.0,0.0,8.0,3.0,7.0,0.0,2.3200000000000003,1.62,2.7800000000000002,mof_primitive
