f-lig-chi-0,f-lig-chi-1,f-lig-chi-2,f-lig-chi-3,f-lig-Z-0,f-lig-Z-1,f-lig-Z-2,f-lig-Z-3,f-lig-I-0,f-lig-I-1,f-lig-I-2,f-lig-I-3,f-lig-T-0,f-lig-T-1,f-lig-T-2,f-lig-T-3,f-lig-S-0,f-lig-S-1,f-lig-S-2,f-lig-S-3,name
246.12659999999994,509.0819999999999,835.3624000000001,967.305,1044.0,2208.0,3292.0,3930.0,36.0,76.0,124.0,146.0,200.0,488.0,700.0,870.0,15.512400000000001,37.17560000000001,56.049200000000006,68.15380000000002,mof_primitive
118.71439999999998,219.096,337.3204,385.38700000000006,548.0,1008.0,1456.0,1420.0,16.0,32.0,48.0,58.0,80.0,192.0,256.0,250.0,7.4224000000000006,16.262400000000003,23.044800000000002,24.679399999999998,mof_primitive
118.7144,219.096,337.3204,385.387,548.0,1008.0,1456.0,1420.0,16.0,32.0,48.0,58.0,80.0,192.0,256.0,250.0,7.422399999999999,16.262400000000003,23.044800000000002,24.6794,mof_primitive
146.73049999999998,276.62399999999997,437.4213999999999,469.4849999999999,650.0,1224.0,1750.0,1866.0,20.0,40.0,62.0,68.0,102.0,238.0,310.0,336.0,8.822000000000001,19.650400000000005,27.781399999999994,30.69,mof_primitive
140.71519999999998,237.25199999999995,373.6324,455.5189999999999,708.0,1200.0,1840.0,2028.0,16.0,32.0,48.0,58.0,80.0,192.0,256.0,250.0,8.156799999999999,17.309600000000003,25.139199999999995,28.324199999999994,mof_primitive
118.71440000000001,219.096,337.3204,385.387,548.0,1008.0,1456.0,1420.0,16.0,32.0,48.0,58.0,80.0,192.0,256.0,250.0,7.422399999999999,16.262400000000003,23.044800000000006,24.6794,mof_primitive
