f-chi-0-all,f-chi-1-all,f-chi-2-all,f-chi-3-all,f-Z-0-all,f-Z-1-all,f-Z-2-all,f-Z-3-all,f-I-0-all,f-I-1-all,f-I-2-all,f-I-3-all,f-T-0-all,f-T-1-all,f-T-2-all,f-T-3-all,f-S-0-all,f-S-1-all,f-S-2-all,f-S-3-all,mc-chi-0-all,mc-chi-1-all,mc-chi-2-all,mc-chi-3-all,mc-Z-0-all,mc-Z-1-all,mc-Z-2-all,mc-Z-3-all,mc-I-0-all,mc-I-1-all,mc-I-2-all,mc-I-3-all,mc-T-0-all,mc-T-1-all,mc-T-2-all,mc-T-3-all,mc-S-0-all,mc-S-1-all,mc-S-2-all,mc-S-3-all,D_mc-chi-0-all,D_mc-chi-1-all,D_mc-chi-2-all,D_mc-chi-3-all,D_mc-Z-0-all,D_mc-Z-1-all,D_mc-Z-2-all,D_mc-Z-3-all,D_mc-I-0-all,D_mc-I-1-all,D_mc-I-2-all,D_mc-I-3-all,D_mc-T-0-all,D_mc-T-1-all,D_mc-T-2-all,D_mc-T-3-all,D_mc-S-0-all,D_mc-S-1-all,D_mc-S-2-all,D_mc-S-3-all,name
270.09509999999995,513.2479999999998,956.3403999999996,1132.4479999999999,7614.0,12704.0,26776.0,23648.0,33.0,76.0,120.0,164.0,204.0,564.0,886.0,1072.0,25.556100000000015,60.47320000000001,98.45279999999998,118.698,2.7224999999999993,19.460571428571427,18.102857142857143,46.134,900.0,822.8571428571429,2905.714285714286,1954.2857142857142,1.0,3.4285714285714284,5.428571428571429,8.571428571428571,12.0,33.42857142857143,56.857142857142854,74.57142857142857,1.7161000000000006,3.278742857142857,7.047800000000003,8.286685714285715,0.0,-6.137142857142857,-2.014285714285715,-13.817142857142853,0.0,75.42857142857143,66.0,192.0,0.0,0.0,0.0,0.0,0.0,2.5714285714285716,2.857142857142857,8.0,0.0,1.9885714285714293,1.731428571428571,4.902857142857144,mof_primitive
270.09509999999995,513.2479999999998,956.3403999999997,1132.4479999999999,7614.0,12704.0,26776.0,23648.0,33.0,76.0,120.0,164.0,204.0,564.0,886.0,1072.0,25.55610000000002,60.47320000000001,98.4528,118.698,2.7224999999999993,19.460571428571427,18.102857142857143,46.134,900.0,822.8571428571429,2905.714285714286,1954.2857142857142,1.0,3.4285714285714284,5.428571428571429,8.571428571428571,12.0,33.42857142857143,56.857142857142854,74.57142857142857,1.7161000000000006,3.278742857142857,7.047800000000003,8.286685714285715,0.0,-6.137142857142857,-2.014285714285715,-13.817142857142853,0.0,75.42857142857143,66.0,192.0,0.0,0.0,0.0,0.0,0.0,2.5714285714285716,2.857142857142857,8.0,0.0,1.9885714285714293,1.731428571428571,4.902857142857144,mof_primitive
