f-lig-chi-0,f-lig-chi-1,f-lig-chi-2,f-lig-chi-3,f-lig-Z-0,f-lig-Z-1,f-lig-Z-2,f-lig-Z-3,f-lig-I-0,f-lig-I-1,f-lig-I-2,f-lig-I-3,f-lig-T-0,f-lig-T-1,f-lig-T-2,f-lig-T-3,f-lig-S-0,f-lig-S-1,f-lig-S-2,f-lig-S-3,name
190.09439999999995,394.02599999999995,635.1604,799.4869999999999,840.0,1776.0,2704.0,3008.0,28.0,60.0,96.0,126.0,156.0,396.0,592.0,686.0,12.7132,30.39960000000001,46.57600000000001,55.78060000000002,mof_primitive
116.61350000000002,197.37,278.36439999999993,303.753,560.0,936.0,1228.0,1050.0,15.0,28.0,38.0,44.0,66.0,148.0,166.0,156.0,7.255099999999999,14.476000000000004,18.317000000000004,18.5892,mof_primitive
105.7094,180.08100000000002,259.2903999999999,266.095,476.0,792.0,1024.0,742.0,14.0,26.0,36.0,40.0,62.0,138.0,148.0,128.0,6.236599999999999,12.705000000000004,15.930000000000003,14.455200000000001,mof_primitive
190.09439999999995,394.02599999999995,635.1604,799.4869999999999,840.0,1776.0,2704.0,3008.0,28.0,60.0,96.0,126.0,156.0,396.0,592.0,686.0,12.7132,30.39960000000001,46.57600000000001,55.78060000000002,mof_primitive
