f-lig-chi-0,f-lig-chi-1,f-lig-chi-2,f-lig-chi-3,f-lig-Z-0,f-lig-Z-1,f-lig-Z-2,f-lig-Z-3,f-lig-I-0,f-lig-I-1,f-lig-I-2,f-lig-I-3,f-lig-T-0,f-lig-T-1,f-lig-T-2,f-lig-T-3,f-lig-S-0,f-lig-S-1,f-lig-S-2,f-lig-S-3,name
206.27689999999996,429.47099999999995,701.4304,873.4569999999999,878.0,1872.0,2866.0,3220.0,31.0,66.0,108.0,138.0,174.0,438.0,652.0,770.0,13.579900000000002,32.72500000000001,50.338800000000006,61.023400000000024,mof_primitive
206.27689999999996,429.47099999999995,701.4304,873.4569999999999,878.0,1872.0,2866.0,3220.0,31.0,66.0,108.0,138.0,174.0,438.0,652.0,770.0,13.579900000000002,32.72500000000001,50.338800000000006,61.023400000000024,mof_primitive
118.71440000000001,219.096,337.3204,385.38699999999994,548.0,1008.0,1456.0,1420.0,16.0,32.0,48.0,58.0,80.0,192.0,256.0,250.0,7.422399999999999,16.262400000000003,23.044800000000002,24.679399999999994,mof_primitive
118.71440000000001,219.096,337.32040000000006,385.38699999999994,548.0,1008.0,1456.0,1420.0,16.0,32.0,48.0,58.0,80.0,192.0,256.0,250.0,7.422399999999999,16.262400000000003,23.044800000000002,24.679399999999994,mof_primitive
