f-lig-chi-0,f-lig-chi-1,f-lig-chi-2,f-lig-chi-3,f-lig-Z-0,f-lig-Z-1,f-lig-Z-2,f-lig-Z-3,f-lig-I-0,f-lig-I-1,f-lig-I-2,f-lig-I-3,f-lig-T-0,f-lig-T-1,f-lig-T-2,f-lig-T-3,f-lig-S-0,f-lig-S-1,f-lig-S-2,f-lig-S-3,name
170.43939999999998,347.871,678.9604,1034.3129999999999,628.0,1320.0,2236.0,2688.0,26.0,54.0,108.0,170.0,162.0,456.0,768.0,848.0,9.7034,24.378200000000003,43.290800000000004,59.54180000000002,mof_primitive
141.39939999999999,280.55099999999993,453.58039999999994,514.8969999999999,622.0,1248.0,1796.0,1882.0,20.0,42.0,68.0,80.0,114.0,292.0,388.0,412.0,8.882000000000001,20.9594,30.6148,33.75520000000001,mof_primitive
169.41549999999998,338.07899999999995,559.1374,609.3469999999998,724.0,1464.0,2104.0,2270.0,24.0,50.0,82.0,92.0,136.0,340.0,454.0,516.0,10.281600000000001,24.3474,35.617799999999995,40.04760000000001,mof_primitive
169.41549999999998,338.0789999999999,553.6813999999999,598.9949999999999,724.0,1464.0,2090.0,2328.0,24.0,50.0,82.0,90.0,136.0,338.0,442.0,498.0,10.2816,24.347399999999997,35.3514,39.76580000000001,mof_primitive
141.39939999999999,280.55099999999993,453.58039999999994,514.8969999999999,622.0,1248.0,1796.0,1882.0,20.0,42.0,68.0,80.0,114.0,292.0,388.0,412.0,8.882000000000001,20.9594,30.6148,33.75520000000001,mof_primitive
141.39939999999999,280.55099999999993,453.5804,514.8969999999999,622.0,1248.0,1796.0,1882.0,20.0,42.0,68.0,80.0,114.0,292.0,388.0,412.0,8.882,20.9594,30.614800000000002,33.7552,mof_primitive
