f-chi-0-all,f-chi-1-all,f-chi-2-all,f-chi-3-all,f-Z-0-all,f-Z-1-all,f-Z-2-all,f-Z-3-all,f-I-0-all,f-I-1-all,f-I-2-all,f-I-3-all,f-T-0-all,f-T-1-all,f-T-2-all,f-T-3-all,f-S-0-all,f-S-1-all,f-S-2-all,f-S-3-all,mc-chi-0-all,mc-chi-1-all,mc-chi-2-all,mc-chi-3-all,mc-Z-0-all,mc-Z-1-all,mc-Z-2-all,mc-Z-3-all,mc-I-0-all,mc-I-1-all,mc-I-2-all,mc-I-3-all,mc-T-0-all,mc-T-1-all,mc-T-2-all,mc-T-3-all,mc-S-0-all,mc-S-1-all,mc-S-2-all,mc-S-3-all,D_mc-chi-0-all,D_mc-chi-1-all,D_mc-chi-2-all,D_mc-chi-3-all,D_mc-Z-0-all,D_mc-Z-1-all,D_mc-Z-2-all,D_mc-Z-3-all,D_mc-I-0-all,D_mc-I-1-all,D_mc-I-2-all,D_mc-I-3-all,D_mc-T-0-all,D_mc-T-1-all,D_mc-T-2-all,D_mc-T-3-all,D_mc-S-0-all,D_mc-S-1-all,D_mc-S-2-all,D_mc-S-3-all,name
470.62199999999996,923.3719999999997,3307.783999999999,3812.1856000000007,7472.0,23584.0,45824.0,66816.0,56.0,168.0,384.0,564.0,632.0,2224.0,4044.0,5716.0,53.75199999999997,173.60799999999992,346.02000000000015,508.03280000000007,1.0,20.21,17.044999999999995,58.81499999999998,400.0,1040.0,2180.0,3020.0,1.0,6.0,8.0,19.0,36.0,105.0,207.0,312.0,2.9241000000000006,7.737749999999999,15.586649999999995,25.17975000000001,0.0,-14.209999999999997,-9.045,-39.815,0.0,68.0,51.0,229.0,0.0,0.0,0.0,0.0,0.0,18.5,13.5,62.0,0.0,5.734999999999999,4.565,17.765,mof_primitive
470.62199999999996,923.3719999999997,3307.7839999999987,3812.1856,7472.0,23584.0,45824.0,66816.0,56.0,168.0,384.0,564.0,632.0,2224.0,4044.0,5716.0,53.75199999999997,173.60799999999992,346.02000000000015,508.03280000000007,1.0,20.21,17.044999999999995,58.81499999999998,400.0,1040.0,2180.0,3020.0,1.0,6.0,8.0,19.0,36.0,105.0,207.0,312.0,2.9241000000000006,7.737749999999999,15.586649999999995,25.17975000000001,0.0,-14.209999999999997,-9.045,-39.815,0.0,68.0,51.0,229.0,0.0,0.0,0.0,0.0,0.0,18.5,13.5,62.0,0.0,5.734999999999999,4.565,17.765,mof_primitive
