f-lig-chi-0,f-lig-chi-1,f-lig-chi-2,f-lig-chi-3,f-lig-Z-0,f-lig-Z-1,f-lig-Z-2,f-lig-Z-3,f-lig-I-0,f-lig-I-1,f-lig-I-2,f-lig-I-3,f-lig-T-0,f-lig-T-1,f-lig-T-2,f-lig-T-3,f-lig-S-0,f-lig-S-1,f-lig-S-2,f-lig-S-3,name
218.25759999999997,456.09799999999996,716.5364,922.8329999999999,940.0,1976.0,3044.0,3660.0,32.0,68.0,108.0,142.0,176.0,444.0,668.0,830.0,14.112000000000002,33.790000000000006,51.743600000000015,65.05260000000003,mof_primitive
218.25759999999997,456.09799999999996,716.5364,922.8329999999999,940.0,1976.0,3044.0,3660.0,32.0,68.0,108.0,142.0,176.0,444.0,668.0,830.0,14.112000000000002,33.790000000000006,51.743600000000015,65.05260000000003,mof_primitive
86.34939999999999,135.20099999999996,169.53039999999993,109.19099999999995,472.0,744.0,928.0,600.0,10.0,18.0,20.0,14.0,38.0,72.0,60.0,48.0,5.688999999999999,10.4258,11.3716,8.0542,mof_primitive
86.34939999999999,135.20099999999996,169.53039999999993,109.19099999999995,472.0,744.0,928.0,600.0,10.0,18.0,20.0,14.0,38.0,72.0,60.0,48.0,5.688999999999999,10.4258,11.3716,8.0542,mof_primitive
