f-lig-chi-0,f-lig-chi-1,f-lig-chi-2,f-lig-chi-3,f-lig-Z-0,f-lig-Z-1,f-lig-Z-2,f-lig-Z-3,f-lig-I-0,f-lig-I-1,f-lig-I-2,f-lig-I-3,f-lig-T-0,f-lig-T-1,f-lig-T-2,f-lig-T-3,f-lig-S-0,f-lig-S-1,f-lig-S-2,f-lig-S-3,name
122.22820000000002,268.82099999999997,406.22,458.812,466.0,1080.0,1400.0,1288.0,20.0,42.0,64.0,76.0,106.0,258.0,352.0,360.0,8.149199999999999,19.8506,27.90720000000001,28.971600000000002,mof_primitive
233.22699999999992,447.23980000000006,691.7768,855.8899999999998,1120.0,2152.0,3200.0,3584.0,30.0,62.0,96.0,124.0,158.0,390.0,560.0,652.0,14.5102,32.39260000000001,48.430400000000006,58.17560000000002,mof_primitive
122.2282,268.821,406.22,458.81200000000007,466.0,1080.0,1400.0,1288.0,20.0,42.0,64.0,76.0,106.0,258.0,352.0,360.0,8.149200000000002,19.850600000000004,27.907200000000007,28.971600000000002,mof_primitive
233.22699999999992,447.23980000000006,691.7767999999999,855.8899999999999,1120.0,2152.0,3200.0,3584.0,30.0,62.0,96.0,124.0,158.0,390.0,560.0,652.0,14.5102,32.3926,48.43039999999999,58.175600000000024,mof_primitive
122.2282,268.821,406.2200000000001,458.81200000000007,466.0,1080.0,1400.0,1288.0,20.0,42.0,64.0,76.0,106.0,258.0,352.0,360.0,8.149200000000002,19.850600000000007,27.907200000000003,28.971600000000002,mof_primitive
233.22699999999998,447.23980000000006,691.7768,855.89,1120.0,2152.0,3200.0,3584.0,30.0,62.0,96.0,124.0,158.0,390.0,560.0,652.0,14.5102,32.3926,48.43040000000001,58.1756,mof_primitive
122.22820000000003,268.8210000000001,406.2200000000001,458.81199999999995,466.0,1080.0,1400.0,1288.0,20.0,42.0,64.0,76.0,106.0,258.0,352.0,360.0,8.1492,19.850600000000004,27.907200000000007,28.971600000000013,mof_primitive
233.227,447.23980000000006,691.7768000000001,855.8899999999998,1120.0,2152.0,3200.0,3584.0,30.0,62.0,96.0,124.0,158.0,390.0,560.0,652.0,14.510200000000005,32.3926,48.43040000000001,58.175599999999996,mof_primitive
