f-chi-0-all,f-chi-1-all,f-chi-2-all,f-chi-3-all,f-Z-0-all,f-Z-1-all,f-Z-2-all,f-Z-3-all,f-I-0-all,f-I-1-all,f-I-2-all,f-I-3-all,f-T-0-all,f-T-1-all,f-T-2-all,f-T-3-all,f-S-0-all,f-S-1-all,f-S-2-all,f-S-3-all,mc-chi-0-all,mc-chi-1-all,mc-chi-2-all,mc-chi-3-all,mc-Z-0-all,mc-Z-1-all,mc-Z-2-all,mc-Z-3-all,mc-I-0-all,mc-I-1-all,mc-I-2-all,mc-I-3-all,mc-T-0-all,mc-T-1-all,mc-T-2-all,mc-T-3-all,mc-S-0-all,mc-S-1-all,mc-S-2-all,mc-S-3-all,D_mc-chi-0-all,D_mc-chi-1-all,D_mc-chi-2-all,D_mc-chi-3-all,D_mc-Z-0-all,D_mc-Z-1-all,D_mc-Z-2-all,D_mc-Z-3-all,D_mc-I-0-all,D_mc-I-1-all,D_mc-I-2-all,D_mc-I-3-all,D_mc-T-0-all,D_mc-T-1-all,D_mc-T-2-all,D_mc-T-3-all,D_mc-S-0-all,D_mc-S-1-all,D_mc-S-2-all,D_mc-S-3-all,name
150.35989999999998,300.656,663.1456,716.8959999999998,3422.0,6944.0,11224.0,8704.0,18.0,44.0,78.0,96.0,132.0,400.0,600.0,500.0,12.5898,33.8136,54.74819999999999,55.6552,2.7225,24.595999999999997,22.5225,38.19749999999999,900.0,1040.0,2280.0,1620.0,1.0,4.333333333333333,6.333333333333333,7.333333333333333,19.0,55.333333333333336,77.0,72.33333333333333,1.7161000000000002,4.143966666666667,6.755233333333334,7.135133333333333,0.0,-7.756666666666667,-3.2000000000000006,-11.05,0.0,95.33333333333331,114.0,166.0,0.0,0.0,0.0,0.0,0.0,6.333333333333333,10.0,15.0,0.0,2.5133333333333336,3.14,4.16,mof_primitive
150.35989999999998,300.656,663.1456,716.8959999999998,3422.0,6944.0,11224.0,8704.0,18.0,44.0,78.0,96.0,132.0,400.0,600.0,500.0,12.589799999999999,33.8136,54.74819999999999,55.655199999999994,2.7224999999999997,24.595999999999993,22.522499999999997,38.19749999999999,900.0,1040.0,2280.0,1620.0,1.0,4.333333333333333,6.333333333333333,7.333333333333333,19.0,55.333333333333336,77.0,72.33333333333333,1.7161000000000002,4.143966666666667,6.755233333333334,7.135133333333333,0.0,-7.756666666666667,-3.2000000000000006,-11.049999999999999,0.0,95.33333333333333,114.0,166.0,0.0,0.0,0.0,0.0,0.0,6.333333333333333,10.0,15.0,0.0,2.5133333333333336,3.14,4.16,mof_primitive
