f-lig-chi-0,f-lig-chi-1,f-lig-chi-2,f-lig-chi-3,f-lig-Z-0,f-lig-Z-1,f-lig-Z-2,f-lig-Z-3,f-lig-I-0,f-lig-I-1,f-lig-I-2,f-lig-I-3,f-lig-T-0,f-lig-T-1,f-lig-T-2,f-lig-T-3,f-lig-S-0,f-lig-S-1,f-lig-S-2,f-lig-S-3,name
319.01390000000004,724.5060000000002,1168.1971999999998,1429.2329999999997,1190.0,2892.0,4106.0,4398.0,53.0,114.0,186.0,236.0,300.0,756.0,1094.0,1238.0,21.270100000000003,53.76140000000002,80.919,93.51159999999997,mof_primitive
118.71440000000001,219.096,337.32040000000006,385.387,548.0,1008.0,1456.0,1420.0,16.0,32.0,48.0,58.0,80.0,192.0,256.0,250.0,7.422399999999999,16.262400000000003,23.0448,24.6794,mof_primitive
118.7144,219.09599999999995,337.32039999999995,385.38699999999994,548.0,1008.0,1456.0,1420.0,16.0,32.0,48.0,58.0,80.0,192.0,256.0,250.0,7.4224,16.262400000000003,23.044800000000002,24.6794,mof_primitive
118.71440000000001,219.09599999999998,337.32039999999995,385.3869999999999,548.0,1008.0,1456.0,1420.0,16.0,32.0,48.0,58.0,80.0,192.0,256.0,250.0,7.4224,16.262400000000007,23.0448,24.6794,mof_primitive
319.0138999999998,724.5060000000005,1168.1972,1429.2329999999995,1190.0,2892.0,4106.0,4398.0,53.0,114.0,186.0,236.0,300.0,756.0,1094.0,1238.0,21.270100000000017,53.76140000000002,80.919,93.51160000000004,mof_primitive
118.71439999999998,219.096,337.3204,385.387,548.0,1008.0,1456.0,1420.0,16.0,32.0,48.0,58.0,80.0,192.0,256.0,250.0,7.422400000000001,16.2624,23.044800000000002,24.679399999999998,mof_primitive
118.7144,219.096,337.32039999999995,385.387,548.0,1008.0,1456.0,1420.0,16.0,32.0,48.0,58.0,80.0,192.0,256.0,250.0,7.4224,16.262400000000003,23.044800000000002,24.6794,mof_primitive
