f-chi-0-all,f-chi-1-all,f-chi-2-all,f-chi-3-all,f-Z-0-all,f-Z-1-all,f-Z-2-all,f-Z-3-all,f-I-0-all,f-I-1-all,f-I-2-all,f-I-3-all,f-T-0-all,f-T-1-all,f-T-2-all,f-T-3-all,f-S-0-all,f-S-1-all,f-S-2-all,f-S-3-all,mc-chi-0-all,mc-chi-1-all,mc-chi-2-all,mc-chi-3-all,mc-Z-0-all,mc-Z-1-all,mc-Z-2-all,mc-Z-3-all,mc-I-0-all,mc-I-1-all,mc-I-2-all,mc-I-3-all,mc-T-0-all,mc-T-1-all,mc-T-2-all,mc-T-3-all,mc-S-0-all,mc-S-1-all,mc-S-2-all,mc-S-3-all,D_mc-chi-0-all,D_mc-chi-1-all,D_mc-chi-2-all,D_mc-chi-3-all,D_mc-Z-0-all,D_mc-Z-1-all,D_mc-Z-2-all,D_mc-Z-3-all,D_mc-I-0-all,D_mc-I-1-all,D_mc-I-2-all,D_mc-I-3-all,D_mc-T-0-all,D_mc-T-1-all,D_mc-T-2-all,D_mc-T-3-all,D_mc-S-0-all,D_mc-S-1-all,D_mc-S-2-all,D_mc-S-3-all,name
371.4987999999999,920.6663999999998,2391.0976000000005,3927.039999999999,6166.0,15752.0,36592.0,47184.0,46.0,128.0,292.0,512.0,428.0,1440.0,3144.0,4528.0,30.332800000000024,93.60959999999996,205.4680000000001,325.8832,3.5343999999999998,32.98773333333333,48.07786666666666,99.16373333333333,729.0,1098.0,3420.0,3312.0,1.0,5.333333333333333,10.666666666666666,17.333333333333332,28.666666666666668,89.33333333333333,193.33333333333331,262.0,1.5876,4.956,11.331600000000002,16.346400000000003,0.0,-7.52,-5.5200000000000005,-20.16,0.0,103.33333333333331,161.33333333333334,345.3333333333333,0.0,0.0,0.0,0.0,0.0,12.0,21.33333333333333,42.66666666666666,0.0,2.786666666666666,4.446666666666666,8.866666666666667,mof_primitive
371.4987999999999,920.6663999999998,2391.0976000000005,3927.0399999999986,6166.0,15752.0,36592.0,47184.0,46.0,128.0,292.0,512.0,428.0,1440.0,3144.0,4528.0,30.332800000000024,93.60959999999996,205.4680000000001,325.8832,3.5343999999999993,32.98773333333333,48.07786666666666,99.16373333333331,729.0,1098.0,3420.0,3312.0,1.0,5.333333333333333,10.666666666666666,17.333333333333332,28.666666666666668,89.33333333333333,193.33333333333334,262.0,1.5876000000000001,4.956,11.331600000000002,16.346400000000003,0.0,-7.5200000000000005,-5.5200000000000005,-20.16,0.0,103.33333333333333,161.33333333333334,345.3333333333333,0.0,0.0,0.0,0.0,0.0,12.0,21.333333333333332,42.666666666666664,0.0,2.7866666666666666,4.446666666666666,8.866666666666667,mof_primitive
