f-chi-0-all,f-chi-1-all,f-chi-2-all,f-chi-3-all,f-Z-0-all,f-Z-1-all,f-Z-2-all,f-Z-3-all,f-I-0-all,f-I-1-all,f-I-2-all,f-I-3-all,f-T-0-all,f-T-1-all,f-T-2-all,f-T-3-all,f-S-0-all,f-S-1-all,f-S-2-all,f-S-3-all,mc-chi-0-all,mc-chi-1-all,mc-chi-2-all,mc-chi-3-all,mc-Z-0-all,mc-Z-1-all,mc-Z-2-all,mc-Z-3-all,mc-I-0-all,mc-I-1-all,mc-I-2-all,mc-I-3-all,mc-T-0-all,mc-T-1-all,mc-T-2-all,mc-T-3-all,mc-S-0-all,mc-S-1-all,mc-S-2-all,mc-S-3-all,D_mc-chi-0-all,D_mc-chi-1-all,D_mc-chi-2-all,D_mc-chi-3-all,D_mc-Z-0-all,D_mc-Z-1-all,D_mc-Z-2-all,D_mc-Z-3-all,D_mc-I-0-all,D_mc-I-1-all,D_mc-I-2-all,D_mc-I-3-all,D_mc-T-0-all,D_mc-T-1-all,D_mc-T-2-all,D_mc-T-3-all,D_mc-S-0-all,D_mc-S-1-all,D_mc-S-2-all,D_mc-S-3-all,name
205.44759999999997,396.5632,823.4343999999999,1050.9888,10272.0,13440.0,31232.0,22656.0,24.0,56.0,96.0,136.0,152.0,408.0,648.0,768.0,19.899600000000003,48.06320000000001,83.83280000000005,101.324,2.8561,23.2544,22.9502,63.74680000000001,2304.0,1536.0,5760.0,4224.0,1.0,4.0,6.0,12.0,16.0,40.0,80.0,112.0,2.1904,4.3216,8.9392,13.2016,0.0,-7.0,-3.4399999999999995,-17.439999999999998,0.0,160.0,168.0,488.0,0.0,0.0,0.0,0.0,0.0,6.0,4.0,20.0,0.0,3.0,2.84,8.84,mof_primitive
205.44759999999994,396.5632,823.4343999999999,1050.9888,10272.0,13440.0,31232.0,22656.0,24.0,56.0,96.0,136.0,152.0,408.0,648.0,768.0,19.899600000000003,48.06320000000001,83.83280000000005,101.324,2.8560999999999996,23.2544,22.9502,63.74680000000001,2304.0,1536.0,5760.0,4224.0,1.0,4.0,6.0,12.0,16.0,40.0,80.0,112.0,2.1904,4.3216,8.9392,13.2016,0.0,-7.0,-3.4399999999999995,-17.439999999999998,0.0,160.0,168.0,488.0,0.0,0.0,0.0,0.0,0.0,6.0,4.0,20.0,0.0,3.0,2.84,8.84,mof_primitive
