f-chi-0-all,f-chi-1-all,f-chi-2-all,f-chi-3-all,f-Z-0-all,f-Z-1-all,f-Z-2-all,f-Z-3-all,f-I-0-all,f-I-1-all,f-I-2-all,f-I-3-all,f-T-0-all,f-T-1-all,f-T-2-all,f-T-3-all,f-S-0-all,f-S-1-all,f-S-2-all,f-S-3-all,mc-chi-0-all,mc-chi-1-all,mc-chi-2-all,mc-chi-3-all,mc-Z-0-all,mc-Z-1-all,mc-Z-2-all,mc-Z-3-all,mc-I-0-all,mc-I-1-all,mc-I-2-all,mc-I-3-all,mc-T-0-all,mc-T-1-all,mc-T-2-all,mc-T-3-all,mc-S-0-all,mc-S-1-all,mc-S-2-all,mc-S-3-all,D_mc-chi-0-all,D_mc-chi-1-all,D_mc-chi-2-all,D_mc-chi-3-all,D_mc-Z-0-all,D_mc-Z-1-all,D_mc-Z-2-all,D_mc-Z-3-all,D_mc-I-0-all,D_mc-I-1-all,D_mc-I-2-all,D_mc-I-3-all,D_mc-T-0-all,D_mc-T-1-all,D_mc-T-2-all,D_mc-T-3-all,D_mc-S-0-all,D_mc-S-1-all,D_mc-S-2-all,D_mc-S-3-all,name
151.2106,290.5375999999999,466.018,747.4308,2240.0,4192.0,6492.0,6550.0,20.0,40.0,64.0,94.0,104.0,268.0,384.0,388.0,13.545000000000002,28.75760000000001,47.27559999999999,58.84200000000002,3.5343999999999998,23.612799999999996,35.4004,66.9468,729.0,783.0,1188.0,2619.0,1.0,4.0,7.0,13.0,16.0,44.0,84.0,136.0,1.5876000000000001,3.7548000000000004,6.7410000000000005,12.020400000000002,0.0,-5.040000000000001,-5.67,-11.170000000000002,0.0,79.0,145.0,254.0,0.0,0.0,0.0,0.0,0.0,5.0,7.0,18.0,0.0,2.06,3.4700000000000006,6.84,mof_primitive
151.2106,290.53759999999994,466.01800000000003,747.4308,2240.0,4192.0,6492.0,6550.0,20.0,40.0,64.0,94.0,104.0,268.0,384.0,388.0,13.545000000000002,28.75760000000001,47.27559999999999,58.84200000000003,3.5343999999999998,23.612799999999996,35.4004,66.9468,729.0,783.0,1188.0,2619.0,1.0,4.0,7.0,13.0,16.0,44.0,84.0,136.0,1.5876000000000001,3.7548000000000004,6.7410000000000005,12.020400000000002,0.0,-5.040000000000001,-5.67,-11.170000000000002,0.0,79.0,145.0,254.0,0.0,0.0,0.0,0.0,0.0,5.0,7.0,18.0,0.0,2.06,3.4700000000000006,6.84,mof_primitive
