f-chi-0-all,f-chi-1-all,f-chi-2-all,f-chi-3-all,f-Z-0-all,f-Z-1-all,f-Z-2-all,f-Z-3-all,f-I-0-all,f-I-1-all,f-I-2-all,f-I-3-all,f-T-0-all,f-T-1-all,f-T-2-all,f-T-3-all,f-S-0-all,f-S-1-all,f-S-2-all,f-S-3-all,mc-chi-0-all,mc-chi-1-all,mc-chi-2-all,mc-chi-3-all,mc-Z-0-all,mc-Z-1-all,mc-Z-2-all,mc-Z-3-all,mc-I-0-all,mc-I-1-all,mc-I-2-all,mc-I-3-all,mc-T-0-all,mc-T-1-all,mc-T-2-all,mc-T-3-all,mc-S-0-all,mc-S-1-all,mc-S-2-all,mc-S-3-all,D_mc-chi-0-all,D_mc-chi-1-all,D_mc-chi-2-all,D_mc-chi-3-all,D_mc-Z-0-all,D_mc-Z-1-all,D_mc-Z-2-all,D_mc-Z-3-all,D_mc-I-0-all,D_mc-I-1-all,D_mc-I-2-all,D_mc-I-3-all,D_mc-T-0-all,D_mc-T-1-all,D_mc-T-2-all,D_mc-T-3-all,D_mc-S-0-all,D_mc-S-1-all,D_mc-S-2-all,D_mc-S-3-all,name
1114.7596000000012,2270.9615999999983,5073.350600000001,7461.912800000005,42684.0,66288.0,149704.0,139744.0,136.0,324.0,604.0,972.0,972.0,2848.0,4764.0,6344.0,102.9495999999999,265.0408000000003,485.6050000000001,699.8827999999997,2.8560999999999988,27.834299999999995,28.694087500000002,84.49577500000001,2304.0,1836.0,6408.0,5196.0,1.0,4.875,7.375,16.5,24.375,65.25,132.0,194.875,2.1904,5.289150000000001,10.6375,17.0496,0.0,-8.23125,-4.514999999999998,-22.112500000000004,0.0,195.75,220.5,683.75,0.0,0.0,0.0,0.0,0.0,11.375,10.875,40.625,0.0,3.64125,3.7274999999999996,12.900000000000002,mof_primitive
