f-lig-chi-0,f-lig-chi-1,f-lig-chi-2,f-lig-chi-3,f-lig-Z-0,f-lig-Z-1,f-lig-Z-2,f-lig-Z-3,f-lig-I-0,f-lig-I-1,f-lig-I-2,f-lig-I-3,f-lig-T-0,f-lig-T-1,f-lig-T-2,f-lig-T-3,f-lig-S-0,f-lig-S-1,f-lig-S-2,f-lig-S-3,name
257.1702,507.80699999999996,1001.6863999999999,1546.371,940.0,1896.0,3240.0,4632.0,38.0,78.0,156.0,242.0,234.0,648.0,1068.0,1340.0,13.904599999999999,34.72700000000001,61.4836,89.3618,mof_primitive
105.70939999999999,180.081,259.2904,266.095,476.0,792.0,1024.0,742.0,14.0,26.0,36.0,40.0,62.0,138.0,148.0,128.0,6.2366,12.705000000000002,15.929999999999996,14.455200000000001,mof_primitive
149.07479999999998,260.049,411.2813999999999,478.02380000000005,632.0,1080.0,1500.0,1570.0,20.0,38.0,60.0,70.0,98.0,228.0,268.0,278.0,8.337200000000001,17.8794,24.478799999999993,26.322200000000002,mof_primitive
105.7094,180.08099999999996,259.2904,266.095,476.0,792.0,1024.0,742.0,14.0,26.0,36.0,40.0,62.0,138.0,148.0,128.0,6.236599999999999,12.705,15.930000000000005,14.455200000000001,mof_primitive
149.07479999999998,260.0489999999999,411.2813999999999,476.77780000000007,632.0,1080.0,1500.0,1490.0,20.0,38.0,60.0,70.0,98.0,228.0,268.0,278.0,8.337200000000001,17.8794,24.4788,26.050200000000004,mof_primitive
138.0744,250.97099999999995,393.12539999999996,435.37499999999994,552.0,984.0,1308.0,1122.0,20.0,38.0,60.0,70.0,98.0,228.0,268.0,278.0,7.97,17.355800000000002,23.4316,24.282200000000003,mof_primitive
