f-chi-0-all,f-chi-1-all,f-chi-2-all,f-chi-3-all,f-Z-0-all,f-Z-1-all,f-Z-2-all,f-Z-3-all,f-I-0-all,f-I-1-all,f-I-2-all,f-I-3-all,f-T-0-all,f-T-1-all,f-T-2-all,f-T-3-all,f-S-0-all,f-S-1-all,f-S-2-all,f-S-3-all,mc-chi-0-all,mc-chi-1-all,mc-chi-2-all,mc-chi-3-all,mc-Z-0-all,mc-Z-1-all,mc-Z-2-all,mc-Z-3-all,mc-I-0-all,mc-I-1-all,mc-I-2-all,mc-I-3-all,mc-T-0-all,mc-T-1-all,mc-T-2-all,mc-T-3-all,mc-S-0-all,mc-S-1-all,mc-S-2-all,mc-S-3-all,D_mc-chi-0-all,D_mc-chi-1-all,D_mc-chi-2-all,D_mc-chi-3-all,D_mc-Z-0-all,D_mc-Z-1-all,D_mc-Z-2-all,D_mc-Z-3-all,D_mc-I-0-all,D_mc-I-1-all,D_mc-I-2-all,D_mc-I-3-all,D_mc-T-0-all,D_mc-T-1-all,D_mc-T-2-all,D_mc-T-3-all,D_mc-S-0-all,D_mc-S-1-all,D_mc-S-2-all,D_mc-S-3-all,name
444.6545999999997,844.3399999999995,3475.904,3743.059999999998,18670.0,38400.0,61084.0,59264.0,52.0,140.0,368.0,500.0,592.0,2120.0,3354.0,3928.0,36.55880000000001,125.75640000000004,246.49839999999995,321.9284,1.44,35.844,23.16,64.746,4096.0,4448.0,8512.0,8064.0,1.0,9.0,8.5,18.0,82.0,220.0,305.0,460.0,2.8561,11.187800000000005,12.717249999999996,22.814999999999998,0.0,-19.07,-9.1,-32.35500000000001,0.0,506.5,411.0,1026.0,0.0,0.0,0.0,0.0,0.0,58.0,46.0,116.0,0.0,8.59,6.84,16.92,mof_primitive
444.65459999999973,844.3399999999995,3475.904,3743.059999999998,18670.0,38400.0,61084.0,59264.0,52.0,140.0,368.0,500.0,592.0,2120.0,3354.0,3928.0,36.55880000000001,125.75640000000003,246.49839999999995,321.9284,1.44,35.844,23.159999999999997,64.746,4096.0,4448.0,8512.0,8064.0,1.0,9.0,8.5,18.0,82.0,220.0,305.0,460.0,2.8560999999999996,11.187800000000003,12.717249999999996,22.814999999999994,0.0,-19.07,-9.1,-32.35500000000001,0.0,506.5,411.0,1026.0,0.0,0.0,0.0,0.0,0.0,58.0,46.0,116.0,0.0,8.59,6.84,16.92,mof_primitive
