f-chi-0-all,f-chi-1-all,f-chi-2-all,f-chi-3-all,f-Z-0-all,f-Z-1-all,f-Z-2-all,f-Z-3-all,f-I-0-all,f-I-1-all,f-I-2-all,f-I-3-all,f-T-0-all,f-T-1-all,f-T-2-all,f-T-3-all,f-S-0-all,f-S-1-all,f-S-2-all,f-S-3-all,mc-chi-0-all,mc-chi-1-all,mc-chi-2-all,mc-chi-3-all,mc-Z-0-all,mc-Z-1-all,mc-Z-2-all,mc-Z-3-all,mc-I-0-all,mc-I-1-all,mc-I-2-all,mc-I-3-all,mc-T-0-all,mc-T-1-all,mc-T-2-all,mc-T-3-all,mc-S-0-all,mc-S-1-all,mc-S-2-all,mc-S-3-all,D_mc-chi-0-all,D_mc-chi-1-all,D_mc-chi-2-all,D_mc-chi-3-all,D_mc-Z-0-all,D_mc-Z-1-all,D_mc-Z-2-all,D_mc-Z-3-all,D_mc-I-0-all,D_mc-I-1-all,D_mc-I-2-all,D_mc-I-3-all,D_mc-T-0-all,D_mc-T-1-all,D_mc-T-2-all,D_mc-T-3-all,D_mc-S-0-all,D_mc-S-1-all,D_mc-S-2-all,D_mc-S-3-all,name
265.4775999999999,537.3279999999999,1286.9439999999997,1680.7839999999994,4678.0,10656.0,19390.0,21856.0,30.0,72.0,140.0,216.0,216.0,640.0,1114.0,1328.0,21.161000000000012,57.11519999999998,102.885,140.6272,3.61,32.68,32.2525,79.0495,841.0,1160.0,2755.0,2813.0,1.0,5.0,7.5,13.0,25.0,65.0,122.5,150.0,1.9043999999999994,5.036999999999999,9.245999999999999,13.2894,0.0,-7.700000000000001,-2.7249999999999996,-16.904999999999998,0.0,105.0,122.5,280.0,0.0,0.0,0.0,0.0,0.0,12.0,13.0,35.0,0.0,3.2499999999999996,3.649999999999999,8.31,mof_primitive
265.4775999999999,537.3279999999999,1286.9439999999997,1680.7839999999994,4678.0,10656.0,19390.0,21856.0,30.0,72.0,140.0,216.0,216.0,640.0,1114.0,1328.0,21.161000000000012,57.11519999999998,102.885,140.6272,3.61,32.68,32.2525,79.0495,841.0,1160.0,2755.0,2813.0,1.0,5.0,7.5,13.0,25.0,65.0,122.5,150.0,1.9043999999999994,5.036999999999999,9.245999999999999,13.2894,0.0,-7.700000000000001,-2.7249999999999996,-16.904999999999998,0.0,105.0,122.5,280.0,0.0,0.0,0.0,0.0,0.0,12.0,13.0,35.0,0.0,3.2499999999999996,3.649999999999999,8.31,mof_primitive
