f-chi-0-all,f-chi-1-all,f-chi-2-all,f-chi-3-all,f-Z-0-all,f-Z-1-all,f-Z-2-all,f-Z-3-all,f-I-0-all,f-I-1-all,f-I-2-all,f-I-3-all,f-T-0-all,f-T-1-all,f-T-2-all,f-T-3-all,f-S-0-all,f-S-1-all,f-S-2-all,f-S-3-all,mc-chi-0-all,mc-chi-1-all,mc-chi-2-all,mc-chi-3-all,mc-Z-0-all,mc-Z-1-all,mc-Z-2-all,mc-Z-3-all,mc-I-0-all,mc-I-1-all,mc-I-2-all,mc-I-3-all,mc-T-0-all,mc-T-1-all,mc-T-2-all,mc-T-3-all,mc-S-0-all,mc-S-1-all,mc-S-2-all,mc-S-3-all,D_mc-chi-0-all,D_mc-chi-1-all,D_mc-chi-2-all,D_mc-chi-3-all,D_mc-Z-0-all,D_mc-Z-1-all,D_mc-Z-2-all,D_mc-Z-3-all,D_mc-I-0-all,D_mc-I-1-all,D_mc-I-2-all,D_mc-I-3-all,D_mc-T-0-all,D_mc-T-1-all,D_mc-T-2-all,D_mc-T-3-all,D_mc-S-0-all,D_mc-S-1-all,D_mc-S-2-all,D_mc-S-3-all,name
74.3444,97.696,162.4032,210.528,800.0,1664.0,1728.0,1152.0,9.0,16.0,20.0,24.0,36.0,80.0,80.0,48.0,7.4273,14.483199999999997,16.928399999999996,13.490399999999998,1.0,13.76,10.2,23.96,400.0,640.0,480.0,1120.0,1.0,4.0,4.0,8.0,16.0,32.0,48.0,72.0,2.9241,4.9932,5.2668,10.260000000000002,0.0,-9.76,-6.199999999999999,-15.959999999999996,0.0,48.0,56.0,104.0,0.0,0.0,0.0,0.0,0.0,8.0,4.0,14.0,0.0,3.92,3.76,7.68,mof_primitive
74.3444,97.696,162.40319999999997,210.528,800.0,1664.0,1728.0,1152.0,9.0,16.0,20.0,24.0,36.0,80.0,80.0,48.0,7.4273,14.483199999999997,16.928399999999996,13.490399999999998,1.0,13.76,10.2,23.96,400.0,640.0,480.0,1120.0,1.0,4.0,4.0,8.0,16.0,32.0,48.0,72.0,2.9241,4.9932,5.2668,10.260000000000002,0.0,-9.76,-6.199999999999999,-15.959999999999996,0.0,48.0,56.0,104.0,0.0,0.0,0.0,0.0,0.0,8.0,4.0,14.0,0.0,3.92,3.76,7.68,mof_primitive
74.3444,97.696,162.4032,210.528,800.0,1664.0,1728.0,1152.0,9.0,16.0,20.0,24.0,36.0,80.0,80.0,48.0,7.4273,14.483199999999997,16.928399999999996,13.490399999999998,1.0,13.76,10.2,23.96,400.0,640.0,480.0,1120.0,1.0,4.0,4.0,8.0,16.0,32.0,48.0,72.0,2.9240999999999997,4.9932,5.2668,10.260000000000002,0.0,-9.76,-6.199999999999999,-15.959999999999997,0.0,48.0,56.0,104.0,0.0,0.0,0.0,0.0,0.0,8.0,4.0,14.0,0.0,3.92,3.76,7.68,mof_primitive
74.3444,97.696,162.40319999999997,210.528,800.0,1664.0,1728.0,1152.0,9.0,16.0,20.0,24.0,36.0,80.0,80.0,48.0,7.4273,14.483199999999997,16.928399999999996,13.490399999999998,1.0,13.76,10.2,23.96,400.0,640.0,480.0,1120.0,1.0,4.0,4.0,8.0,16.0,32.0,48.0,72.0,2.9240999999999997,4.9932,5.2668,10.260000000000002,0.0,-9.76,-6.199999999999999,-15.959999999999997,0.0,48.0,56.0,104.0,0.0,0.0,0.0,0.0,0.0,8.0,4.0,14.0,0.0,3.92,3.76,7.68,mof_primitive
