f-lig-chi-0,f-lig-chi-1,f-lig-chi-2,f-lig-chi-3,f-lig-Z-0,f-lig-Z-1,f-lig-Z-2,f-lig-Z-3,f-lig-I-0,f-lig-I-1,f-lig-I-2,f-lig-I-3,f-lig-T-0,f-lig-T-1,f-lig-T-2,f-lig-T-3,f-lig-S-0,f-lig-S-1,f-lig-S-2,f-lig-S-3,name
434.0041999999999,851.3544000000004,1632.3052000000007,1807.0758000000005,3710.0,6144.0,8380.0,9492.0,64.0,132.0,236.0,278.0,368.0,900.0,1212.0,1414.0,28.65510000000002,69.31420000000001,106.26899999999999,126.10640000000004,mof_primitive
417.0775999999999,808.4634000000004,1541.8264,1677.174000000001,2414.0,5520.0,6928.0,7440.0,62.0,126.0,224.0,260.0,350.0,846.0,1104.0,1244.0,26.306600000000017,64.57100000000004,96.27439999999999,111.62840000000004,mof_primitive
