f-lig-chi-0,f-lig-chi-1,f-lig-chi-2,f-lig-chi-3,f-lig-Z-0,f-lig-Z-1,f-lig-Z-2,f-lig-Z-3,f-lig-I-0,f-lig-I-1,f-lig-I-2,f-lig-I-3,f-lig-T-0,f-lig-T-1,f-lig-T-2,f-lig-T-3,f-lig-S-0,f-lig-S-1,f-lig-S-2,f-lig-S-3,name
155.3866,280.194,432.26039999999995,514.233,748.0,1344.0,1944.0,2232.0,20.0,40.0,60.0,74.0,100.0,240.0,332.0,378.0,9.674,20.882400000000004,29.977199999999996,35.74340000000001,mof_primitive
178.07159999999996,341.64899999999994,548.5204,643.9879999999998,822.0,1584.0,2284.0,2744.0,24.0,50.0,80.0,96.0,134.0,340.0,464.0,548.0,11.1336,25.57940000000001,37.547200000000004,45.13920000000002,mof_primitive
173.72269999999997,310.74299999999994,479.7303999999998,578.901,848.0,1512.0,2188.0,2688.0,22.0,44.0,66.0,82.0,110.0,264.0,370.0,450.0,10.7998,23.192400000000006,33.4434,41.59540000000002,mof_primitive
155.3866,280.19399999999996,432.26039999999995,514.233,748.0,1344.0,1944.0,2232.0,20.0,40.0,60.0,74.0,100.0,240.0,332.0,378.0,9.674,20.882400000000004,29.977199999999996,35.743400000000015,mof_primitive
173.72269999999997,310.74299999999994,479.7303999999998,578.901,848.0,1512.0,2188.0,2688.0,22.0,44.0,66.0,82.0,110.0,264.0,370.0,450.0,10.7998,23.192400000000006,33.4434,41.59540000000002,mof_primitive
118.7144,219.096,337.32039999999995,385.387,548.0,1008.0,1456.0,1420.0,16.0,32.0,48.0,58.0,80.0,192.0,256.0,250.0,7.422399999999999,16.262400000000003,23.044800000000002,24.679399999999994,mof_primitive
