f-lig-chi-0,f-lig-chi-1,f-lig-chi-2,f-lig-chi-3,f-lig-Z-0,f-lig-Z-1,f-lig-Z-2,f-lig-Z-3,f-lig-I-0,f-lig-I-1,f-lig-I-2,f-lig-I-3,f-lig-T-0,f-lig-T-1,f-lig-T-2,f-lig-T-3,f-lig-S-0,f-lig-S-1,f-lig-S-2,f-lig-S-3,name
327.4808,705.2790000000002,1159.9048000000003,1314.4080000000004,1334.0,2976.0,4336.0,4404.0,50.0,106.0,176.0,208.0,282.0,698.0,992.0,1090.0,21.07540000000001,51.14340000000003,77.57439999999998,87.43680000000002,mof_primitive
327.4808,705.2790000000006,1159.9048000000007,1314.4080000000008,1334.0,2976.0,4336.0,4404.0,50.0,106.0,176.0,208.0,282.0,698.0,992.0,1090.0,21.075400000000023,51.14340000000003,77.57439999999998,87.43680000000003,mof_primitive
327.48079999999976,705.2790000000002,1159.9048,1314.4080000000004,1334.0,2976.0,4336.0,4404.0,50.0,106.0,176.0,208.0,282.0,698.0,992.0,1090.0,21.075400000000013,51.14340000000003,77.57439999999997,87.43680000000002,mof_primitive
327.48080000000004,705.2790000000003,1159.9048000000005,1314.4080000000006,1334.0,2976.0,4336.0,4404.0,50.0,106.0,176.0,208.0,282.0,698.0,992.0,1090.0,21.075400000000013,51.14340000000003,77.5744,87.43680000000002,mof_primitive
327.4807999999998,705.2790000000003,1159.9048,1314.4080000000004,1334.0,2976.0,4336.0,4404.0,50.0,106.0,176.0,208.0,282.0,698.0,992.0,1090.0,21.075400000000013,51.14340000000003,77.57439999999997,87.4368,mof_primitive
327.4808,705.2790000000005,1159.9048000000003,1314.4080000000006,1334.0,2976.0,4336.0,4404.0,50.0,106.0,176.0,208.0,282.0,698.0,992.0,1090.0,21.07540000000001,51.14340000000003,77.5744,87.43680000000002,mof_primitive
