f-lig-chi-0,f-lig-chi-1,f-lig-chi-2,f-lig-chi-3,f-lig-Z-0,f-lig-Z-1,f-lig-Z-2,f-lig-Z-3,f-lig-I-0,f-lig-I-1,f-lig-I-2,f-lig-I-3,f-lig-T-0,f-lig-T-1,f-lig-T-2,f-lig-T-3,f-lig-S-0,f-lig-S-1,f-lig-S-2,f-lig-S-3,name
226.76659999999995,455.12399999999997,730.1003999999998,928.5779999999999,1040.0,2112.0,3192.0,3870.0,32.0,68.0,108.0,142.0,176.0,444.0,668.0,822.0,14.964800000000002,35.01960000000001,53.50840000000001,67.16460000000002,mof_primitive
226.76659999999995,455.12399999999997,730.1003999999998,928.5779999999999,1040.0,2112.0,3192.0,3870.0,32.0,68.0,108.0,142.0,176.0,444.0,668.0,822.0,14.964800000000002,35.01960000000001,53.50840000000001,67.16460000000002,mof_primitive
226.76659999999995,455.12399999999997,730.1003999999998,928.5779999999999,1040.0,2112.0,3192.0,3870.0,32.0,68.0,108.0,142.0,176.0,444.0,668.0,822.0,14.964800000000002,35.01960000000001,53.50840000000001,67.16460000000002,mof_primitive
226.76659999999995,455.12399999999997,730.1003999999998,928.5779999999999,1040.0,2112.0,3192.0,3870.0,32.0,68.0,108.0,142.0,176.0,444.0,668.0,822.0,14.964800000000002,35.01960000000001,53.50840000000001,67.16460000000002,mof_primitive
