f-lig-chi-0,f-lig-chi-1,f-lig-chi-2,f-lig-chi-3,f-lig-Z-0,f-lig-Z-1,f-lig-Z-2,f-lig-Z-3,f-lig-I-0,f-lig-I-1,f-lig-I-2,f-lig-I-3,f-lig-T-0,f-lig-T-1,f-lig-T-2,f-lig-T-3,f-lig-S-0,f-lig-S-1,f-lig-S-2,f-lig-S-3,name
191.02179999999996,367.4549999999999,736.8675999999998,1150.1274,1780.0,2088.0,4412.0,7040.0,26.0,54.0,108.0,170.0,162.0,456.0,768.0,848.0,13.0762,28.197400000000005,53.5332,80.02660000000002,mof_primitive
123.86,223.992,347.1124,404.2989999999999,836.0,1200.0,1840.0,2028.0,16.0,32.0,48.0,58.0,80.0,192.0,256.0,250.0,8.265600000000001,17.217200000000002,24.9544,28.002599999999994,mof_primitive
118.7144,219.09599999999998,337.32039999999995,385.387,548.0,1008.0,1456.0,1420.0,16.0,32.0,48.0,58.0,80.0,192.0,256.0,250.0,7.4224000000000006,16.262400000000007,23.0448,24.6794,mof_primitive
118.7144,219.096,337.32039999999995,385.38700000000006,548.0,1008.0,1456.0,1420.0,16.0,32.0,48.0,58.0,80.0,192.0,256.0,250.0,7.4224,16.262400000000003,23.044800000000006,24.6794,mof_primitive
118.71440000000001,219.096,337.3204,385.387,548.0,1008.0,1456.0,1420.0,16.0,32.0,48.0,58.0,80.0,192.0,256.0,250.0,7.422399999999999,16.262400000000003,23.044800000000002,24.679399999999994,mof_primitive
118.71440000000001,219.096,337.32040000000006,385.387,548.0,1008.0,1456.0,1420.0,16.0,32.0,48.0,58.0,80.0,192.0,256.0,250.0,7.4224,16.262400000000007,23.0448,24.6794,mof_primitive
