f-lig-chi-0,f-lig-chi-1,f-lig-chi-2,f-lig-chi-3,f-lig-Z-0,f-lig-Z-1,f-lig-Z-2,f-lig-Z-3,f-lig-I-0,f-lig-I-1,f-lig-I-2,f-lig-I-3,f-lig-T-0,f-lig-T-1,f-lig-T-2,f-lig-T-3,f-lig-S-0,f-lig-S-1,f-lig-S-2,f-lig-S-3,name
646.2013000000011,1383.732000000001,2175.5708000000022,2813.2039999999993,2740.0,6048.0,8816.0,9920.0,101.0,216.0,340.0,456.0,556.0,1400.0,2036.0,2344.0,44.810900000000004,107.86159999999998,161.18919999999986,195.6487999999998,mof_primitive
646.2013000000011,1383.732000000001,2175.5708000000022,2813.2039999999993,2740.0,6048.0,8816.0,9920.0,101.0,216.0,340.0,456.0,556.0,1400.0,2036.0,2344.0,44.810900000000004,107.86159999999997,161.1891999999999,195.64879999999982,mof_primitive
646.2013,1383.7319999999977,2175.5708,2813.2040000000006,2740.0,6048.0,8816.0,9920.0,101.0,216.0,340.0,456.0,556.0,1400.0,2036.0,2344.0,44.8108999999999,107.8615999999998,161.18919999999946,195.64880000000002,mof_primitive
646.2013000000001,1383.7319999999988,2175.5708000000013,2813.2040000000006,2740.0,6048.0,8816.0,9920.0,101.0,216.0,340.0,456.0,556.0,1400.0,2036.0,2344.0,44.81089999999995,107.8615999999998,161.18919999999966,195.64880000000002,mof_primitive
