f-lig-chi-0,f-lig-chi-1,f-lig-chi-2,f-lig-chi-3,f-lig-Z-0,f-lig-Z-1,f-lig-Z-2,f-lig-Z-3,f-lig-I-0,f-lig-I-1,f-lig-I-2,f-lig-I-3,f-lig-T-0,f-lig-T-1,f-lig-T-2,f-lig-T-3,f-lig-S-0,f-lig-S-1,f-lig-S-2,f-lig-S-3,name
148.8841,271.10499999999996,410.8655999999999,488.56899999999996,712.0,1276.0,1908.0,1972.0,19.0,38.0,56.0,70.0,94.0,226.0,308.0,326.0,9.0811,19.667,28.160800000000002,32.110200000000006,mof_primitive
122.2282,268.821,406.2200000000001,458.81200000000007,466.0,1080.0,1400.0,1288.0,20.0,42.0,64.0,76.0,106.0,258.0,352.0,360.0,8.1492,19.850600000000007,27.907200000000003,28.971600000000002,mof_primitive
148.8841,271.10499999999996,410.8655999999999,488.56899999999996,712.0,1276.0,1908.0,1972.0,19.0,38.0,56.0,70.0,94.0,226.0,308.0,326.0,9.0811,19.667,28.160800000000002,32.110200000000006,mof_primitive
122.22820000000002,268.8210000000001,406.2200000000001,458.812,466.0,1080.0,1400.0,1288.0,20.0,42.0,64.0,76.0,106.0,258.0,352.0,360.0,8.1492,19.850600000000007,27.907200000000003,28.971600000000013,mof_primitive
148.8841,271.10499999999996,410.8656,488.56899999999996,712.0,1276.0,1908.0,1972.0,19.0,38.0,56.0,70.0,94.0,226.0,308.0,326.0,9.0811,19.667,28.160800000000002,32.110200000000006,mof_primitive
122.2282,268.821,406.2200000000001,458.812,466.0,1080.0,1400.0,1288.0,20.0,42.0,64.0,76.0,106.0,258.0,352.0,360.0,8.149199999999999,19.850600000000007,27.90720000000001,28.9716,mof_primitive
122.2282,268.821,406.2200000000001,458.81200000000007,466.0,1080.0,1400.0,1288.0,20.0,42.0,64.0,76.0,106.0,258.0,352.0,360.0,8.149200000000002,19.850600000000007,27.907200000000007,28.971600000000002,mof_primitive
148.8841,271.10499999999996,410.8656,488.56899999999996,712.0,1276.0,1908.0,1972.0,19.0,38.0,56.0,70.0,94.0,226.0,308.0,326.0,9.0811,19.667,28.160800000000002,32.110200000000006,mof_primitive
