f-chi-0-all,f-chi-1-all,f-chi-2-all,f-chi-3-all,f-Z-0-all,f-Z-1-all,f-Z-2-all,f-Z-3-all,f-I-0-all,f-I-1-all,f-I-2-all,f-I-3-all,f-T-0-all,f-T-1-all,f-T-2-all,f-T-3-all,f-S-0-all,f-S-1-all,f-S-2-all,f-S-3-all,mc-chi-0-all,mc-chi-1-all,mc-chi-2-all,mc-chi-3-all,mc-Z-0-all,mc-Z-1-all,mc-Z-2-all,mc-Z-3-all,mc-I-0-all,mc-I-1-all,mc-I-2-all,mc-I-3-all,mc-T-0-all,mc-T-1-all,mc-T-2-all,mc-T-3-all,mc-S-0-all,mc-S-1-all,mc-S-2-all,mc-S-3-all,D_mc-chi-0-all,D_mc-chi-1-all,D_mc-chi-2-all,D_mc-chi-3-all,D_mc-Z-0-all,D_mc-Z-1-all,D_mc-Z-2-all,D_mc-Z-3-all,D_mc-I-0-all,D_mc-I-1-all,D_mc-I-2-all,D_mc-I-3-all,D_mc-T-0-all,D_mc-T-1-all,D_mc-T-2-all,D_mc-T-3-all,D_mc-S-0-all,D_mc-S-1-all,D_mc-S-2-all,D_mc-S-3-all,name
220.69039999999993,369.4559999999998,1140.4239999999995,1127.6319999999998,2384.0,7104.0,10720.0,10688.0,25.0,64.0,122.0,148.0,210.0,648.0,972.0,944.0,20.976100000000006,60.677600000000034,96.52499999999998,105.14920000000004,1.0,20.64,13.233333333333333,32.54,400.0,960.0,1093.3333333333333,1520.0,1.0,6.0,6.0,10.666666666666666,36.0,88.0,132.0,164.0,2.9240999999999997,7.489800000000002,10.0434,13.634400000000001,0.0,-14.639999999999999,-7.233333333333332,-21.873333333333335,0.0,72.0,65.33333333333333,137.33333333333334,0.0,0.0,0.0,0.0,0.0,21.333333333333332,14.0,36.666666666666664,0.0,5.880000000000002,4.386666666666667,10.266666666666666,mof_primitive
220.69039999999995,369.4559999999998,1140.4239999999998,1127.6319999999996,2384.0,7104.0,10720.0,10688.0,25.0,64.0,122.0,148.0,210.0,648.0,972.0,944.0,20.976100000000006,60.677600000000034,96.52499999999998,105.14920000000006,1.0,20.64,13.233333333333333,32.54,400.0,960.0,1093.3333333333333,1520.0,1.0,6.0,6.0,10.666666666666666,36.0,88.0,132.0,164.0,2.9240999999999997,7.489800000000002,10.0434,13.634400000000001,0.0,-14.639999999999999,-7.233333333333332,-21.873333333333335,0.0,72.0,65.33333333333333,137.33333333333334,0.0,0.0,0.0,0.0,0.0,21.333333333333332,14.0,36.666666666666664,0.0,5.880000000000002,4.386666666666667,10.266666666666666,mof_primitive
