f-lig-chi-0,f-lig-chi-1,f-lig-chi-2,f-lig-chi-3,f-lig-Z-0,f-lig-Z-1,f-lig-Z-2,f-lig-Z-3,f-lig-I-0,f-lig-I-1,f-lig-I-2,f-lig-I-3,f-lig-T-0,f-lig-T-1,f-lig-T-2,f-lig-T-3,f-lig-S-0,f-lig-S-1,f-lig-S-2,f-lig-S-3,name
177.08939999999996,355.01099999999997,557.1304,682.4419999999999,768.0,1560.0,2272.0,2360.0,26.0,54.0,84.0,108.0,138.0,342.0,484.0,524.0,11.5274,26.84220000000001,39.461200000000005,45.10840000000002,mof_primitive
298.4408,658.9710000000001,1085.9687999999996,1421.3199999999997,1328.0,3024.0,4728.0,5836.0,44.0,98.0,160.0,212.0,258.0,666.0,1024.0,1216.0,20.254,50.15780000000002,79.0416,99.0372,mof_primitive
177.0894,355.0110000000001,557.1304000000001,682.442,768.0,1560.0,2272.0,2360.0,26.0,54.0,84.0,108.0,138.0,342.0,484.0,524.0,11.527399999999998,26.842200000000005,39.461200000000005,45.108399999999996,mof_primitive
298.4408,658.9710000000002,1085.9688000000003,1421.3199999999993,1328.0,3024.0,4728.0,5836.0,44.0,98.0,160.0,212.0,258.0,666.0,1024.0,1216.0,20.254000000000012,50.15780000000002,79.0416,99.03719999999998,mof_primitive
177.08939999999998,355.0110000000001,557.1304000000002,682.4419999999998,768.0,1560.0,2272.0,2360.0,26.0,54.0,84.0,108.0,138.0,342.0,484.0,524.0,11.527400000000007,26.84220000000001,39.46120000000002,45.10839999999999,mof_primitive
298.44079999999997,658.9710000000002,1085.9688,1421.3199999999995,1328.0,3024.0,4728.0,5836.0,44.0,98.0,160.0,212.0,258.0,666.0,1024.0,1216.0,20.25400000000001,50.15780000000002,79.04159999999999,99.03719999999994,mof_primitive
298.4408,658.971,1085.9687999999996,1421.3199999999995,1328.0,3024.0,4728.0,5836.0,44.0,98.0,160.0,212.0,258.0,666.0,1024.0,1216.0,20.254,50.15780000000002,79.0416,99.03719999999998,mof_primitive
177.08939999999996,355.011,557.1304000000001,682.4419999999998,768.0,1560.0,2272.0,2360.0,26.0,54.0,84.0,108.0,138.0,342.0,484.0,524.0,11.527400000000002,26.84220000000001,39.461200000000005,45.10840000000001,mof_primitive
