f-lig-chi-0,f-lig-chi-1,f-lig-chi-2,f-lig-chi-3,f-lig-Z-0,f-lig-Z-1,f-lig-Z-2,f-lig-Z-3,f-lig-I-0,f-lig-I-1,f-lig-I-2,f-lig-I-3,f-lig-T-0,f-lig-T-1,f-lig-T-2,f-lig-T-3,f-lig-S-0,f-lig-S-1,f-lig-S-2,f-lig-S-3,name
113.87439999999998,207.87599999999998,314.88039999999995,342.04699999999997,547.0,996.0,1432.0,1382.0,15.0,30.0,44.0,50.0,74.0,174.0,224.0,216.0,7.285500000000001,15.692600000000004,21.9052,22.696200000000005,mof_primitive
118.71440000000001,219.09600000000006,337.32039999999995,385.387,548.0,1008.0,1456.0,1420.0,16.0,32.0,48.0,58.0,80.0,192.0,256.0,250.0,7.422399999999999,16.262400000000003,23.044800000000002,24.679400000000008,mof_primitive
113.8744,207.87600000000003,314.8804,342.047,547.0,996.0,1432.0,1382.0,15.0,30.0,44.0,50.0,74.0,174.0,224.0,216.0,7.285500000000001,15.692600000000004,21.905200000000004,22.6962,mof_primitive
118.7144,219.09600000000006,337.32040000000006,385.387,548.0,1008.0,1456.0,1420.0,16.0,32.0,48.0,58.0,80.0,192.0,256.0,250.0,7.4224000000000006,16.262400000000003,23.044800000000006,24.679400000000005,mof_primitive
