f-lig-chi-0,f-lig-chi-1,f-lig-chi-2,f-lig-chi-3,f-lig-Z-0,f-lig-Z-1,f-lig-Z-2,f-lig-Z-3,f-lig-I-0,f-lig-I-1,f-lig-I-2,f-lig-I-3,f-lig-T-0,f-lig-T-1,f-lig-T-2,f-lig-T-3,f-lig-S-0,f-lig-S-1,f-lig-S-2,f-lig-S-3,name
228.38699999999997,431.44899999999996,668.1127999999999,813.2815999999999,1119.0,2104.0,3212.0,3500.0,29.0,60.0,90.0,112.0,150.0,364.0,502.0,570.0,14.3733,31.84840000000001,46.59780000000001,53.94720000000002,mof_primitive
228.38699999999997,431.44899999999996,668.1128,813.2815999999999,1119.0,2104.0,3212.0,3500.0,29.0,60.0,90.0,112.0,150.0,364.0,502.0,570.0,14.3733,31.84840000000001,46.59780000000002,53.94720000000002,mof_primitive
228.38699999999997,431.4489999999999,668.1127999999999,813.2816000000003,1119.0,2104.0,3212.0,3500.0,29.0,60.0,90.0,112.0,150.0,364.0,502.0,570.0,14.3733,31.84840000000001,46.597800000000014,53.94720000000002,mof_primitive
228.38699999999992,431.449,668.1127999999999,813.2816,1119.0,2104.0,3212.0,3500.0,29.0,60.0,90.0,112.0,150.0,364.0,502.0,570.0,14.373300000000002,31.848400000000012,46.59779999999999,53.94719999999999,mof_primitive
