f-lig-chi-0,f-lig-chi-1,f-lig-chi-2,f-lig-chi-3,f-lig-Z-0,f-lig-Z-1,f-lig-Z-2,f-lig-Z-3,f-lig-I-0,f-lig-I-1,f-lig-I-2,f-lig-I-3,f-lig-T-0,f-lig-T-1,f-lig-T-2,f-lig-T-3,f-lig-S-0,f-lig-S-1,f-lig-S-2,f-lig-S-3,name
154.5932,339.71100000000007,541.35,645.177,542.0,1272.0,1644.0,1512.0,26.0,54.0,88.0,110.0,142.0,352.0,484.0,514.0,9.882600000000002,24.501400000000004,35.38480000000001,38.0902,mof_primitive
198.41379999999998,360.162,660.8507999999998,981.8170000000001,880.0,1584.0,2532.0,2956.0,26.0,52.0,96.0,150.0,148.0,400.0,612.0,688.0,11.2874,25.409999999999997,41.80160000000001,56.41660000000002,mof_primitive
154.5932,339.71100000000007,541.35,645.177,542.0,1272.0,1644.0,1512.0,26.0,54.0,88.0,110.0,142.0,352.0,484.0,514.0,9.882600000000002,24.501400000000004,35.38480000000001,38.0902,mof_primitive
198.4138,360.162,660.8507999999998,981.8169999999997,880.0,1584.0,2532.0,2956.0,26.0,52.0,96.0,150.0,148.0,400.0,612.0,688.0,11.287399999999996,25.41000000000001,41.80159999999999,56.4166,mof_primitive
154.59320000000002,339.7110000000002,541.3500000000001,645.1770000000001,542.0,1272.0,1644.0,1512.0,26.0,54.0,88.0,110.0,142.0,352.0,484.0,514.0,9.882600000000007,24.501400000000004,35.3848,38.09020000000001,mof_primitive
198.41379999999998,360.162,660.8507999999998,981.8169999999997,880.0,1584.0,2532.0,2956.0,26.0,52.0,96.0,150.0,148.0,400.0,612.0,688.0,11.287399999999998,25.410000000000007,41.8016,56.41660000000002,mof_primitive
154.59320000000002,339.7110000000002,541.3500000000001,645.177,542.0,1272.0,1644.0,1512.0,26.0,54.0,88.0,110.0,142.0,352.0,484.0,514.0,9.88260000000001,24.501400000000004,35.3848,38.09020000000002,mof_primitive
198.41379999999998,360.162,660.8507999999999,981.8169999999997,880.0,1584.0,2532.0,2956.0,26.0,52.0,96.0,150.0,148.0,400.0,612.0,688.0,11.287400000000003,25.410000000000007,41.80159999999999,56.41660000000002,mof_primitive
