f-lig-chi-0,f-lig-chi-1,f-lig-chi-2,f-lig-chi-3,f-lig-Z-0,f-lig-Z-1,f-lig-Z-2,f-lig-Z-3,f-lig-I-0,f-lig-I-1,f-lig-I-2,f-lig-I-3,f-lig-T-0,f-lig-T-1,f-lig-T-2,f-lig-T-3,f-lig-S-0,f-lig-S-1,f-lig-S-2,f-lig-S-3,name
243.04179999999997,484.49999999999983,806.8683999999998,1024.9089999999997,2068.0,2736.0,4564.0,6284.0,34.0,72.0,120.0,150.0,192.0,480.0,712.0,870.0,17.81940000000001,38.86960000000002,61.74000000000001,81.191,mof_primitive
138.0744,250.971,391.83039999999994,417.01699999999994,552.0,984.0,1348.0,1346.0,20.0,38.0,60.0,64.0,98.0,222.0,268.0,272.0,7.970000000000001,17.355800000000002,23.4556,25.452799999999996,mof_primitive
73.53320000000001,137.343,213.42599999999996,210.07220000000004,248.0,456.0,564.0,494.0,12.0,22.0,36.0,32.0,58.0,126.0,124.0,98.0,4.318,9.286200000000001,12.053199999999999,11.3696,mof_primitive
