f-lig-chi-0,f-lig-chi-1,f-lig-chi-2,f-lig-chi-3,f-lig-Z-0,f-lig-Z-1,f-lig-Z-2,f-lig-Z-3,f-lig-I-0,f-lig-I-1,f-lig-I-2,f-lig-I-3,f-lig-T-0,f-lig-T-1,f-lig-T-2,f-lig-T-3,f-lig-S-0,f-lig-S-1,f-lig-S-2,f-lig-S-3,name
347.52880000000005,733.4200000000004,1241.9254,1533.6269999999995,1396.0,3028.0,4624.0,5754.0,52.0,110.0,188.0,232.0,298.0,742.0,1042.0,1260.0,21.230800000000006,52.19180000000002,80.69960000000002,99.41600000000003,mof_primitive
347.52880000000005,733.4200000000004,1241.9254,1533.6269999999995,1396.0,3028.0,4624.0,5754.0,52.0,110.0,188.0,232.0,298.0,742.0,1042.0,1260.0,21.230800000000006,52.19180000000002,80.69960000000002,99.41600000000003,mof_primitive
182.27300000000002,369.331,708.2844000000001,1102.641,692.0,1420.0,2430.0,3078.0,27.0,56.0,110.0,176.0,166.0,468.0,794.0,900.0,10.2363,25.472800000000003,45.235800000000005,63.705600000000004,mof_primitive
182.27300000000002,369.331,708.2844000000001,1102.641,692.0,1420.0,2430.0,3078.0,27.0,56.0,110.0,176.0,166.0,468.0,794.0,900.0,10.2363,25.472800000000003,45.235800000000005,63.705600000000004,mof_primitive
