f-chi-0-all,f-chi-1-all,f-chi-2-all,f-chi-3-all,f-Z-0-all,f-Z-1-all,f-Z-2-all,f-Z-3-all,f-I-0-all,f-I-1-all,f-I-2-all,f-I-3-all,f-T-0-all,f-T-1-all,f-T-2-all,f-T-3-all,f-S-0-all,f-S-1-all,f-S-2-all,f-S-3-all,mc-chi-0-all,mc-chi-1-all,mc-chi-2-all,mc-chi-3-all,mc-Z-0-all,mc-Z-1-all,mc-Z-2-all,mc-Z-3-all,mc-I-0-all,mc-I-1-all,mc-I-2-all,mc-I-3-all,mc-T-0-all,mc-T-1-all,mc-T-2-all,mc-T-3-all,mc-S-0-all,mc-S-1-all,mc-S-2-all,mc-S-3-all,D_mc-chi-0-all,D_mc-chi-1-all,D_mc-chi-2-all,D_mc-chi-3-all,D_mc-Z-0-all,D_mc-Z-1-all,D_mc-Z-2-all,D_mc-Z-3-all,D_mc-I-0-all,D_mc-I-1-all,D_mc-I-2-all,D_mc-I-3-all,D_mc-T-0-all,D_mc-T-1-all,D_mc-T-2-all,D_mc-T-3-all,D_mc-S-0-all,D_mc-S-1-all,D_mc-S-2-all,D_mc-S-3-all,name
246.04999999999995,535.2408000000003,1273.5059999999996,1773.945599999999,8288.0,13068.0,19068.0,17790.0,32.0,84.0,168.0,234.0,252.0,732.0,1320.0,1548.0,23.43980000000001,66.09240000000003,123.40679999999992,152.60100000000008,1.2768999999999997,21.967199999999995,25.933499999999995,36.40859999999999,3481.0,2655.0,3186.0,3717.0,1.0,6.0,9.0,12.0,36.0,90.0,162.0,144.0,3.0976,7.814400000000001,12.1968,13.9392,0.0,-12.66,-12.78,-18.660000000000004,0.0,309.0,477.0,645.0,0.0,0.0,0.0,0.0,0.0,21.0,27.0,48.0,0.0,6.119999999999999,8.91,13.2,mof_primitive
246.04999999999993,535.2408000000003,1273.5059999999996,1773.9455999999993,8288.0,13068.0,19068.0,17790.0,32.0,84.0,168.0,234.0,252.0,732.0,1320.0,1548.0,23.439800000000012,66.09240000000003,123.40679999999993,152.60100000000008,1.2768999999999997,21.967199999999995,25.933499999999995,36.40859999999999,3481.0,2655.0,3186.0,3717.0,1.0,6.0,9.0,12.0,36.0,90.0,162.0,144.0,3.0976,7.814400000000001,12.1968,13.9392,0.0,-12.66,-12.78,-18.660000000000004,0.0,309.0,477.0,645.0,0.0,0.0,0.0,0.0,0.0,21.0,27.0,48.0,0.0,6.119999999999999,8.91,13.2,mof_primitive
