f-lig-chi-0,f-lig-chi-1,f-lig-chi-2,f-lig-chi-3,f-lig-Z-0,f-lig-Z-1,f-lig-Z-2,f-lig-Z-3,f-lig-I-0,f-lig-I-1,f-lig-I-2,f-lig-I-3,f-lig-T-0,f-lig-T-1,f-lig-T-2,f-lig-T-3,f-lig-S-0,f-lig-S-1,f-lig-S-2,f-lig-S-3,name
439.93129999999996,925.0890000000006,1522.7314000000001,1871.021,1727.0,3756.0,5428.0,6236.0,68.0,142.0,236.0,288.0,378.0,926.0,1290.0,1600.0,27.525200000000005,66.88220000000004,99.98040000000002,120.72,mof_primitive
439.9313,925.0890000000007,1522.7314000000003,1871.0210000000006,1727.0,3756.0,5428.0,6236.0,68.0,142.0,236.0,288.0,378.0,926.0,1290.0,1600.0,27.5252,66.88220000000003,99.9804,120.72,mof_primitive
439.93129999999996,925.0890000000006,1522.7314,1871.021,1727.0,3756.0,5428.0,6236.0,68.0,142.0,236.0,288.0,378.0,926.0,1290.0,1600.0,27.525200000000005,66.88220000000004,99.98040000000002,120.71999999999998,mof_primitive
439.9313,925.0890000000007,1522.7314000000003,1871.0210000000004,1727.0,3756.0,5428.0,6236.0,68.0,142.0,236.0,288.0,378.0,926.0,1290.0,1600.0,27.5252,66.88220000000004,99.98040000000002,120.72,mof_primitive
