f-chi-0-all,f-chi-1-all,f-chi-2-all,f-chi-3-all,f-Z-0-all,f-Z-1-all,f-Z-2-all,f-Z-3-all,f-I-0-all,f-I-1-all,f-I-2-all,f-I-3-all,f-T-0-all,f-T-1-all,f-T-2-all,f-T-3-all,f-S-0-all,f-S-1-all,f-S-2-all,f-S-3-all,mc-chi-0-all,mc-chi-1-all,mc-chi-2-all,mc-chi-3-all,mc-Z-0-all,mc-Z-1-all,mc-Z-2-all,mc-Z-3-all,mc-I-0-all,mc-I-1-all,mc-I-2-all,mc-I-3-all,mc-T-0-all,mc-T-1-all,mc-T-2-all,mc-T-3-all,mc-S-0-all,mc-S-1-all,mc-S-2-all,mc-S-3-all,D_mc-chi-0-all,D_mc-chi-1-all,D_mc-chi-2-all,D_mc-chi-3-all,D_mc-Z-0-all,D_mc-Z-1-all,D_mc-Z-2-all,D_mc-Z-3-all,D_mc-I-0-all,D_mc-I-1-all,D_mc-I-2-all,D_mc-I-3-all,D_mc-T-0-all,D_mc-T-1-all,D_mc-T-2-all,D_mc-T-3-all,D_mc-S-0-all,D_mc-S-1-all,D_mc-S-2-all,D_mc-S-3-all,name
278.6372999999999,530.4479999999998,1279.668399999999,1502.5919999999996,5940.0,12096.0,22576.0,29952.0,31.0,76.0,138.0,208.0,214.0,584.0,1010.0,1440.0,22.915900000000008,60.06440000000001,102.96420000000002,157.91359999999997,2.7224999999999997,24.595999999999993,19.47,63.21699999999999,900.0,1040.0,2400.0,2680.0,1.0,4.333333333333333,5.333333333333333,12.0,19.333333333333332,43.333333333333336,84.0,138.66666666666666,1.7161000000000002,4.143966666666667,6.794533333333335,11.650266666666669,0.0,-7.756666666666665,-3.0,-18.513333333333325,0.0,95.33333333333333,80.0,270.6666666666667,0.0,0.0,0.0,0.0,0.0,9.666666666666666,5.333333333333333,22.0,0.0,2.5133333333333336,1.8,6.826666666666668,mof_primitive
76.06689999999999,115.58399999999996,175.66320000000002,210.528,1300.0,2304.0,2208.0,1152.0,9.0,16.0,20.0,24.0,36.0,80.0,80.0,48.0,6.2193,12.147200000000002,14.4644,13.490399999999998,2.7224999999999997,24.595999999999993,19.47,63.21699999999999,900.0,1040.0,2400.0,2680.0,1.0,4.333333333333333,5.333333333333333,12.0,19.333333333333332,43.333333333333336,84.0,138.66666666666666,1.7161000000000002,4.143966666666667,6.794533333333335,11.650266666666669,0.0,-7.756666666666665,-3.0,-18.513333333333325,0.0,95.33333333333333,80.0,270.6666666666667,0.0,0.0,0.0,0.0,0.0,9.666666666666666,5.333333333333333,22.0,0.0,2.5133333333333336,1.8,6.826666666666668,mof_primitive
