f-chi-0-all,f-chi-1-all,f-chi-2-all,f-chi-3-all,f-Z-0-all,f-Z-1-all,f-Z-2-all,f-Z-3-all,f-I-0-all,f-I-1-all,f-I-2-all,f-I-3-all,f-T-0-all,f-T-1-all,f-T-2-all,f-T-3-all,f-S-0-all,f-S-1-all,f-S-2-all,f-S-3-all,mc-chi-0-all,mc-chi-1-all,mc-chi-2-all,mc-chi-3-all,mc-Z-0-all,mc-Z-1-all,mc-Z-2-all,mc-Z-3-all,mc-I-0-all,mc-I-1-all,mc-I-2-all,mc-I-3-all,mc-T-0-all,mc-T-1-all,mc-T-2-all,mc-T-3-all,mc-S-0-all,mc-S-1-all,mc-S-2-all,mc-S-3-all,D_mc-chi-0-all,D_mc-chi-1-all,D_mc-chi-2-all,D_mc-chi-3-all,D_mc-Z-0-all,D_mc-Z-1-all,D_mc-Z-2-all,D_mc-Z-3-all,D_mc-I-0-all,D_mc-I-1-all,D_mc-I-2-all,D_mc-I-3-all,D_mc-T-0-all,D_mc-T-1-all,D_mc-T-2-all,D_mc-T-3-all,D_mc-S-0-all,D_mc-S-1-all,D_mc-S-2-all,D_mc-S-3-all,name
979.9327999999987,2412.784000000002,4230.579199999994,6569.132,31496.0,36920.0,65132.0,81368.0,140.0,352.0,604.0,936.0,956.0,2640.0,4524.0,6336.0,92.51200000000001,232.18640000000036,409.9107999999998,602.5919999999998,3.7248999999999985,20.972666666666658,34.4505,63.657833333333336,2209.0,1112.3333333333333,1974.0,2600.6666666666665,1.0,3.6666666666666665,7.0,13.666666666666666,15.333333333333334,45.333333333333336,90.66666666666667,132.66666666666666,1.6384000000000005,3.3578666666666663,6.8992,10.739199999999999,0.0,-3.790000000000001,-4.339999999999999,-6.606666666666668,0.0,148.66666666666666,287.0,587.0,0.0,0.0,0.0,0.0,0.0,4.666666666666667,8.666666666666666,26.0,0.0,2.07,3.569999999999999,9.103333333333333,mof_primitive
