f-chi-0-all,f-chi-1-all,f-chi-2-all,f-chi-3-all,f-Z-0-all,f-Z-1-all,f-Z-2-all,f-Z-3-all,f-I-0-all,f-I-1-all,f-I-2-all,f-I-3-all,f-T-0-all,f-T-1-all,f-T-2-all,f-T-3-all,f-S-0-all,f-S-1-all,f-S-2-all,f-S-3-all,mc-chi-0-all,mc-chi-1-all,mc-chi-2-all,mc-chi-3-all,mc-Z-0-all,mc-Z-1-all,mc-Z-2-all,mc-Z-3-all,mc-I-0-all,mc-I-1-all,mc-I-2-all,mc-I-3-all,mc-T-0-all,mc-T-1-all,mc-T-2-all,mc-T-3-all,mc-S-0-all,mc-S-1-all,mc-S-2-all,mc-S-3-all,D_mc-chi-0-all,D_mc-chi-1-all,D_mc-chi-2-all,D_mc-chi-3-all,D_mc-Z-0-all,D_mc-Z-1-all,D_mc-Z-2-all,D_mc-Z-3-all,D_mc-I-0-all,D_mc-I-1-all,D_mc-I-2-all,D_mc-I-3-all,D_mc-T-0-all,D_mc-T-1-all,D_mc-T-2-all,D_mc-T-3-all,D_mc-S-0-all,D_mc-S-1-all,D_mc-S-2-all,D_mc-S-3-all,name
295.03479999999985,568.0199999999998,1881.6388,2182.0008000000007,3184.0,9888.0,18448.0,24928.0,34.0,96.0,212.0,308.0,324.0,1032.0,2008.0,2672.0,28.403400000000023,87.14560000000004,170.66760000000002,240.1092,1.0,20.64,17.3,47.14999999999999,400.0,960.0,1520.0,2200.0,1.0,6.0,8.0,15.0,36.0,93.0,180.0,234.0,2.9241,7.489800000000001,13.748400000000004,19.066500000000005,0.0,-14.64,-9.3,-32.150000000000006,0.0,72.0,84.0,190.0,0.0,0.0,0.0,0.0,0.0,20.5,18.0,51.0,0.0,5.880000000000001,5.639999999999999,14.5,mof_primitive
295.03479999999985,568.0199999999998,1881.6387999999997,2182.0008000000007,3184.0,9888.0,18448.0,24928.0,34.0,96.0,212.0,308.0,324.0,1032.0,2008.0,2672.0,28.403400000000026,87.14560000000004,170.66760000000002,240.1092,1.0,20.64,17.3,47.14999999999999,400.0,960.0,1520.0,2200.0,1.0,6.0,8.0,15.0,36.0,93.0,180.0,234.0,2.9240999999999997,7.489800000000001,13.748400000000004,19.066500000000005,0.0,-14.639999999999999,-9.299999999999999,-32.150000000000006,0.0,72.0,84.0,190.0,0.0,0.0,0.0,0.0,0.0,20.5,18.0,51.0,0.0,5.880000000000001,5.639999999999999,14.5,mof_primitive
