f-lig-chi-0,f-lig-chi-1,f-lig-chi-2,f-lig-chi-3,f-lig-Z-0,f-lig-Z-1,f-lig-Z-2,f-lig-Z-3,f-lig-I-0,f-lig-I-1,f-lig-I-2,f-lig-I-3,f-lig-T-0,f-lig-T-1,f-lig-T-2,f-lig-T-3,f-lig-S-0,f-lig-S-1,f-lig-S-2,f-lig-S-3,name
118.71440000000001,219.096,337.3204,385.387,548.0,1008.0,1456.0,1420.0,16.0,32.0,48.0,58.0,80.0,192.0,256.0,250.0,7.4224,16.262400000000003,23.044800000000002,24.6794,mof_primitive
248.3328999999999,492.1493999999999,776.0287999999998,989.8829999999998,1180.0,2340.0,3620.0,4272.0,33.0,70.0,110.0,146.0,180.0,454.0,682.0,842.0,15.8633,36.57940000000001,56.17660000000001,70.38500000000002,mof_primitive
118.71440000000001,219.096,337.3204,385.387,548.0,1008.0,1456.0,1420.0,16.0,32.0,48.0,58.0,80.0,192.0,256.0,250.0,7.4224,16.262400000000007,23.0448,24.6794,mof_primitive
148.8841,271.1049999999999,410.8655999999999,488.81399999999996,712.0,1276.0,1908.0,2022.0,19.0,38.0,56.0,70.0,94.0,226.0,308.0,334.0,9.0811,19.667000000000005,28.160799999999995,32.43020000000001,mof_primitive
118.71440000000001,219.096,337.32040000000006,385.387,548.0,1008.0,1456.0,1420.0,16.0,32.0,48.0,58.0,80.0,192.0,256.0,250.0,7.422399999999999,16.262400000000003,23.044800000000002,24.679399999999994,mof_primitive
148.8841,271.1049999999999,410.8655999999999,488.81399999999996,712.0,1276.0,1908.0,2022.0,19.0,38.0,56.0,70.0,94.0,226.0,308.0,334.0,9.0811,19.667000000000005,28.160799999999995,32.43020000000001,mof_primitive
