f-chi-0-all,f-chi-1-all,f-chi-2-all,f-chi-3-all,f-Z-0-all,f-Z-1-all,f-Z-2-all,f-Z-3-all,f-I-0-all,f-I-1-all,f-I-2-all,f-I-3-all,f-T-0-all,f-T-1-all,f-T-2-all,f-T-3-all,f-S-0-all,f-S-1-all,f-S-2-all,f-S-3-all,mc-chi-0-all,mc-chi-1-all,mc-chi-2-all,mc-chi-3-all,mc-Z-0-all,mc-Z-1-all,mc-Z-2-all,mc-Z-3-all,mc-I-0-all,mc-I-1-all,mc-I-2-all,mc-I-3-all,mc-T-0-all,mc-T-1-all,mc-T-2-all,mc-T-3-all,mc-S-0-all,mc-S-1-all,mc-S-2-all,mc-S-3-all,D_mc-chi-0-all,D_mc-chi-1-all,D_mc-chi-2-all,D_mc-chi-3-all,D_mc-Z-0-all,D_mc-Z-1-all,D_mc-Z-2-all,D_mc-Z-3-all,D_mc-I-0-all,D_mc-I-1-all,D_mc-I-2-all,D_mc-I-3-all,D_mc-T-0-all,D_mc-T-1-all,D_mc-T-2-all,D_mc-T-3-all,D_mc-S-0-all,D_mc-S-1-all,D_mc-S-2-all,D_mc-S-3-all,name
191.9496,403.4304,800.5184,959.4854000000004,7992.0,11046.0,24872.0,17768.0,24.0,54.0,96.0,122.0,150.0,402.0,640.0,630.0,18.9924,45.29340000000001,77.87000000000003,91.42420000000001,4.6656,27.993600000000008,28.555200000000006,62.440200000000004,1764.0,1260.0,4399.5,2467.5,1.0,4.0,5.25,10.0,16.0,37.0,71.0,90.0,1.9043999999999994,4.0848,7.227749999999999,9.2805,0.0,-4.319999999999999,-1.8799999999999992,-7.307499999999999,0.0,138.0,115.75,361.25,0.0,0.0,0.0,0.0,0.0,6.75,3.25,17.5,0.0,2.559999999999999,2.0075,7.074999999999998,mof_primitive
191.9496,384.9472,743.2448,871.9172000000004,7992.0,10948.0,23528.0,17444.0,24.0,52.0,88.0,112.0,140.0,364.0,556.0,576.0,18.9924,44.16840000000001,71.42000000000003,85.68800000000002,4.6656,27.993600000000008,28.555200000000006,62.440200000000004,1764.0,1260.0,4399.5,2467.5,1.0,4.0,5.25,10.0,16.0,37.0,71.0,90.0,1.9043999999999994,4.0848,7.227749999999999,9.2805,0.0,-4.319999999999999,-1.8799999999999992,-7.307499999999999,0.0,138.0,115.75,361.25,0.0,0.0,0.0,0.0,0.0,6.75,3.25,17.5,0.0,2.559999999999999,2.0075,7.074999999999998,mof_primitive
