f-lig-chi-0,f-lig-chi-1,f-lig-chi-2,f-lig-chi-3,f-lig-Z-0,f-lig-Z-1,f-lig-Z-2,f-lig-Z-3,f-lig-I-0,f-lig-I-1,f-lig-I-2,f-lig-I-3,f-lig-T-0,f-lig-T-1,f-lig-T-2,f-lig-T-3,f-lig-S-0,f-lig-S-1,f-lig-S-2,f-lig-S-3,name
231.51179999999994,450.58499999999987,781.9587999999999,1010.0503999999997,1011.0,1980.0,3064.0,3320.0,32.0,66.0,114.0,154.0,180.0,464.0,680.0,694.0,13.9624,32.447800000000015,50.869,60.634600000000006,mof_primitive
231.51179999999994,450.585,781.9587999999999,1010.0504,1011.0,1980.0,3064.0,3320.0,32.0,66.0,114.0,154.0,180.0,464.0,680.0,694.0,13.9624,32.447800000000015,50.869,60.63460000000002,mof_primitive
231.51179999999997,450.58500000000004,781.9587999999999,1010.0504,1011.0,1980.0,3064.0,3320.0,32.0,66.0,114.0,154.0,180.0,464.0,680.0,694.0,13.962399999999999,32.447800000000015,50.869,60.63460000000001,mof_primitive
231.51179999999997,450.58500000000004,781.9588000000001,1010.0504,1011.0,1980.0,3064.0,3320.0,32.0,66.0,114.0,154.0,180.0,464.0,680.0,694.0,13.962399999999999,32.44780000000001,50.869,60.634600000000006,mof_primitive
