f-lig-chi-0,f-lig-chi-1,f-lig-chi-2,f-lig-chi-3,f-lig-Z-0,f-lig-Z-1,f-lig-Z-2,f-lig-Z-3,f-lig-I-0,f-lig-I-1,f-lig-I-2,f-lig-I-3,f-lig-T-0,f-lig-T-1,f-lig-T-2,f-lig-T-3,f-lig-S-0,f-lig-S-1,f-lig-S-2,f-lig-S-3,name
653.0346000000004,1338.8219999999992,2097.8740000000007,2968.219000000002,3162.0,6360.0,10528.0,14152.0,84.0,184.0,288.0,410.0,472.0,1224.0,1952.0,2586.0,41.006799999999984,97.21920000000004,155.1344,213.65619999999998,mof_primitive
18.4832,18.4832,0.0,0.0,98.0,98.0,0.0,0.0,2.0,2.0,0.0,0.0,2.0,2.0,0.0,0.0,1.125,1.125,0.0,0.0,mof_primitive
73.3444,109.19099999999997,143.52039999999997,83.18099999999998,400.0,600.0,784.0,456.0,8.0,14.0,16.0,10.0,30.0,56.0,44.0,34.0,4.5032000000000005,8.054200000000002,9.0,5.682600000000001,mof_primitive
