f-lig-chi-0,f-lig-chi-1,f-lig-chi-2,f-lig-chi-3,f-lig-Z-0,f-lig-Z-1,f-lig-Z-2,f-lig-Z-3,f-lig-I-0,f-lig-I-1,f-lig-I-2,f-lig-I-3,f-lig-T-0,f-lig-T-1,f-lig-T-2,f-lig-T-3,f-lig-S-0,f-lig-S-1,f-lig-S-2,f-lig-S-3,name
156.0665,306.66299999999995,509.01120000000003,581.2965999999999,623.0,1236.0,1662.0,1696.0,23.0,46.0,76.0,88.0,122.0,292.0,372.0,376.0,9.2919,21.421400000000002,30.9404,33.0456,mof_primitive
165.74649999999997,335.17499999999995,542.6712000000001,674.5766,625.0,1266.0,1698.0,1754.0,25.0,50.0,82.0,106.0,132.0,326.0,434.0,450.0,9.565700000000001,22.516600000000004,32.649800000000006,36.6938,mof_primitive
156.0665,306.663,509.0112,581.2966,623.0,1236.0,1662.0,1696.0,23.0,46.0,76.0,88.0,122.0,292.0,372.0,376.0,9.2919,21.421400000000002,30.940399999999997,33.0456,mof_primitive
165.74649999999997,335.175,542.6712,674.5765999999999,625.0,1266.0,1698.0,1754.0,25.0,50.0,82.0,106.0,132.0,326.0,434.0,450.0,9.565700000000001,22.516600000000004,32.649800000000006,36.69380000000001,mof_primitive
