f-chi-0-all,f-chi-1-all,f-chi-2-all,f-chi-3-all,f-Z-0-all,f-Z-1-all,f-Z-2-all,f-Z-3-all,f-I-0-all,f-I-1-all,f-I-2-all,f-I-3-all,f-T-0-all,f-T-1-all,f-T-2-all,f-T-3-all,f-S-0-all,f-S-1-all,f-S-2-all,f-S-3-all,mc-chi-0-all,mc-chi-1-all,mc-chi-2-all,mc-chi-3-all,mc-Z-0-all,mc-Z-1-all,mc-Z-2-all,mc-Z-3-all,mc-I-0-all,mc-I-1-all,mc-I-2-all,mc-I-3-all,mc-T-0-all,mc-T-1-all,mc-T-2-all,mc-T-3-all,mc-S-0-all,mc-S-1-all,mc-S-2-all,mc-S-3-all,D_mc-chi-0-all,D_mc-chi-1-all,D_mc-chi-2-all,D_mc-chi-3-all,D_mc-Z-0-all,D_mc-Z-1-all,D_mc-Z-2-all,D_mc-Z-3-all,D_mc-I-0-all,D_mc-I-1-all,D_mc-I-2-all,D_mc-I-3-all,D_mc-T-0-all,D_mc-T-1-all,D_mc-T-2-all,D_mc-T-3-all,D_mc-S-0-all,D_mc-S-1-all,D_mc-S-2-all,D_mc-S-3-all,name
151.76319999999998,317.4432,604.4304000000001,464.1248,3685.0,7392.0,12096.0,10240.0,17.0,44.0,64.0,64.0,124.0,340.0,474.0,460.0,14.475199999999996,37.959999999999994,52.86919999999999,54.370400000000004,3.61,26.144000000000002,16.365333333333336,43.42133333333334,841.0,928.0,2107.3333333333335,1546.6666666666667,1.0,4.0,4.0,7.333333333333333,16.0,37.333333333333336,61.333333333333336,82.66666666666667,1.9043999999999996,4.029599999999999,6.173199999999999,7.5348,0.0,-6.16,-1.0133333333333334,-8.92,0.0,84.0,43.333333333333336,159.33333333333334,0.0,0.0,0.0,0.0,0.0,6.666666666666667,0.6666666666666666,8.666666666666666,0.0,2.5999999999999996,1.0466666666666662,4.659999999999999,mof_primitive
151.76319999999998,317.44319999999993,604.4304000000001,464.1248,3685.0,7392.0,12096.0,10240.0,17.0,44.0,64.0,64.0,124.0,340.0,474.0,460.0,14.475199999999996,37.96,52.8692,54.370400000000004,3.61,26.144000000000002,16.365333333333336,43.42133333333334,841.0,928.0,2107.3333333333335,1546.6666666666667,1.0,4.0,4.0,7.333333333333333,16.0,37.333333333333336,61.333333333333336,82.66666666666667,1.9043999999999996,4.029599999999999,6.173199999999999,7.5348,0.0,-6.16,-1.0133333333333334,-8.92,0.0,84.0,43.333333333333336,159.33333333333334,0.0,0.0,0.0,0.0,0.0,6.666666666666667,0.6666666666666666,8.666666666666666,0.0,2.5999999999999996,1.0466666666666662,4.659999999999999,mof_primitive
