f-lig-chi-0,f-lig-chi-1,f-lig-chi-2,f-lig-chi-3,f-lig-Z-0,f-lig-Z-1,f-lig-Z-2,f-lig-Z-3,f-lig-I-0,f-lig-I-1,f-lig-I-2,f-lig-I-3,f-lig-T-0,f-lig-T-1,f-lig-T-2,f-lig-T-3,f-lig-S-0,f-lig-S-1,f-lig-S-2,f-lig-S-3,name
357.50379999999996,739.6020000000002,1199.4307999999999,1547.7389999999994,1606.0,3384.0,5216.0,6036.0,52.0,112.0,180.0,242.0,292.0,744.0,1124.0,1362.0,23.966800000000003,57.288000000000025,88.50120000000003,109.92020000000001,mof_primitive
357.5038,739.6020000000002,1199.4307999999999,1547.7389999999994,1606.0,3384.0,5216.0,6036.0,52.0,112.0,180.0,242.0,292.0,744.0,1124.0,1362.0,23.966800000000003,57.288000000000025,88.50120000000003,109.92020000000001,mof_primitive
357.50379999999996,739.6020000000004,1199.4308,1547.7389999999994,1606.0,3384.0,5216.0,6036.0,52.0,112.0,180.0,242.0,292.0,744.0,1124.0,1362.0,23.96680000000001,57.288000000000025,88.50120000000001,109.92020000000002,mof_primitive
357.5037999999999,739.6020000000003,1199.4308,1547.7389999999994,1606.0,3384.0,5216.0,6036.0,52.0,112.0,180.0,242.0,292.0,744.0,1124.0,1362.0,23.96680000000001,57.28800000000003,88.50120000000001,109.92020000000002,mof_primitive
357.5037999999998,739.6020000000004,1199.4308,1547.739,1606.0,3384.0,5216.0,6036.0,52.0,112.0,180.0,242.0,292.0,744.0,1124.0,1362.0,23.966800000000013,57.288000000000025,88.50120000000001,109.92020000000005,mof_primitive
357.50379999999967,739.6020000000004,1199.4308000000005,1547.7390000000007,1606.0,3384.0,5216.0,6036.0,52.0,112.0,180.0,242.0,292.0,744.0,1124.0,1362.0,23.966800000000017,57.288000000000025,88.50120000000003,109.92020000000002,mof_primitive
