f-chi-0-all,f-chi-1-all,f-chi-2-all,f-chi-3-all,f-Z-0-all,f-Z-1-all,f-Z-2-all,f-Z-3-all,f-I-0-all,f-I-1-all,f-I-2-all,f-I-3-all,f-T-0-all,f-T-1-all,f-T-2-all,f-T-3-all,f-S-0-all,f-S-1-all,f-S-2-all,f-S-3-all,mc-chi-0-all,mc-chi-1-all,mc-chi-2-all,mc-chi-3-all,mc-Z-0-all,mc-Z-1-all,mc-Z-2-all,mc-Z-3-all,mc-I-0-all,mc-I-1-all,mc-I-2-all,mc-I-3-all,mc-T-0-all,mc-T-1-all,mc-T-2-all,mc-T-3-all,mc-S-0-all,mc-S-1-all,mc-S-2-all,mc-S-3-all,D_mc-chi-0-all,D_mc-chi-1-all,D_mc-chi-2-all,D_mc-chi-3-all,D_mc-Z-0-all,D_mc-Z-1-all,D_mc-Z-2-all,D_mc-Z-3-all,D_mc-I-0-all,D_mc-I-1-all,D_mc-I-2-all,D_mc-I-3-all,D_mc-T-0-all,D_mc-T-1-all,D_mc-T-2-all,D_mc-T-3-all,D_mc-S-0-all,D_mc-S-1-all,D_mc-S-2-all,D_mc-S-3-all,name
378.4885999999999,756.558,2472.340400000001,2512.353,9988.0,22008.0,30832.0,30124.0,50.0,124.0,288.0,354.0,472.0,1612.0,2442.0,2776.0,28.710600000000024,92.68199999999999,174.15279999999996,213.05060000000003,1.44,37.134,22.859999999999996,58.638000000000005,4096.0,4608.0,6784.0,6784.0,1.0,9.5,8.0,17.5,90.5,238.5,295.0,423.5,2.8560999999999996,11.855350000000001,11.965199999999996,21.048950000000005,0.0,-19.545000000000005,-9.45,-27.865000000000002,0.0,536.0,406.0,1014.0,0.0,0.0,0.0,0.0,0.0,65.5,45.0,122.0,0.0,9.04,6.4399999999999995,17.119999999999997,mof_primitive
365.48359999999985,718.3079999999999,2169.7064000000005,2357.058,9916.0,20328.0,29176.0,27796.0,48.0,116.0,252.0,328.0,408.0,1304.0,1996.0,2364.0,27.52480000000002,85.1052,153.73239999999998,194.80160000000006,1.44,37.134,22.859999999999996,58.638000000000005,4096.0,4608.0,6784.0,6784.0,1.0,9.5,8.0,17.5,90.5,238.5,295.0,423.5,2.8560999999999996,11.855350000000001,11.965199999999996,21.048950000000005,0.0,-19.545000000000005,-9.45,-27.865000000000002,0.0,536.0,406.0,1014.0,0.0,0.0,0.0,0.0,0.0,65.5,45.0,122.0,0.0,9.04,6.4399999999999995,17.119999999999997,mof_primitive
