f-chi-0-all,f-chi-1-all,f-chi-2-all,f-chi-3-all,f-Z-0-all,f-Z-1-all,f-Z-2-all,f-Z-3-all,f-I-0-all,f-I-1-all,f-I-2-all,f-I-3-all,f-T-0-all,f-T-1-all,f-T-2-all,f-T-3-all,f-S-0-all,f-S-1-all,f-S-2-all,f-S-3-all,mc-chi-0-all,mc-chi-1-all,mc-chi-2-all,mc-chi-3-all,mc-Z-0-all,mc-Z-1-all,mc-Z-2-all,mc-Z-3-all,mc-I-0-all,mc-I-1-all,mc-I-2-all,mc-I-3-all,mc-T-0-all,mc-T-1-all,mc-T-2-all,mc-T-3-all,mc-S-0-all,mc-S-1-all,mc-S-2-all,mc-S-3-all,D_mc-chi-0-all,D_mc-chi-1-all,D_mc-chi-2-all,D_mc-chi-3-all,D_mc-Z-0-all,D_mc-Z-1-all,D_mc-Z-2-all,D_mc-Z-3-all,D_mc-I-0-all,D_mc-I-1-all,D_mc-I-2-all,D_mc-I-3-all,D_mc-T-0-all,D_mc-T-1-all,D_mc-T-2-all,D_mc-T-3-all,D_mc-S-0-all,D_mc-S-1-all,D_mc-S-2-all,D_mc-S-3-all,name
339.7346999999999,713.6959999999997,1545.6194,2231.8524,13282.0,20076.0,38802.0,40444.0,41.0,100.0,186.0,276.0,298.0,876.0,1488.0,1812.0,31.27240000000002,81.8132,146.70479999999998,194.1028,2.8561,26.823680000000003,30.94052,63.58456000000001,2304.0,1766.4,4588.8,5740.8,1.0,4.8,7.2,13.2,23.6,62.8,114.8,160.0,2.1904,5.23328,9.406879999999996,15.09008,0.0,-7.76,-6.139999999999999,-15.316,0.0,193.6,250.0,514.0,0.0,0.0,0.0,0.0,0.0,10.8,11.6,30.4,0.0,3.568,4.3,9.34,mof_primitive
339.7346999999999,713.6959999999997,1545.6194,2231.8524,13282.0,20076.0,38802.0,40444.0,41.0,100.0,186.0,276.0,298.0,876.0,1488.0,1812.0,31.27240000000002,81.8132,146.70479999999998,194.1028,2.8560999999999996,26.823680000000003,30.94052,63.58456000000001,2304.0,1766.4,4588.8,5740.8,1.0,4.8,7.2,13.2,23.6,62.8,114.8,160.0,2.1904,5.23328,9.406879999999997,15.09008,0.0,-7.76,-6.139999999999999,-15.315999999999999,0.0,193.6,250.0,514.0,0.0,0.0,0.0,0.0,0.0,10.8,11.6,30.4,0.0,3.568,4.3,9.34,mof_primitive
