f-lig-chi-0,f-lig-chi-1,f-lig-chi-2,f-lig-chi-3,f-lig-Z-0,f-lig-Z-1,f-lig-Z-2,f-lig-Z-3,f-lig-I-0,f-lig-I-1,f-lig-I-2,f-lig-I-3,f-lig-T-0,f-lig-T-1,f-lig-T-2,f-lig-T-3,f-lig-S-0,f-lig-S-1,f-lig-S-2,f-lig-S-3,name
122.636,222.97199999999998,345.07239999999996,400.359,1772.0,1416.0,2272.0,2712.0,16.0,32.0,48.0,58.0,80.0,192.0,256.0,250.0,8.5851,17.4482,25.4164,28.806599999999996,mof_primitive
165.54960000000003,365.66140000000007,609.8667999999999,636.681,594.0,1396.0,1816.0,1272.0,26.0,54.0,92.0,106.0,146.0,364.0,492.0,452.0,9.761,24.195000000000007,35.44760000000001,33.061,mof_primitive
122.63599999999998,222.97199999999998,345.07239999999996,400.35900000000004,1772.0,1416.0,2272.0,2712.0,16.0,32.0,48.0,58.0,80.0,192.0,256.0,250.0,8.5851,17.448200000000003,25.416400000000003,28.8066,mof_primitive
165.54960000000003,365.66140000000007,609.8667999999998,636.6809999999999,594.0,1396.0,1816.0,1272.0,26.0,54.0,92.0,106.0,146.0,364.0,492.0,452.0,9.761,24.195000000000007,35.44760000000001,33.061,mof_primitive
122.63600000000001,222.97199999999998,345.0724,400.359,1772.0,1416.0,2272.0,2712.0,16.0,32.0,48.0,58.0,80.0,192.0,256.0,250.0,8.585099999999999,17.448200000000007,25.4164,28.80660000000001,mof_primitive
122.63600000000001,222.97199999999998,345.07239999999996,400.3589999999999,1772.0,1416.0,2272.0,2712.0,16.0,32.0,48.0,58.0,80.0,192.0,256.0,250.0,8.5851,17.448200000000007,25.416399999999996,28.80660000000001,mof_primitive
