f-chi-0-all,f-chi-1-all,f-chi-2-all,f-chi-3-all,f-Z-0-all,f-Z-1-all,f-Z-2-all,f-Z-3-all,f-I-0-all,f-I-1-all,f-I-2-all,f-I-3-all,f-T-0-all,f-T-1-all,f-T-2-all,f-T-3-all,f-S-0-all,f-S-1-all,f-S-2-all,f-S-3-all,mc-chi-0-all,mc-chi-1-all,mc-chi-2-all,mc-chi-3-all,mc-Z-0-all,mc-Z-1-all,mc-Z-2-all,mc-Z-3-all,mc-I-0-all,mc-I-1-all,mc-I-2-all,mc-I-3-all,mc-T-0-all,mc-T-1-all,mc-T-2-all,mc-T-3-all,mc-S-0-all,mc-S-1-all,mc-S-2-all,mc-S-3-all,D_mc-chi-0-all,D_mc-chi-1-all,D_mc-chi-2-all,D_mc-chi-3-all,D_mc-Z-0-all,D_mc-Z-1-all,D_mc-Z-2-all,D_mc-Z-3-all,D_mc-I-0-all,D_mc-I-1-all,D_mc-I-2-all,D_mc-I-3-all,D_mc-T-0-all,D_mc-T-1-all,D_mc-T-2-all,D_mc-T-3-all,D_mc-S-0-all,D_mc-S-1-all,D_mc-S-2-all,D_mc-S-3-all,name
196.99999999999997,349.7051999999998,1017.6543999999996,743.1883999999999,9768.0,15552.0,11584.0,8112.0,22.0,56.0,104.0,92.0,196.0,592.0,596.0,464.0,16.7158,50.26399999999999,68.17039999999999,57.33880000000003,1.4884,28.2918,12.444,23.9486,4356.0,3564.0,1584.0,3036.0,1.0,7.0,4.0,7.0,49.0,112.0,84.0,133.0,2.7889,8.6005,5.1436,8.8677,0.0,-14.65,-5.319999999999999,-11.09,0.0,408.0,240.0,416.0,0.0,0.0,0.0,0.0,0.0,33.0,16.0,30.0,0.0,6.539999999999999,3.6,6.380000000000001,mof_primitive
196.99999999999994,349.7051999999998,1017.6543999999997,743.1883999999999,9768.0,15552.0,11584.0,8112.0,22.0,56.0,104.0,92.0,196.0,592.0,596.0,464.0,16.7158,50.26399999999999,68.17039999999999,57.33880000000003,1.4884,28.2918,12.443999999999999,23.9486,4356.0,3564.0,1584.0,3036.0,1.0,7.0,4.0,7.0,49.0,112.0,84.0,133.0,2.7889,8.6005,5.1436,8.8677,0.0,-14.649999999999999,-5.319999999999999,-11.09,0.0,408.0,240.0,416.0,0.0,0.0,0.0,0.0,0.0,33.0,16.0,30.0,0.0,6.539999999999999,3.5999999999999996,6.380000000000001,mof_primitive
