f-chi-0-all,f-chi-1-all,f-chi-2-all,f-chi-3-all,f-Z-0-all,f-Z-1-all,f-Z-2-all,f-Z-3-all,f-I-0-all,f-I-1-all,f-I-2-all,f-I-3-all,f-T-0-all,f-T-1-all,f-T-2-all,f-T-3-all,f-S-0-all,f-S-1-all,f-S-2-all,f-S-3-all,mc-chi-0-all,mc-chi-1-all,mc-chi-2-all,mc-chi-3-all,mc-Z-0-all,mc-Z-1-all,mc-Z-2-all,mc-Z-3-all,mc-I-0-all,mc-I-1-all,mc-I-2-all,mc-I-3-all,mc-T-0-all,mc-T-1-all,mc-T-2-all,mc-T-3-all,mc-S-0-all,mc-S-1-all,mc-S-2-all,mc-S-3-all,D_mc-chi-0-all,D_mc-chi-1-all,D_mc-chi-2-all,D_mc-chi-3-all,D_mc-Z-0-all,D_mc-Z-1-all,D_mc-Z-2-all,D_mc-Z-3-all,D_mc-I-0-all,D_mc-I-1-all,D_mc-I-2-all,D_mc-I-3-all,D_mc-T-0-all,D_mc-T-1-all,D_mc-T-2-all,D_mc-T-3-all,D_mc-S-0-all,D_mc-S-1-all,D_mc-S-2-all,D_mc-S-3-all,name
1438.0895999999982,3135.0927999999963,12148.426400000002,17449.63199999998,57936.0,122368.0,284240.0,363648.0,176.0,552.0,1432.0,2496.0,2176.0,7984.0,17360.0,27832.0,152.00320000000053,530.9135999999997,1193.6912000000025,2000.9256000000025,0.7920999999999998,23.371399999999994,22.40575,71.21779999999997,3136.0,3416.0,10864.0,9044.0,1.0,7.75,11.5,26.75,60.25,179.25,387.5,542.75,3.8415999999999997,11.1279,23.186800000000005,34.45190000000001,0.0,-19.3625,-14.939999999999998,-56.21249999999996,0.0,373.0,450.0,1336.5,0.0,0.0,0.0,0.0,0.0,37.25,40.5,139.5,0.0,9.512500000000001,10.709999999999997,34.85249999999999,mof_primitive
