f-chi-0-all,f-chi-1-all,f-chi-2-all,f-chi-3-all,f-Z-0-all,f-Z-1-all,f-Z-2-all,f-Z-3-all,f-I-0-all,f-I-1-all,f-I-2-all,f-I-3-all,f-T-0-all,f-T-1-all,f-T-2-all,f-T-3-all,f-S-0-all,f-S-1-all,f-S-2-all,f-S-3-all,mc-chi-0-all,mc-chi-1-all,mc-chi-2-all,mc-chi-3-all,mc-Z-0-all,mc-Z-1-all,mc-Z-2-all,mc-Z-3-all,mc-I-0-all,mc-I-1-all,mc-I-2-all,mc-I-3-all,mc-T-0-all,mc-T-1-all,mc-T-2-all,mc-T-3-all,mc-S-0-all,mc-S-1-all,mc-S-2-all,mc-S-3-all,D_mc-chi-0-all,D_mc-chi-1-all,D_mc-chi-2-all,D_mc-chi-3-all,D_mc-Z-0-all,D_mc-Z-1-all,D_mc-Z-2-all,D_mc-Z-3-all,D_mc-I-0-all,D_mc-I-1-all,D_mc-I-2-all,D_mc-I-3-all,D_mc-T-0-all,D_mc-T-1-all,D_mc-T-2-all,D_mc-T-3-all,D_mc-S-0-all,D_mc-S-1-all,D_mc-S-2-all,D_mc-S-3-all,name
492.66159999999974,916.4159999999995,2422.592999999999,2836.9680000000008,9760.0,21312.0,42840.0,57312.0,55.0,132.0,258.0,394.0,390.0,1108.0,2056.0,3008.0,39.73510000000001,104.94480000000001,191.57820000000007,300.30740000000014,2.722499999999999,27.670499999999993,22.3678125,88.69781249999998,900.0,1170.0,3307.5,3757.5,1.0,4.875,6.375,16.5,24.625,57.0,129.625,190.125,1.7161000000000006,4.6619625,8.552662500000002,15.9558,0.0,-8.726249999999999,-3.0375000000000005,-26.531249999999993,0.0,107.25,81.0,369.75,0.0,0.0,0.0,0.0,0.0,13.375,6.75,45.375,0.0,2.8274999999999997,1.8225000000000005,9.435,mof_primitive
492.66159999999974,916.4159999999996,2422.5930000000003,2836.9679999999985,9760.0,21312.0,42840.0,57312.0,55.0,132.0,258.0,394.0,390.0,1108.0,2056.0,3008.0,39.73510000000002,104.94480000000003,191.57820000000004,300.3074000000002,2.722499999999999,27.670499999999993,22.3678125,88.69781249999998,900.0,1170.0,3307.5,3757.5,1.0,4.875,6.375,16.5,24.625,57.0,129.625,190.125,1.7161000000000006,4.6619625,8.552662500000002,15.9558,0.0,-8.726249999999999,-3.0375000000000005,-26.531249999999993,0.0,107.25,81.0,369.75,0.0,0.0,0.0,0.0,0.0,13.375,6.75,45.375,0.0,2.8274999999999997,1.8225000000000005,9.435,mof_primitive
