f-lig-chi-0,f-lig-chi-1,f-lig-chi-2,f-lig-chi-3,f-lig-Z-0,f-lig-Z-1,f-lig-Z-2,f-lig-Z-3,f-lig-I-0,f-lig-I-1,f-lig-I-2,f-lig-I-3,f-lig-T-0,f-lig-T-1,f-lig-T-2,f-lig-T-3,f-lig-S-0,f-lig-S-1,f-lig-S-2,f-lig-S-3,name
402.8737999999999,836.5020000000009,1341.2108000000005,1727.7490000000012,1754.0,3720.0,5600.0,6328.0,60.0,128.0,204.0,274.0,332.0,840.0,1244.0,1474.0,26.886000000000017,64.31040000000003,97.80279999999999,119.67699999999998,mof_primitive
140.7114,305.3072000000001,447.22399999999993,500.4330000000001,564.0,1274.0,1616.0,1464.0,22.0,46.0,68.0,78.0,114.0,272.0,352.0,322.0,9.2742,22.099800000000002,30.09400000000001,29.85180000000001,mof_primitive
