f-chi-0-all,f-chi-1-all,f-chi-2-all,f-chi-3-all,f-Z-0-all,f-Z-1-all,f-Z-2-all,f-Z-3-all,f-I-0-all,f-I-1-all,f-I-2-all,f-I-3-all,f-T-0-all,f-T-1-all,f-T-2-all,f-T-3-all,f-S-0-all,f-S-1-all,f-S-2-all,f-S-3-all,mc-chi-0-all,mc-chi-1-all,mc-chi-2-all,mc-chi-3-all,mc-Z-0-all,mc-Z-1-all,mc-Z-2-all,mc-Z-3-all,mc-I-0-all,mc-I-1-all,mc-I-2-all,mc-I-3-all,mc-T-0-all,mc-T-1-all,mc-T-2-all,mc-T-3-all,mc-S-0-all,mc-S-1-all,mc-S-2-all,mc-S-3-all,D_mc-chi-0-all,D_mc-chi-1-all,D_mc-chi-2-all,D_mc-chi-3-all,D_mc-Z-0-all,D_mc-Z-1-all,D_mc-Z-2-all,D_mc-Z-3-all,D_mc-I-0-all,D_mc-I-1-all,D_mc-I-2-all,D_mc-I-3-all,D_mc-T-0-all,D_mc-T-1-all,D_mc-T-2-all,D_mc-T-3-all,D_mc-S-0-all,D_mc-S-1-all,D_mc-S-2-all,D_mc-S-3-all,name
305.6574999999999,577.4383999999998,2744.7418000000007,2660.3583999999996,17320.0,35072.0,89344.0,68032.0,35.0,114.0,294.0,384.0,492.0,1952.0,3838.0,4014.0,35.795000000000016,128.3632,270.90200000000004,323.5652000000001,0.7920999999999999,22.65583999999999,15.560759999999998,50.67303999999999,3136.0,3315.2,13171.2,7436.8,1.0,7.4,9.2,18.0,56.2,172.4,328.0,371.8,3.8415999999999997,10.58792,22.28128,26.19344000000001,0.0,-18.870000000000005,-9.295999999999998,-40.91599999999999,0.0,355.2,280.0,875.2,0.0,0.0,0.0,0.0,0.0,33.4,24.8,81.6,0.0,9.102,6.664,21.916000000000004,mof_primitive
305.6574999999999,577.4383999999998,2744.7418000000002,2660.358399999999,17320.0,35072.0,89344.0,68032.0,35.0,114.0,294.0,384.0,492.0,1952.0,3838.0,4014.0,35.795000000000016,128.3632,270.90200000000004,323.56520000000006,0.7920999999999999,22.65583999999999,15.560759999999998,50.67303999999999,3136.0,3315.2,13171.2,7436.8,1.0,7.4,9.2,18.0,56.2,172.4,328.0,371.8,3.8415999999999997,10.58792,22.28128,26.19344000000001,0.0,-18.870000000000005,-9.295999999999998,-40.91599999999999,0.0,355.2,280.0,875.2,0.0,0.0,0.0,0.0,0.0,33.4,24.8,81.6,0.0,9.102,6.664,21.916000000000004,mof_primitive
