f-chi-0-all,f-chi-1-all,f-chi-2-all,f-chi-3-all,f-Z-0-all,f-Z-1-all,f-Z-2-all,f-Z-3-all,f-I-0-all,f-I-1-all,f-I-2-all,f-I-3-all,f-T-0-all,f-T-1-all,f-T-2-all,f-T-3-all,f-S-0-all,f-S-1-all,f-S-2-all,f-S-3-all,mc-chi-0-all,mc-chi-1-all,mc-chi-2-all,mc-chi-3-all,mc-Z-0-all,mc-Z-1-all,mc-Z-2-all,mc-Z-3-all,mc-I-0-all,mc-I-1-all,mc-I-2-all,mc-I-3-all,mc-T-0-all,mc-T-1-all,mc-T-2-all,mc-T-3-all,mc-S-0-all,mc-S-1-all,mc-S-2-all,mc-S-3-all,D_mc-chi-0-all,D_mc-chi-1-all,D_mc-chi-2-all,D_mc-chi-3-all,D_mc-Z-0-all,D_mc-Z-1-all,D_mc-Z-2-all,D_mc-Z-3-all,D_mc-I-0-all,D_mc-I-1-all,D_mc-I-2-all,D_mc-I-3-all,D_mc-T-0-all,D_mc-T-1-all,D_mc-T-2-all,D_mc-T-3-all,D_mc-S-0-all,D_mc-S-1-all,D_mc-S-2-all,D_mc-S-3-all,name
1381.6245,2984.8908000000097,8974.980000000014,6121.940999999996,108672.0,152976.0,88464.0,59892.0,165.0,474.0,996.0,816.0,1944.0,6942.0,7464.0,4722.0,115.60169999999982,409.44119999999845,601.7652000000006,455.1419999999986,1.9043999999999992,38.16044999999998,13.592999999999998,27.255000000000006,8464.0,5934.0,1748.0,2162.0,1.0,8.75,4.0,8.5,76.75,210.75,111.75,153.5,2.89,11.045749999999996,4.555999999999999,7.386499999999998,0.0,-15.577500000000002,-4.329999999999999,-8.020000000000003,0.0,740.5,349.0,758.5,0.0,0.0,0.0,0.0,0.0,52.75,22.25,57.25,0.0,8.3775,4.119999999999998,10.104999999999999,mof_primitive
