f-lig-chi-0,f-lig-chi-1,f-lig-chi-2,f-lig-chi-3,f-lig-Z-0,f-lig-Z-1,f-lig-Z-2,f-lig-Z-3,f-lig-I-0,f-lig-I-1,f-lig-I-2,f-lig-I-3,f-lig-T-0,f-lig-T-1,f-lig-T-2,f-lig-T-3,f-lig-S-0,f-lig-S-1,f-lig-S-2,f-lig-S-3,name
172.3438,360.3660000000001,552.5652,660.6320000000002,691.0,1488.0,2028.0,1970.0,27.0,56.0,86.0,108.0,142.0,348.0,478.0,498.0,11.297900000000002,26.85760000000001,38.335000000000015,41.918400000000005,mof_primitive
172.3438,360.3660000000001,552.5652,660.6320000000002,691.0,1488.0,2028.0,1970.0,27.0,56.0,86.0,108.0,142.0,348.0,478.0,498.0,11.297900000000002,26.85760000000001,38.335000000000015,41.918400000000005,mof_primitive
167.2729,286.6199999999999,449.52679999999987,515.6307999999999,886.0,1524.0,2360.0,2620.0,19.0,38.0,56.0,66.0,94.0,222.0,296.0,328.0,10.2987,21.3598,30.8744,35.47260000000001,mof_primitive
172.3438,360.3660000000001,552.5652,660.6320000000002,691.0,1488.0,2028.0,1970.0,27.0,56.0,86.0,108.0,142.0,348.0,478.0,498.0,11.2979,26.857600000000012,38.335000000000015,41.918400000000005,mof_primitive
167.2729,286.61999999999995,449.52679999999987,515.6308,886.0,1524.0,2360.0,2620.0,19.0,38.0,56.0,66.0,94.0,222.0,296.0,328.0,10.2987,21.359800000000007,30.87439999999999,35.47260000000001,mof_primitive
172.34380000000002,360.36600000000004,552.5652,660.6320000000002,691.0,1488.0,2028.0,1970.0,27.0,56.0,86.0,108.0,142.0,348.0,478.0,498.0,11.2979,26.857600000000012,38.335000000000015,41.91840000000001,mof_primitive
