f-chi-0-all,f-chi-1-all,f-chi-2-all,f-chi-3-all,f-Z-0-all,f-Z-1-all,f-Z-2-all,f-Z-3-all,f-I-0-all,f-I-1-all,f-I-2-all,f-I-3-all,f-T-0-all,f-T-1-all,f-T-2-all,f-T-3-all,f-S-0-all,f-S-1-all,f-S-2-all,f-S-3-all,mc-chi-0-all,mc-chi-1-all,mc-chi-2-all,mc-chi-3-all,mc-Z-0-all,mc-Z-1-all,mc-Z-2-all,mc-Z-3-all,mc-I-0-all,mc-I-1-all,mc-I-2-all,mc-I-3-all,mc-T-0-all,mc-T-1-all,mc-T-2-all,mc-T-3-all,mc-S-0-all,mc-S-1-all,mc-S-2-all,mc-S-3-all,D_mc-chi-0-all,D_mc-chi-1-all,D_mc-chi-2-all,D_mc-chi-3-all,D_mc-Z-0-all,D_mc-Z-1-all,D_mc-Z-2-all,D_mc-Z-3-all,D_mc-I-0-all,D_mc-I-1-all,D_mc-I-2-all,D_mc-I-3-all,D_mc-T-0-all,D_mc-T-1-all,D_mc-T-2-all,D_mc-T-3-all,D_mc-S-0-all,D_mc-S-1-all,D_mc-S-2-all,D_mc-S-3-all,name
289.0413,579.9139999999999,1013.1630000000001,1179.3679999999997,3912.0,7828.0,9702.0,7912.0,38.0,82.0,128.0,156.0,214.0,542.0,732.0,656.0,23.523100000000003,55.73480000000002,81.89520000000002,84.74840000000005,3.61,27.30933333333333,25.84,46.22066666666666,841.0,966.6666666666666,928.0,1411.3333333333333,1.0,4.333333333333333,5.333333333333333,9.0,19.666666666666668,45.333333333333336,72.0,87.0,1.9043999999999996,4.4022,5.6672,8.330599999999999,0.0,-6.140000000000001,-3.4666666666666663,-7.226666666666667,0.0,92.33333333333333,122.66666666666667,212.33333333333334,0.0,0.0,0.0,0.0,0.0,9.666666666666666,8.0,20.0,0.0,2.7899999999999996,3.2533333333333325,6.383333333333332,mof_primitive
289.0413,579.9139999999998,1013.1629999999999,1179.3679999999997,3912.0,7828.0,9702.0,7912.0,38.0,82.0,128.0,156.0,214.0,542.0,732.0,656.0,23.523100000000014,55.73479999999999,81.8952,84.74840000000003,3.61,27.30933333333333,25.84,46.22066666666666,841.0,966.6666666666666,928.0,1411.3333333333333,1.0,4.333333333333333,5.333333333333333,9.0,19.666666666666668,45.333333333333336,72.0,87.0,1.9043999999999996,4.4022,5.6672,8.330599999999999,0.0,-6.140000000000001,-3.4666666666666663,-7.226666666666667,0.0,92.33333333333333,122.66666666666667,212.33333333333334,0.0,0.0,0.0,0.0,0.0,9.666666666666666,8.0,20.0,0.0,2.7899999999999996,3.2533333333333325,6.383333333333332,mof_primitive
