f-lig-chi-0,f-lig-chi-1,f-lig-chi-2,f-lig-chi-3,f-lig-Z-0,f-lig-Z-1,f-lig-Z-2,f-lig-Z-3,f-lig-I-0,f-lig-I-1,f-lig-I-2,f-lig-I-3,f-lig-T-0,f-lig-T-1,f-lig-T-2,f-lig-T-3,f-lig-S-0,f-lig-S-1,f-lig-S-2,f-lig-S-3,name
154.40439999999995,306.561,486.24039999999997,592.6819999999999,694.0,1392.0,2080.0,2264.0,22.0,46.0,72.0,92.0,118.0,294.0,424.0,476.0,10.067800000000002,23.33100000000001,34.81040000000001,40.550000000000004,mof_primitive
154.40439999999995,306.561,486.24039999999997,592.6819999999999,694.0,1392.0,2080.0,2264.0,22.0,46.0,72.0,92.0,118.0,294.0,424.0,476.0,10.067800000000002,23.33100000000001,34.81040000000001,40.550000000000004,mof_primitive
154.40439999999995,306.561,486.24039999999997,592.6819999999999,694.0,1392.0,2080.0,2264.0,22.0,46.0,72.0,92.0,118.0,294.0,424.0,476.0,10.067800000000002,23.33100000000001,34.81040000000001,40.550000000000004,mof_primitive
210.542,398.78979999999996,620.8867999999999,767.5412000000001,1046.0,1984.0,3008.0,3560.0,26.0,54.0,84.0,108.0,138.0,342.0,500.0,612.0,13.0506,28.881400000000006,43.779600000000016,53.90600000000002,mof_primitive
210.542,398.78979999999996,620.8868,767.5412000000001,1046.0,1984.0,3008.0,3560.0,26.0,54.0,84.0,108.0,138.0,342.0,500.0,612.0,13.0506,28.881400000000006,43.77960000000001,53.90600000000002,mof_primitive
210.542,398.78979999999996,620.8868,767.5412000000001,1046.0,1984.0,3008.0,3560.0,26.0,54.0,84.0,108.0,138.0,342.0,500.0,612.0,13.0506,28.881400000000006,43.77960000000001,53.90600000000002,mof_primitive
