f-lig-chi-0,f-lig-chi-1,f-lig-chi-2,f-lig-chi-3,f-lig-Z-0,f-lig-Z-1,f-lig-Z-2,f-lig-Z-3,f-lig-I-0,f-lig-I-1,f-lig-I-2,f-lig-I-3,f-lig-T-0,f-lig-T-1,f-lig-T-2,f-lig-T-3,f-lig-S-0,f-lig-S-1,f-lig-S-2,f-lig-S-3,name
305.8200999999999,652.3410000000002,1034.0593999999999,1314.8630000000003,1270.0,2796.0,4076.0,4460.0,47.0,100.0,158.0,208.0,258.0,648.0,942.0,1086.0,20.269500000000008,49.033600000000014,73.20380000000002,86.8644,mof_primitive
122.22820000000003,268.821,406.2200000000001,458.812,466.0,1080.0,1400.0,1288.0,20.0,42.0,64.0,76.0,106.0,258.0,352.0,360.0,8.1492,19.850600000000007,27.907200000000007,28.97160000000001,mof_primitive
305.8200999999999,652.3410000000002,1034.0593999999999,1314.8630000000003,1270.0,2796.0,4076.0,4460.0,47.0,100.0,158.0,208.0,258.0,648.0,942.0,1086.0,20.269500000000008,49.033600000000014,73.20380000000002,86.8644,mof_primitive
