f-lig-chi-0,f-lig-chi-1,f-lig-chi-2,f-lig-chi-3,f-lig-Z-0,f-lig-Z-1,f-lig-Z-2,f-lig-Z-3,f-lig-I-0,f-lig-I-1,f-lig-I-2,f-lig-I-3,f-lig-T-0,f-lig-T-1,f-lig-T-2,f-lig-T-3,f-lig-S-0,f-lig-S-1,f-lig-S-2,f-lig-S-3,name
263.48049999999995,561.4590000000001,947.1264,1169.6650000000006,1090.0,2400.0,3714.0,4432.0,40.0,86.0,146.0,184.0,232.0,586.0,874.0,1080.0,17.032000000000004,41.99580000000001,65.92900000000002,81.97040000000001,mof_primitive
215.95649999999998,463.84499999999986,770.4970000000002,808.7758,774.0,1752.0,2404.0,2926.0,34.0,70.0,118.0,120.0,188.0,438.0,560.0,644.0,12.6218,31.154200000000003,44.9198,50.4732,mof_primitive
303.18269999999995,620.9250000000001,1054.2134,1185.5170000000003,1152.0,2424.0,3530.0,4552.0,46.0,94.0,162.0,182.0,256.0,612.0,826.0,1064.0,17.733400000000007,42.79660000000002,64.02340000000002,79.13180000000003,mof_primitive
