f-lig-chi-0,f-lig-chi-1,f-lig-chi-2,f-lig-chi-3,f-lig-Z-0,f-lig-Z-1,f-lig-Z-2,f-lig-Z-3,f-lig-I-0,f-lig-I-1,f-lig-I-2,f-lig-I-3,f-lig-T-0,f-lig-T-1,f-lig-T-2,f-lig-T-3,f-lig-S-0,f-lig-S-1,f-lig-S-2,f-lig-S-3,name
243.9312999999999,464.2019999999998,749.3457999999998,925.8539999999999,1132.0,2160.0,3274.0,3504.0,33.0,68.0,108.0,140.0,176.0,436.0,628.0,716.0,15.4377,34.8964,52.2924,62.30840000000002,mof_primitive
243.9312999999999,464.2019999999998,749.3457999999998,925.8539999999999,1132.0,2160.0,3274.0,3504.0,33.0,68.0,108.0,140.0,176.0,436.0,628.0,716.0,15.4377,34.8964,52.2924,62.30840000000002,mof_primitive
243.9313,464.20199999999994,749.3457999999999,925.8540000000002,1132.0,2160.0,3274.0,3504.0,33.0,68.0,108.0,140.0,176.0,436.0,628.0,716.0,15.4377,34.896400000000014,52.29240000000002,62.308400000000006,mof_primitive
243.9312999999999,464.2019999999998,749.3457999999998,925.8539999999999,1132.0,2160.0,3274.0,3504.0,33.0,68.0,108.0,140.0,176.0,436.0,628.0,716.0,15.4377,34.8964,52.2924,62.30840000000002,mof_primitive
