f-chi-0-all,f-chi-1-all,f-chi-2-all,f-chi-3-all,f-Z-0-all,f-Z-1-all,f-Z-2-all,f-Z-3-all,f-I-0-all,f-I-1-all,f-I-2-all,f-I-3-all,f-T-0-all,f-T-1-all,f-T-2-all,f-T-3-all,f-S-0-all,f-S-1-all,f-S-2-all,f-S-3-all,mc-chi-0-all,mc-chi-1-all,mc-chi-2-all,mc-chi-3-all,mc-Z-0-all,mc-Z-1-all,mc-Z-2-all,mc-Z-3-all,mc-I-0-all,mc-I-1-all,mc-I-2-all,mc-I-3-all,mc-T-0-all,mc-T-1-all,mc-T-2-all,mc-T-3-all,mc-S-0-all,mc-S-1-all,mc-S-2-all,mc-S-3-all,D_mc-chi-0-all,D_mc-chi-1-all,D_mc-chi-2-all,D_mc-chi-3-all,D_mc-Z-0-all,D_mc-Z-1-all,D_mc-Z-2-all,D_mc-Z-3-all,D_mc-I-0-all,D_mc-I-1-all,D_mc-I-2-all,D_mc-I-3-all,D_mc-T-0-all,D_mc-T-1-all,D_mc-T-2-all,D_mc-T-3-all,D_mc-S-0-all,D_mc-S-1-all,D_mc-S-2-all,D_mc-S-3-all,name
270.24759999999986,489.2999999999996,2080.890000000001,1729.6679999999992,9648.0,21280.0,20112.0,17312.0,30.0,80.0,212.0,216.0,348.0,1184.0,1360.0,1152.0,21.353400000000015,72.61920000000002,133.52519999999998,133.39120000000005,1.44,39.144,18.359999999999996,40.992000000000004,4096.0,4864.0,2304.0,5120.0,1.0,10.0,6.0,12.0,100.0,240.0,180.0,320.0,2.8560999999999996,12.4722,7.8077999999999985,15.345199999999998,0.0,-20.620000000000005,-8.1,-19.76,0.0,564.0,348.0,688.0,0.0,0.0,0.0,0.0,0.0,76.0,42.0,88.0,0.0,9.52,5.52,11.2,mof_primitive
270.24759999999986,489.2999999999996,2080.8900000000003,1729.6679999999997,9648.0,21280.0,20112.0,17312.0,30.0,80.0,212.0,216.0,348.0,1184.0,1360.0,1152.0,21.353400000000015,72.6192,133.52519999999998,133.39120000000005,1.44,39.144,18.359999999999996,40.992000000000004,4096.0,4864.0,2304.0,5120.0,1.0,10.0,6.0,12.0,100.0,240.0,180.0,320.0,2.8560999999999996,12.4722,7.8077999999999985,15.345199999999998,0.0,-20.620000000000005,-8.1,-19.76,0.0,564.0,348.0,688.0,0.0,0.0,0.0,0.0,0.0,76.0,42.0,88.0,0.0,9.52,5.52,11.2,mof_primitive
