f-lig-chi-0,f-lig-chi-1,f-lig-chi-2,f-lig-chi-3,f-lig-Z-0,f-lig-Z-1,f-lig-Z-2,f-lig-Z-3,f-lig-I-0,f-lig-I-1,f-lig-I-2,f-lig-I-3,f-lig-T-0,f-lig-T-1,f-lig-T-2,f-lig-T-3,f-lig-S-0,f-lig-S-1,f-lig-S-2,f-lig-S-3,name
118.7144,219.09599999999995,337.32039999999995,385.387,548.0,1008.0,1456.0,1420.0,16.0,32.0,48.0,58.0,80.0,192.0,256.0,250.0,7.4224,16.262400000000003,23.044800000000006,24.679400000000008,mof_primitive
297.3532,676.5660000000003,1067.022,1366.1512000000002,1126.0,2736.0,3888.0,4306.0,50.0,108.0,172.0,226.0,280.0,708.0,1020.0,1120.0,20.4642,51.59000000000002,77.09240000000003,89.40500000000002,mof_primitive
274.1844,554.6760000000002,924.6804000000003,1071.831,996.0,2064.0,2880.0,3288.0,44.0,88.0,152.0,182.0,240.0,580.0,752.0,930.0,16.727600000000002,39.608800000000016,57.79440000000002,68.52540000000002,mof_primitive
