f-lig-chi-0,f-lig-chi-1,f-lig-chi-2,f-lig-chi-3,f-lig-Z-0,f-lig-Z-1,f-lig-Z-2,f-lig-Z-3,f-lig-I-0,f-lig-I-1,f-lig-I-2,f-lig-I-3,f-lig-T-0,f-lig-T-1,f-lig-T-2,f-lig-T-3,f-lig-S-0,f-lig-S-1,f-lig-S-2,f-lig-S-3,name
238.64189999999994,500.361,836.5603999999998,1065.617,954.0,2064.0,3110.0,3566.0,37.0,78.0,132.0,174.0,210.0,534.0,778.0,914.0,15.313300000000002,37.37580000000001,57.816400000000016,70.48780000000004,mof_primitive
238.64189999999994,500.361,836.5603999999998,1065.617,954.0,2064.0,3110.0,3566.0,37.0,78.0,132.0,174.0,210.0,534.0,778.0,914.0,15.313300000000002,37.37580000000001,57.816400000000016,70.48780000000004,mof_primitive
73.3444,109.19099999999995,143.52039999999997,83.18099999999998,400.0,600.0,784.0,456.0,8.0,14.0,16.0,10.0,30.0,56.0,44.0,34.0,4.503199999999999,8.0542,9.0,5.682600000000001,mof_primitive
73.3444,109.19099999999995,143.52039999999997,83.18099999999998,400.0,600.0,784.0,456.0,8.0,14.0,16.0,10.0,30.0,56.0,44.0,34.0,4.503199999999999,8.0542,9.0,5.682600000000001,mof_primitive
