f-lig-chi-0,f-lig-chi-1,f-lig-chi-2,f-lig-chi-3,f-lig-Z-0,f-lig-Z-1,f-lig-Z-2,f-lig-Z-3,f-lig-I-0,f-lig-I-1,f-lig-I-2,f-lig-I-3,f-lig-T-0,f-lig-T-1,f-lig-T-2,f-lig-T-3,f-lig-S-0,f-lig-S-1,f-lig-S-2,f-lig-S-3,name
263.6276,553.684,867.8223999999999,1107.6729999999998,1088.0,2332.0,3376.0,3628.0,40.0,84.0,132.0,174.0,216.0,540.0,772.0,862.0,17.031200000000002,40.780400000000014,60.28200000000001,70.33900000000001,mof_primitive
263.6276,553.6840000000001,867.8224000000001,1107.673,1088.0,2332.0,3376.0,3628.0,40.0,84.0,132.0,174.0,216.0,540.0,772.0,862.0,17.031200000000002,40.780400000000014,60.28200000000002,70.33900000000001,mof_primitive
263.6276,553.6840000000001,867.8224000000004,1107.673,1088.0,2332.0,3376.0,3628.0,40.0,84.0,132.0,174.0,216.0,540.0,772.0,862.0,17.03120000000001,40.780400000000014,60.282000000000025,70.33900000000001,mof_primitive
263.62760000000003,553.6840000000004,867.8224000000004,1107.6730000000005,1088.0,2332.0,3376.0,3628.0,40.0,84.0,132.0,174.0,216.0,540.0,772.0,862.0,17.031200000000005,40.78040000000001,60.282000000000025,70.33900000000004,mof_primitive
263.62760000000003,553.6840000000004,867.8224000000004,1107.6730000000007,1088.0,2332.0,3376.0,3628.0,40.0,84.0,132.0,174.0,216.0,540.0,772.0,862.0,17.031200000000013,40.78040000000001,60.28200000000002,70.33900000000003,mof_primitive
263.6276,553.6840000000003,867.8224000000004,1107.6730000000007,1088.0,2332.0,3376.0,3628.0,40.0,84.0,132.0,174.0,216.0,540.0,772.0,862.0,17.031200000000013,40.78040000000001,60.28200000000002,70.33900000000003,mof_primitive
