f-lig-chi-0,f-lig-chi-1,f-lig-chi-2,f-lig-chi-3,f-lig-Z-0,f-lig-Z-1,f-lig-Z-2,f-lig-Z-3,f-lig-I-0,f-lig-I-1,f-lig-I-2,f-lig-I-3,f-lig-T-0,f-lig-T-1,f-lig-T-2,f-lig-T-3,f-lig-S-0,f-lig-S-1,f-lig-S-2,f-lig-S-3,name
509.7271999999998,1060.035000000001,1752.9628000000005,2215.1360000000004,2681.0,4932.0,7648.0,8956.0,75.0,160.0,264.0,340.0,424.0,1064.0,1532.0,1850.0,34.15390000000001,80.63440000000001,124.484,153.50440000000003,mof_primitive
509.7271999999998,1060.035000000001,1752.9628000000005,2215.1360000000004,2681.0,4932.0,7648.0,8956.0,75.0,160.0,264.0,340.0,424.0,1064.0,1532.0,1850.0,34.15390000000001,80.63440000000001,124.484,153.50440000000003,mof_primitive
