f-chi-0-all,f-chi-1-all,f-chi-2-all,f-chi-3-all,f-Z-0-all,f-Z-1-all,f-Z-2-all,f-Z-3-all,f-I-0-all,f-I-1-all,f-I-2-all,f-I-3-all,f-T-0-all,f-T-1-all,f-T-2-all,f-T-3-all,f-S-0-all,f-S-1-all,f-S-2-all,f-S-3-all,mc-chi-0-all,mc-chi-1-all,mc-chi-2-all,mc-chi-3-all,mc-Z-0-all,mc-Z-1-all,mc-Z-2-all,mc-Z-3-all,mc-I-0-all,mc-I-1-all,mc-I-2-all,mc-I-3-all,mc-T-0-all,mc-T-1-all,mc-T-2-all,mc-T-3-all,mc-S-0-all,mc-S-1-all,mc-S-2-all,mc-S-3-all,D_mc-chi-0-all,D_mc-chi-1-all,D_mc-chi-2-all,D_mc-chi-3-all,D_mc-Z-0-all,D_mc-Z-1-all,D_mc-Z-2-all,D_mc-Z-3-all,D_mc-I-0-all,D_mc-I-1-all,D_mc-I-2-all,D_mc-I-3-all,D_mc-T-0-all,D_mc-T-1-all,D_mc-T-2-all,D_mc-T-3-all,D_mc-S-0-all,D_mc-S-1-all,D_mc-S-2-all,D_mc-S-3-all,name
114.2902,202.27199999999993,342.9114,383.90399999999994,2392.0,4032.0,4056.0,4608.0,13.0,28.0,38.0,48.0,66.0,152.0,188.0,216.0,9.534099999999999,21.257600000000004,26.9114,31.71120000000001,2.7224999999999997,21.284999999999997,14.72625,33.173249999999996,900.0,900.0,630.0,1410.0,1.0,3.75,3.5,6.75,14.75,29.5,40.5,64.0,1.7161000000000002,3.586125,3.53045,6.638425000000001,0.0,-6.7125,-3.1499999999999995,-8.967500000000001,0.0,82.5,84.0,155.5,0.0,0.0,0.0,0.0,0.0,7.25,3.0,9.0,0.0,2.1750000000000003,1.8900000000000001,3.7750000000000004,mof_primitive
126.1238,231.16799999999995,437.5802,436.53599999999994,2456.0,4608.0,4568.0,4896.0,14.0,32.0,46.0,54.0,82.0,200.0,244.0,264.0,10.066999999999998,24.294400000000003,31.174600000000005,35.083800000000004,2.7224999999999997,21.284999999999997,14.72625,33.173249999999996,900.0,900.0,630.0,1410.0,1.0,3.75,3.5,6.75,14.75,29.5,40.5,64.0,1.7161000000000002,3.586125,3.53045,6.638425000000001,0.0,-6.7125,-3.1499999999999995,-8.967500000000001,0.0,82.5,84.0,155.5,0.0,0.0,0.0,0.0,0.0,7.25,3.0,9.0,0.0,2.1750000000000003,1.8900000000000001,3.7750000000000004,mof_primitive
