f-lig-chi-0,f-lig-chi-1,f-lig-chi-2,f-lig-chi-3,f-lig-Z-0,f-lig-Z-1,f-lig-Z-2,f-lig-Z-3,f-lig-I-0,f-lig-I-1,f-lig-I-2,f-lig-I-3,f-lig-T-0,f-lig-T-1,f-lig-T-2,f-lig-T-3,f-lig-S-0,f-lig-S-1,f-lig-S-2,f-lig-S-3,name
122.34719999999999,222.97199999999998,345.07239999999996,400.3589999999999,1058.0,1368.0,2176.0,2560.0,16.0,32.0,48.0,58.0,80.0,192.0,256.0,250.0,9.2294,18.264400000000002,27.048800000000007,31.647399999999994,mof_primitive
122.3472,222.97199999999998,345.07239999999996,400.3589999999999,1058.0,1368.0,2176.0,2560.0,16.0,32.0,48.0,58.0,80.0,192.0,256.0,250.0,9.2294,18.264400000000002,27.0488,31.647399999999998,mof_primitive
122.34719999999999,222.97199999999998,345.07239999999996,400.359,1058.0,1368.0,2176.0,2560.0,16.0,32.0,48.0,58.0,80.0,192.0,256.0,250.0,9.2294,18.264400000000002,27.0488,31.647399999999998,mof_primitive
