f-lig-chi-0,f-lig-chi-1,f-lig-chi-2,f-lig-chi-3,f-lig-Z-0,f-lig-Z-1,f-lig-Z-2,f-lig-Z-3,f-lig-I-0,f-lig-I-1,f-lig-I-2,f-lig-I-3,f-lig-T-0,f-lig-T-1,f-lig-T-2,f-lig-T-3,f-lig-S-0,f-lig-S-1,f-lig-S-2,f-lig-S-3,name
204.17599999999996,425.06199999999995,675.8484,860.9149999999998,890.0,1876.0,2874.0,3284.0,30.0,64.0,102.0,134.0,166.0,420.0,630.0,750.0,13.412600000000001,32.094800000000006,49.159800000000004,60.09660000000002,mof_primitive
185.40099999999995,355.87799999999993,662.4963999999999,894.8524000000001,942.0,1848.0,3304.0,4220.0,20.0,48.0,84.0,104.0,156.0,504.0,708.0,560.0,10.350799999999998,26.61120000000001,44.51239999999998,51.75040000000001,mof_primitive
141.39939999999999,319.566,553.5604,667.9380000000001,622.0,1464.0,2152.0,2172.0,20.0,48.0,84.0,104.0,156.0,504.0,708.0,560.0,8.882000000000001,24.516800000000007,38.229200000000006,40.66640000000001,mof_primitive
190.09439999999995,394.02599999999995,635.1604,799.4869999999999,840.0,1776.0,2704.0,3008.0,28.0,60.0,96.0,126.0,156.0,396.0,592.0,686.0,12.7132,30.39960000000001,46.57600000000001,55.78060000000002,mof_primitive
