f-chi-0-all,f-chi-1-all,f-chi-2-all,f-chi-3-all,f-Z-0-all,f-Z-1-all,f-Z-2-all,f-Z-3-all,f-I-0-all,f-I-1-all,f-I-2-all,f-I-3-all,f-T-0-all,f-T-1-all,f-T-2-all,f-T-3-all,f-S-0-all,f-S-1-all,f-S-2-all,f-S-3-all,mc-chi-0-all,mc-chi-1-all,mc-chi-2-all,mc-chi-3-all,mc-Z-0-all,mc-Z-1-all,mc-Z-2-all,mc-Z-3-all,mc-I-0-all,mc-I-1-all,mc-I-2-all,mc-I-3-all,mc-T-0-all,mc-T-1-all,mc-T-2-all,mc-T-3-all,mc-S-0-all,mc-S-1-all,mc-S-2-all,mc-S-3-all,D_mc-chi-0-all,D_mc-chi-1-all,D_mc-chi-2-all,D_mc-chi-3-all,D_mc-Z-0-all,D_mc-Z-1-all,D_mc-Z-2-all,D_mc-Z-3-all,D_mc-I-0-all,D_mc-I-1-all,D_mc-I-2-all,D_mc-I-3-all,D_mc-T-0-all,D_mc-T-1-all,D_mc-T-2-all,D_mc-T-3-all,D_mc-S-0-all,D_mc-S-1-all,D_mc-S-2-all,D_mc-S-3-all,name
658.5487000000005,1481.402399999998,4510.602600000001,3324.884400000001,84019.0,98328.0,322164.0,223440.0,70.0,204.0,438.0,426.0,774.0,2454.0,3468.0,4674.0,63.481899999999925,205.34279999999964,331.8276,434.42760000000015,4.778259999999999,39.761480000000006,20.316999999999997,100.29287999999998,5389.0,3224.8,19795.2,7716.8,1.0,5.6,4.0,13.4,32.0,73.8,113.2,168.6,2.2301599999999997,6.157920000000002,8.266159999999998,14.567159999999994,0.0,-7.218000000000003,-0.5119999999999999,-15.366000000000001,0.0,366.2,26.0,881.4,0.0,0.0,0.0,0.0,0.0,19.2,1.6,44.0,0.0,4.296000000000002,0.33999999999999997,10.022000000000004,mof_primitive
658.5487000000005,1481.4024000000006,4510.602599999998,3324.8844000000017,84019.0,98328.0,322164.0,223440.0,70.0,204.0,438.0,426.0,774.0,2454.0,3468.0,4674.0,63.48189999999998,205.34279999999987,331.82760000000013,434.4276,4.778259999999999,39.761480000000006,20.316999999999997,100.29287999999998,5389.0,3224.8,19795.2,7716.8,1.0,5.6,4.0,13.4,32.0,73.8,113.2,168.6,2.2301599999999997,6.157920000000002,8.266159999999998,14.567159999999994,0.0,-7.218000000000003,-0.5119999999999999,-15.366000000000001,0.0,366.2,26.0,881.4,0.0,0.0,0.0,0.0,0.0,19.2,1.6,44.0,0.0,4.296000000000002,0.33999999999999997,10.022000000000004,mof_primitive
