f-lig-chi-0,f-lig-chi-1,f-lig-chi-2,f-lig-chi-3,f-lig-Z-0,f-lig-Z-1,f-lig-Z-2,f-lig-Z-3,f-lig-I-0,f-lig-I-1,f-lig-I-2,f-lig-I-3,f-lig-T-0,f-lig-T-1,f-lig-T-2,f-lig-T-3,f-lig-S-0,f-lig-S-1,f-lig-S-2,f-lig-S-3,name
273.31859999999995,535.6372000000001,849.3721999999998,1000.9400000000002,1314.0,2584.0,3950.0,4142.0,36.0,76.0,118.0,146.0,194.0,480.0,692.0,754.0,17.581200000000006,40.05680000000001,60.044200000000004,68.62300000000002,mof_primitive
273.3186,535.6372,849.3721999999999,1000.9399999999999,1314.0,2584.0,3950.0,4142.0,36.0,76.0,118.0,146.0,194.0,480.0,692.0,754.0,17.581200000000003,40.05680000000001,60.04420000000002,68.623,mof_primitive
273.3186,535.6372,849.3721999999999,1000.9399999999999,1314.0,2584.0,3950.0,4142.0,36.0,76.0,118.0,146.0,194.0,480.0,692.0,754.0,17.581200000000003,40.05680000000001,60.04420000000002,68.623,mof_primitive
35.0097,46.30799999999999,53.9392,0.0,165.0,204.0,160.0,0.0,4.0,6.0,6.0,0.0,12.0,18.0,6.0,0.0,1.7955999999999999,2.8182,2.1462,0.0,mof_primitive
35.009699999999995,46.30799999999999,53.9392,0.0,165.0,204.0,160.0,0.0,4.0,6.0,6.0,0.0,12.0,18.0,6.0,0.0,1.7955999999999999,2.8182,2.1462,0.0,mof_primitive
273.3186,535.6372,849.3721999999999,1000.9399999999999,1314.0,2584.0,3950.0,4142.0,36.0,76.0,118.0,146.0,194.0,480.0,692.0,754.0,17.581200000000003,40.05680000000001,60.04420000000002,68.623,mof_primitive
