f-chi-0-all,f-chi-1-all,f-chi-2-all,f-chi-3-all,f-Z-0-all,f-Z-1-all,f-Z-2-all,f-Z-3-all,f-I-0-all,f-I-1-all,f-I-2-all,f-I-3-all,f-T-0-all,f-T-1-all,f-T-2-all,f-T-3-all,f-S-0-all,f-S-1-all,f-S-2-all,f-S-3-all,mc-chi-0-all,mc-chi-1-all,mc-chi-2-all,mc-chi-3-all,mc-Z-0-all,mc-Z-1-all,mc-Z-2-all,mc-Z-3-all,mc-I-0-all,mc-I-1-all,mc-I-2-all,mc-I-3-all,mc-T-0-all,mc-T-1-all,mc-T-2-all,mc-T-3-all,mc-S-0-all,mc-S-1-all,mc-S-2-all,mc-S-3-all,D_mc-chi-0-all,D_mc-chi-1-all,D_mc-chi-2-all,D_mc-chi-3-all,D_mc-Z-0-all,D_mc-Z-1-all,D_mc-Z-2-all,D_mc-Z-3-all,D_mc-I-0-all,D_mc-I-1-all,D_mc-I-2-all,D_mc-I-3-all,D_mc-T-0-all,D_mc-T-1-all,D_mc-T-2-all,D_mc-T-3-all,D_mc-S-0-all,D_mc-S-1-all,D_mc-S-2-all,D_mc-S-3-all,name
1015.581600000002,1878.2400000000005,7433.246399999996,8871.71999999999,22952.0,72000.0,127028.0,126544.0,128.0,352.0,880.0,1260.0,1560.0,6736.0,11208.0,10484.0,109.14839999999984,387.1016000000007,752.4287999999995,900.9764000000008,0.6723999999999998,20.92093333333333,17.25006666666666,41.46739999999999,1369.0,2565.333333333333,4760.666666666667,4612.666666666667,1.0,7.666666666666667,10.0,16.333333333333332,64.33333333333333,229.66666666666663,294.6666666666667,380.6666666666667,4.409999999999999,12.362,20.636000000000003,25.921000000000003,0.0,-19.22666666666667,-12.836666666666668,-37.17666666666666,0.0,214.33333333333331,241.33333333333331,479.6666666666667,0.0,0.0,0.0,0.0,0.0,38.0,38.66666666666666,75.66666666666667,0.0,10.213333333333331,11.173333333333336,21.956666666666667,mof_primitive
1015.581600000002,1878.2400000000005,7433.246399999996,8871.71999999999,22952.0,72000.0,127028.0,126544.0,128.0,352.0,880.0,1260.0,1560.0,6736.0,11208.0,10484.0,109.14839999999984,387.1016000000007,752.4287999999995,900.9764000000007,0.6723999999999998,20.920933333333334,17.25006666666666,41.46739999999999,1369.0,2565.3333333333335,4760.666666666667,4612.666666666667,1.0,7.666666666666667,10.0,16.333333333333332,64.33333333333333,229.66666666666666,294.6666666666667,380.6666666666667,4.409999999999999,12.362,20.636000000000003,25.921000000000003,0.0,-19.22666666666667,-12.836666666666668,-37.17666666666666,0.0,214.33333333333334,241.33333333333334,479.6666666666667,0.0,0.0,0.0,0.0,0.0,38.0,38.666666666666664,75.66666666666667,0.0,10.213333333333333,11.173333333333337,21.956666666666667,mof_primitive
