f-chi-0-all,f-chi-1-all,f-chi-2-all,f-chi-3-all,f-Z-0-all,f-Z-1-all,f-Z-2-all,f-Z-3-all,f-I-0-all,f-I-1-all,f-I-2-all,f-I-3-all,f-T-0-all,f-T-1-all,f-T-2-all,f-T-3-all,f-S-0-all,f-S-1-all,f-S-2-all,f-S-3-all,mc-chi-0-all,mc-chi-1-all,mc-chi-2-all,mc-chi-3-all,mc-Z-0-all,mc-Z-1-all,mc-Z-2-all,mc-Z-3-all,mc-I-0-all,mc-I-1-all,mc-I-2-all,mc-I-3-all,mc-T-0-all,mc-T-1-all,mc-T-2-all,mc-T-3-all,mc-S-0-all,mc-S-1-all,mc-S-2-all,mc-S-3-all,D_mc-chi-0-all,D_mc-chi-1-all,D_mc-chi-2-all,D_mc-chi-3-all,D_mc-Z-0-all,D_mc-Z-1-all,D_mc-Z-2-all,D_mc-Z-3-all,D_mc-I-0-all,D_mc-I-1-all,D_mc-I-2-all,D_mc-I-3-all,D_mc-T-0-all,D_mc-T-1-all,D_mc-T-2-all,D_mc-T-3-all,D_mc-S-0-all,D_mc-S-1-all,D_mc-S-2-all,D_mc-S-3-all,name
159.4638,254.28480000000002,727.0278000000001,650.8479999999998,4184.0,8576.0,11768.0,9728.0,18.0,44.0,76.0,84.0,140.0,416.0,546.0,456.0,16.626399999999997,44.384,62.39519999999999,63.4808,0.9025,19.608,10.621,28.4525,1444.0,1824.0,2736.0,2660.0,1.0,6.0,5.0,10.0,36.0,84.0,114.0,144.0,3.4225000000000003,8.103,9.583,13.875000000000002,0.0,-14.940000000000001,-6.43,-20.450000000000003,0.0,180.0,118.0,310.0,0.0,0.0,0.0,0.0,0.0,22.0,11.0,36.0,0.0,6.720000000000001,4.07,11.0,mof_primitive
159.4638,254.28479999999996,727.0278000000002,650.848,4184.0,8576.0,11768.0,9728.0,18.0,44.0,76.0,84.0,140.0,416.0,546.0,456.0,16.626399999999997,44.384,62.395199999999974,63.4808,0.9025,19.608,10.621,28.4525,1444.0,1824.0,2736.0,2660.0,1.0,6.0,5.0,10.0,36.0,84.0,114.0,144.0,3.4225000000000003,8.103,9.583,13.875000000000002,0.0,-14.940000000000001,-6.43,-20.450000000000003,0.0,180.0,118.0,310.0,0.0,0.0,0.0,0.0,0.0,22.0,11.0,36.0,0.0,6.720000000000001,4.07,11.0,mof_primitive
