f-lig-chi-0,f-lig-chi-1,f-lig-chi-2,f-lig-chi-3,f-lig-Z-0,f-lig-Z-1,f-lig-Z-2,f-lig-Z-3,f-lig-I-0,f-lig-I-1,f-lig-I-2,f-lig-I-3,f-lig-T-0,f-lig-T-1,f-lig-T-2,f-lig-T-3,f-lig-S-0,f-lig-S-1,f-lig-S-2,f-lig-S-3,name
259.5781999999999,467.33379999999994,901.9531999999999,1474.0130000000004,1220.0,2200.0,3908.0,5872.0,30.0,62.0,120.0,194.0,182.0,512.0,876.0,1056.0,13.787799999999997,31.4994,56.97719999999999,85.7778,mof_primitive
118.71440000000001,219.096,337.3204,385.387,548.0,1008.0,1456.0,1420.0,16.0,32.0,48.0,58.0,80.0,192.0,256.0,250.0,7.4224,16.262400000000003,23.044800000000002,24.6794,mof_primitive
118.71440000000001,219.096,337.3204,385.387,548.0,1008.0,1456.0,1420.0,16.0,32.0,48.0,58.0,80.0,192.0,256.0,250.0,7.4224,16.262400000000003,23.044800000000002,24.6794,mof_primitive
146.7832,265.2104,404.6436,472.111,724.0,1304.0,1920.0,2032.0,18.0,36.0,54.0,66.0,90.0,216.0,294.0,314.0,8.9138,19.0376,27.5294,31.213,mof_primitive
146.7832,265.2104,404.6435999999999,472.1109999999998,724.0,1304.0,1920.0,2032.0,18.0,36.0,54.0,66.0,90.0,216.0,294.0,314.0,8.913799999999998,19.0376,27.5294,31.213000000000008,mof_primitive
157.7836,274.28839999999997,422.79959999999994,507.1769999999999,804.0,1400.0,2112.0,2336.0,18.0,36.0,54.0,66.0,90.0,216.0,294.0,314.0,9.281,19.561200000000003,28.576599999999992,33.03540000000001,mof_primitive
