f-chi-0-all,f-chi-1-all,f-chi-2-all,f-chi-3-all,f-Z-0-all,f-Z-1-all,f-Z-2-all,f-Z-3-all,f-I-0-all,f-I-1-all,f-I-2-all,f-I-3-all,f-T-0-all,f-T-1-all,f-T-2-all,f-T-3-all,f-S-0-all,f-S-1-all,f-S-2-all,f-S-3-all,mc-chi-0-all,mc-chi-1-all,mc-chi-2-all,mc-chi-3-all,mc-Z-0-all,mc-Z-1-all,mc-Z-2-all,mc-Z-3-all,mc-I-0-all,mc-I-1-all,mc-I-2-all,mc-I-3-all,mc-T-0-all,mc-T-1-all,mc-T-2-all,mc-T-3-all,mc-S-0-all,mc-S-1-all,mc-S-2-all,mc-S-3-all,D_mc-chi-0-all,D_mc-chi-1-all,D_mc-chi-2-all,D_mc-chi-3-all,D_mc-Z-0-all,D_mc-Z-1-all,D_mc-Z-2-all,D_mc-Z-3-all,D_mc-I-0-all,D_mc-I-1-all,D_mc-I-2-all,D_mc-I-3-all,D_mc-T-0-all,D_mc-T-1-all,D_mc-T-2-all,D_mc-T-3-all,D_mc-S-0-all,D_mc-S-1-all,D_mc-S-2-all,D_mc-S-3-all,name
223.74040000000005,488.1776,768.5196,1116.7952000000002,20710.0,34704.0,66502.0,65256.0,34.0,80.0,128.0,180.0,236.0,708.0,1116.0,1364.0,35.02099999999998,89.85600000000001,150.83279999999993,188.34239999999997,4.0999,18.883099999999995,24.357999999999993,53.25695,1999.75,2106.0,6445.25,4026.75,1.0,3.5,5.75,9.75,12.5,39.75,72.5,93.75,1.9611999999999992,4.74975,9.908399999999999,10.784099999999997,0.0,-2.4750000000000014,-0.9749999999999996,-7.472500000000002,0.0,81.25,34.5,259.5,0.0,0.0,0.0,0.0,0.0,1.5,1.5,10.25,0.0,1.4924999999999997,0.9149999999999998,5.870000000000001,mof_primitive
223.74040000000005,488.1776,768.5195999999999,1116.7952000000002,20710.0,34704.0,66502.0,65256.0,34.0,80.0,128.0,180.0,236.0,708.0,1116.0,1364.0,35.02099999999998,89.85600000000001,150.8327999999999,188.34239999999997,4.0999,18.883099999999995,24.357999999999993,53.25695,1999.75,2106.0,6445.25,4026.75,1.0,3.5,5.75,9.75,12.5,39.75,72.5,93.75,1.9611999999999992,4.74975,9.908399999999999,10.784099999999997,0.0,-2.4750000000000014,-0.9749999999999996,-7.472500000000002,0.0,81.25,34.5,259.5,0.0,0.0,0.0,0.0,0.0,1.5,1.5,10.25,0.0,1.4924999999999997,0.9149999999999998,5.870000000000001,mof_primitive
