f-lig-chi-0,f-lig-chi-1,f-lig-chi-2,f-lig-chi-3,f-lig-Z-0,f-lig-Z-1,f-lig-Z-2,f-lig-Z-3,f-lig-I-0,f-lig-I-1,f-lig-I-2,f-lig-I-3,f-lig-T-0,f-lig-T-1,f-lig-T-2,f-lig-T-3,f-lig-S-0,f-lig-S-1,f-lig-S-2,f-lig-S-3,name
148.8841,271.1049999999999,410.8655999999999,488.569,712.0,1276.0,1908.0,1972.0,19.0,38.0,56.0,70.0,94.0,226.0,308.0,326.0,9.0811,19.667000000000005,28.160799999999995,32.11020000000001,mof_primitive
148.8841,271.1049999999999,410.8655999999999,488.569,712.0,1276.0,1908.0,1972.0,19.0,38.0,56.0,70.0,94.0,226.0,308.0,326.0,9.0811,19.667000000000005,28.160799999999995,32.11020000000001,mof_primitive
148.8841,271.1049999999999,410.8655999999999,488.569,712.0,1276.0,1908.0,1972.0,19.0,38.0,56.0,70.0,94.0,226.0,308.0,326.0,9.0811,19.667000000000005,28.160799999999995,32.11020000000001,mof_primitive
148.88409999999996,271.10499999999996,410.8655999999999,488.56899999999996,712.0,1276.0,1908.0,1972.0,19.0,38.0,56.0,70.0,94.0,226.0,308.0,326.0,9.0811,19.667,28.160800000000002,32.11020000000001,mof_primitive
148.8841,271.10499999999996,410.8656,488.569,712.0,1276.0,1908.0,1972.0,19.0,38.0,56.0,70.0,94.0,226.0,308.0,326.0,9.0811,19.666999999999998,28.160800000000002,32.110200000000006,mof_primitive
148.8841,271.10499999999996,410.8656,488.569,712.0,1276.0,1908.0,1972.0,19.0,38.0,56.0,70.0,94.0,226.0,308.0,326.0,9.0811,19.666999999999998,28.160800000000002,32.110200000000006,mof_primitive
148.8841,271.105,410.86560000000003,488.569,712.0,1276.0,1908.0,1972.0,19.0,38.0,56.0,70.0,94.0,226.0,308.0,326.0,9.0811,19.667,28.160800000000005,32.11020000000001,mof_primitive
148.8841,271.10499999999996,410.8656,488.569,712.0,1276.0,1908.0,1972.0,19.0,38.0,56.0,70.0,94.0,226.0,308.0,326.0,9.0811,19.666999999999998,28.160800000000002,32.110200000000006,mof_primitive
