f-lig-chi-0,f-lig-chi-1,f-lig-chi-2,f-lig-chi-3,f-lig-Z-0,f-lig-Z-1,f-lig-Z-2,f-lig-Z-3,f-lig-I-0,f-lig-I-1,f-lig-I-2,f-lig-I-3,f-lig-T-0,f-lig-T-1,f-lig-T-2,f-lig-T-3,f-lig-S-0,f-lig-S-1,f-lig-S-2,f-lig-S-3,name
179.38969999999998,353.546,592.8566,699.6804,722.0,1430.0,1988.0,1860.0,26.0,52.0,88.0,106.0,140.0,344.0,444.0,424.0,10.5538,24.255600000000005,35.742399999999996,37.736200000000004,mof_primitive
179.38969999999998,353.546,592.8566,699.6804,722.0,1430.0,1988.0,1860.0,26.0,52.0,88.0,106.0,140.0,344.0,444.0,424.0,10.5538,24.255600000000005,35.742399999999996,37.736200000000004,mof_primitive
