f-chi-0-all,f-chi-1-all,f-chi-2-all,f-chi-3-all,f-Z-0-all,f-Z-1-all,f-Z-2-all,f-Z-3-all,f-I-0-all,f-I-1-all,f-I-2-all,f-I-3-all,f-T-0-all,f-T-1-all,f-T-2-all,f-T-3-all,f-S-0-all,f-S-1-all,f-S-2-all,f-S-3-all,mc-chi-0-all,mc-chi-1-all,mc-chi-2-all,mc-chi-3-all,mc-Z-0-all,mc-Z-1-all,mc-Z-2-all,mc-Z-3-all,mc-I-0-all,mc-I-1-all,mc-I-2-all,mc-I-3-all,mc-T-0-all,mc-T-1-all,mc-T-2-all,mc-T-3-all,mc-S-0-all,mc-S-1-all,mc-S-2-all,mc-S-3-all,D_mc-chi-0-all,D_mc-chi-1-all,D_mc-chi-2-all,D_mc-chi-3-all,D_mc-Z-0-all,D_mc-Z-1-all,D_mc-Z-2-all,D_mc-Z-3-all,D_mc-I-0-all,D_mc-I-1-all,D_mc-I-2-all,D_mc-I-3-all,D_mc-T-0-all,D_mc-T-1-all,D_mc-T-2-all,D_mc-T-3-all,D_mc-S-0-all,D_mc-S-1-all,D_mc-S-2-all,D_mc-S-3-all,name
242.19869999999992,415.2767999999998,1075.5292,1549.2383999999995,1620.0,4288.0,7492.0,8640.0,29.0,64.0,126.0,204.0,190.0,544.0,892.0,992.0,18.547700000000003,48.12159999999999,83.75820000000002,109.938,1.7161000000000002,24.034133333333333,23.335466666666672,46.40893333333333,144.0,512.0,512.0,992.0,1.0,5.333333333333333,8.0,11.333333333333334,28.666666666666668,72.0,118.66666666666669,146.0,1.9320999999999997,5.411733333333333,8.228800000000001,11.72233333333333,0.0,-11.36,-7.333333333333333,-20.579999999999995,0.0,21.33333333333333,53.333333333333336,53.333333333333336,0.0,0.0,0.0,0.0,0.0,15.333333333333334,21.33333333333333,33.333333333333336,0.0,3.52,5.199999999999999,7.32,mof_primitive
242.19869999999992,415.2767999999998,1075.5292,1549.2383999999995,1620.0,4288.0,7492.0,8640.0,29.0,64.0,126.0,204.0,190.0,544.0,892.0,992.0,18.547700000000003,48.12159999999999,83.75820000000002,109.938,1.7161000000000002,24.034133333333333,23.335466666666672,46.40893333333333,144.0,512.0,512.0,992.0,1.0,5.333333333333333,8.0,11.333333333333334,28.666666666666668,72.0,118.66666666666667,146.0,1.9320999999999995,5.411733333333333,8.228800000000001,11.72233333333333,0.0,-11.36,-7.333333333333333,-20.579999999999995,0.0,21.333333333333332,53.333333333333336,53.333333333333336,0.0,0.0,0.0,0.0,0.0,15.333333333333334,21.333333333333332,33.333333333333336,0.0,3.5199999999999996,5.199999999999999,7.32,mof_primitive
