f-lig-chi-0,f-lig-chi-1,f-lig-chi-2,f-lig-chi-3,f-lig-Z-0,f-lig-Z-1,f-lig-Z-2,f-lig-Z-3,f-lig-I-0,f-lig-I-1,f-lig-I-2,f-lig-I-3,f-lig-T-0,f-lig-T-1,f-lig-T-2,f-lig-T-3,f-lig-S-0,f-lig-S-1,f-lig-S-2,f-lig-S-3,name
340.30979999999994,679.7193999999998,1216.3192,1469.9070000000006,1790.0,3916.0,4780.0,4844.0,50.0,102.0,180.0,234.0,282.0,708.0,976.0,1072.0,20.87920000000001,50.47019999999999,76.5724,87.51059999999998,mof_primitive
340.30979999999994,679.7193999999998,1216.3192,1469.9070000000006,1790.0,3916.0,4780.0,4844.0,50.0,102.0,180.0,234.0,282.0,708.0,976.0,1072.0,20.87920000000001,50.47019999999999,76.5724,87.51059999999998,mof_primitive
340.30979999999994,679.7193999999998,1216.3192000000001,1469.9070000000006,1790.0,3916.0,4780.0,4844.0,50.0,102.0,180.0,234.0,282.0,708.0,976.0,1072.0,20.87920000000001,50.47019999999999,76.5724,87.51059999999998,mof_primitive
340.30979999999994,679.7193999999998,1216.3192000000001,1469.9070000000006,1790.0,3916.0,4780.0,4844.0,50.0,102.0,180.0,234.0,282.0,708.0,976.0,1072.0,20.87920000000001,50.47019999999999,76.5724,87.51059999999998,mof_primitive
