f-lig-chi-0,f-lig-chi-1,f-lig-chi-2,f-lig-chi-3,f-lig-Z-0,f-lig-Z-1,f-lig-Z-2,f-lig-Z-3,f-lig-I-0,f-lig-I-1,f-lig-I-2,f-lig-I-3,f-lig-T-0,f-lig-T-1,f-lig-T-2,f-lig-T-3,f-lig-S-0,f-lig-S-1,f-lig-S-2,f-lig-S-3,name
259.13159999999993,533.846,824.6764,1075.4589999999998,1116.0,2312.0,3448.0,4120.0,38.0,80.0,124.0,166.0,204.0,512.0,748.0,886.0,16.698200000000003,39.61120000000002,59.23480000000002,72.89180000000002,mof_primitive
142.3816,262.01599999999996,385.0563999999998,479.12299999999993,676.0,1208.0,1816.0,2000.0,18.0,36.0,52.0,66.0,88.0,212.0,292.0,314.0,8.4882,18.451600000000006,26.401999999999994,30.8178,mof_primitive
143.65800000000002,268.05479999999994,372.8692,434.24519999999995,726.0,1320.0,1924.0,2130.0,16.0,32.0,44.0,50.0,76.0,176.0,224.0,228.0,8.0928,17.010399999999997,23.758000000000003,25.8114,mof_primitive
