f-lig-chi-0,f-lig-chi-1,f-lig-chi-2,f-lig-chi-3,f-lig-Z-0,f-lig-Z-1,f-lig-Z-2,f-lig-Z-3,f-lig-I-0,f-lig-I-1,f-lig-I-2,f-lig-I-3,f-lig-T-0,f-lig-T-1,f-lig-T-2,f-lig-T-3,f-lig-S-0,f-lig-S-1,f-lig-S-2,f-lig-S-3,name
571.0882000000006,1278.6210000000005,2127.6660000000015,2648.0220000000004,1945.0,4716.0,7008.0,8832.0,99.0,208.0,360.0,436.0,568.0,1400.0,2040.0,2624.0,37.2043,94.24799999999998,144.76080000000002,186.80199999999996,mof_primitive
575.9282000000006,1289.8410000000003,2150.1060000000025,2692.902,1946.0,4728.0,7032.0,8880.0,100.0,210.0,364.0,444.0,574.0,1418.0,2076.0,2684.0,37.3412,94.81779999999998,145.9004,189.08119999999997,mof_primitive
571.0881999999998,1278.6210000000005,2127.666,2648.0220000000004,1945.0,4716.0,7008.0,8832.0,99.0,208.0,360.0,436.0,568.0,1400.0,2040.0,2624.0,37.20430000000004,94.24799999999998,144.76080000000005,186.80200000000002,mof_primitive
575.9281999999994,1289.8409999999963,2150.1059999999998,2692.9019999999937,1946.0,4728.0,7032.0,8880.0,100.0,210.0,364.0,444.0,574.0,1418.0,2076.0,2684.0,37.34119999999993,94.81779999999966,145.90039999999973,189.08119999999948,mof_primitive
571.0881999999995,1278.6209999999958,2127.6659999999997,2648.0219999999936,1945.0,4716.0,7008.0,8832.0,99.0,208.0,360.0,436.0,568.0,1400.0,2040.0,2624.0,37.204299999999904,94.24799999999968,144.76079999999968,186.80199999999948,mof_primitive
575.9282000000001,1289.8410000000006,2150.1060000000007,2692.9020000000014,1946.0,4728.0,7032.0,8880.0,100.0,210.0,364.0,444.0,574.0,1418.0,2076.0,2684.0,37.341200000000036,94.81779999999999,145.90040000000005,189.0812,mof_primitive
575.9282000000004,1289.8409999999988,2150.1060000000016,2692.9019999999978,1946.0,4728.0,7032.0,8880.0,100.0,210.0,364.0,444.0,574.0,1418.0,2076.0,2684.0,37.34119999999996,94.81779999999986,145.90039999999982,189.0811999999998,mof_primitive
571.0882000000006,1278.6210000000005,2127.6660000000015,2648.0220000000004,1945.0,4716.0,7008.0,8832.0,99.0,208.0,360.0,436.0,568.0,1400.0,2040.0,2624.0,37.204299999999996,94.24799999999998,144.76080000000002,186.80199999999996,mof_primitive
