f-lig-chi-0,f-lig-chi-1,f-lig-chi-2,f-lig-chi-3,f-lig-Z-0,f-lig-Z-1,f-lig-Z-2,f-lig-Z-3,f-lig-I-0,f-lig-I-1,f-lig-I-2,f-lig-I-3,f-lig-T-0,f-lig-T-1,f-lig-T-2,f-lig-T-3,f-lig-S-0,f-lig-S-1,f-lig-S-2,f-lig-S-3,name
170.4394,347.87100000000004,678.9604000000002,1034.3129999999999,628.0,1320.0,2236.0,2688.0,26.0,54.0,108.0,170.0,162.0,456.0,768.0,848.0,9.703399999999998,24.378200000000003,43.290800000000004,59.54180000000001,mof_primitive
154.40439999999998,306.5609999999999,486.24039999999997,592.682,694.0,1392.0,2080.0,2264.0,22.0,46.0,72.0,92.0,118.0,294.0,424.0,476.0,10.0678,23.331000000000003,34.8104,40.55000000000001,mof_primitive
154.40439999999995,306.561,486.24039999999997,592.6819999999998,694.0,1392.0,2080.0,2264.0,22.0,46.0,72.0,92.0,118.0,294.0,424.0,476.0,10.067800000000002,23.331000000000007,34.8104,40.550000000000004,mof_primitive
196.56159999999997,376.8861999999999,625.1019999999999,746.9239999999999,1142.0,2356.0,3144.0,3454.0,26.0,54.0,86.0,110.0,140.0,348.0,502.0,594.0,12.7069,29.339800000000007,44.137200000000014,52.42940000000001,mof_primitive
154.40439999999998,306.561,486.2404,592.6819999999999,694.0,1392.0,2080.0,2264.0,22.0,46.0,72.0,92.0,118.0,294.0,424.0,476.0,10.0678,23.331000000000003,34.81040000000001,40.550000000000004,mof_primitive
154.40439999999998,306.561,486.24039999999997,592.6819999999999,694.0,1392.0,2080.0,2264.0,22.0,46.0,72.0,92.0,118.0,294.0,424.0,476.0,10.067800000000002,23.331000000000003,34.8104,40.55000000000001,mof_primitive
