f-chi-0-all,f-chi-1-all,f-chi-2-all,f-chi-3-all,f-Z-0-all,f-Z-1-all,f-Z-2-all,f-Z-3-all,f-I-0-all,f-I-1-all,f-I-2-all,f-I-3-all,f-T-0-all,f-T-1-all,f-T-2-all,f-T-3-all,f-S-0-all,f-S-1-all,f-S-2-all,f-S-3-all,mc-chi-0-all,mc-chi-1-all,mc-chi-2-all,mc-chi-3-all,mc-Z-0-all,mc-Z-1-all,mc-Z-2-all,mc-Z-3-all,mc-I-0-all,mc-I-1-all,mc-I-2-all,mc-I-3-all,mc-T-0-all,mc-T-1-all,mc-T-2-all,mc-T-3-all,mc-S-0-all,mc-S-1-all,mc-S-2-all,mc-S-3-all,D_mc-chi-0-all,D_mc-chi-1-all,D_mc-chi-2-all,D_mc-chi-3-all,D_mc-Z-0-all,D_mc-Z-1-all,D_mc-Z-2-all,D_mc-Z-3-all,D_mc-I-0-all,D_mc-I-1-all,D_mc-I-2-all,D_mc-I-3-all,D_mc-T-0-all,D_mc-T-1-all,D_mc-T-2-all,D_mc-T-3-all,D_mc-S-0-all,D_mc-S-1-all,D_mc-S-2-all,D_mc-S-3-all,name
210.41249999999994,397.5328,798.766,989.9488,8010.0,11856.0,20880.0,15096.0,25.0,56.0,92.0,124.0,156.0,420.0,590.0,604.0,18.954199999999997,46.2316,73.11800000000001,84.51600000000002,2.8560999999999996,26.679466666666666,23.91913333333333,59.499266666666664,2304.0,1760.0,4416.0,3680.0,1.0,4.666666666666667,6.0,12.0,22.0,53.333333333333336,92.66666666666667,126.0,2.1904,5.061599999999999,8.238666666666665,12.550400000000002,0.0,-7.8999999999999995,-4.013333333333332,-14.926666666666664,0.0,187.33333333333334,196.0,499.3333333333333,0.0,0.0,0.0,0.0,0.0,10.666666666666666,8.0,28.0,0.0,3.486666666666667,3.313333333333333,9.28,mof_primitive
210.41249999999994,397.53279999999995,798.766,989.9488000000003,8010.0,11856.0,20880.0,15096.0,25.0,56.0,92.0,124.0,156.0,420.0,590.0,604.0,18.954200000000007,46.2316,73.118,84.516,2.8560999999999996,26.679466666666666,23.91913333333333,59.499266666666664,2304.0,1760.0,4416.0,3680.0,1.0,4.666666666666667,6.0,12.0,22.0,53.333333333333336,92.66666666666667,126.0,2.1904,5.061599999999999,8.238666666666665,12.550400000000002,0.0,-7.8999999999999995,-4.013333333333332,-14.926666666666664,0.0,187.33333333333334,196.0,499.3333333333333,0.0,0.0,0.0,0.0,0.0,10.666666666666666,8.0,28.0,0.0,3.486666666666667,3.313333333333333,9.28,mof_primitive
