f-lig-chi-0,f-lig-chi-1,f-lig-chi-2,f-lig-chi-3,f-lig-Z-0,f-lig-Z-1,f-lig-Z-2,f-lig-Z-3,f-lig-I-0,f-lig-I-1,f-lig-I-2,f-lig-I-3,f-lig-T-0,f-lig-T-1,f-lig-T-2,f-lig-T-3,f-lig-S-0,f-lig-S-1,f-lig-S-2,f-lig-S-3,name
141.39939999999999,319.566,553.5604,667.9380000000001,622.0,1464.0,2152.0,2172.0,20.0,48.0,84.0,104.0,156.0,504.0,708.0,560.0,8.882000000000001,24.516800000000003,38.2292,40.66640000000002,mof_primitive
141.39939999999999,319.566,553.5604,667.9380000000001,622.0,1464.0,2152.0,2172.0,20.0,48.0,84.0,104.0,156.0,504.0,708.0,560.0,8.882000000000001,24.516800000000007,38.229200000000006,40.66640000000001,mof_primitive
157.58189999999996,355.0109999999999,621.6154,779.1380000000003,660.0,1560.0,2374.0,2540.0,23.0,54.0,96.0,122.0,174.0,552.0,810.0,734.0,9.748700000000001,26.842200000000005,42.608000000000004,48.850600000000014,mof_primitive
73.3444,109.19099999999996,143.52039999999997,83.18099999999998,400.0,600.0,784.0,456.0,8.0,14.0,16.0,10.0,30.0,56.0,44.0,34.0,4.5032,8.0542,9.0,5.682600000000001,mof_primitive
73.3444,109.19099999999997,143.52039999999997,83.18099999999998,400.0,600.0,784.0,456.0,8.0,14.0,16.0,10.0,30.0,56.0,44.0,34.0,4.5032,8.054200000000002,9.0,5.6826,mof_primitive
73.3444,109.19099999999997,143.52039999999997,83.18099999999998,400.0,600.0,784.0,456.0,8.0,14.0,16.0,10.0,30.0,56.0,44.0,34.0,4.5032,8.054200000000002,9.0,5.682600000000001,mof_primitive
