f-chi-0-all,f-chi-1-all,f-chi-2-all,f-chi-3-all,f-Z-0-all,f-Z-1-all,f-Z-2-all,f-Z-3-all,f-I-0-all,f-I-1-all,f-I-2-all,f-I-3-all,f-T-0-all,f-T-1-all,f-T-2-all,f-T-3-all,f-S-0-all,f-S-1-all,f-S-2-all,f-S-3-all,mc-chi-0-all,mc-chi-1-all,mc-chi-2-all,mc-chi-3-all,mc-Z-0-all,mc-Z-1-all,mc-Z-2-all,mc-Z-3-all,mc-I-0-all,mc-I-1-all,mc-I-2-all,mc-I-3-all,mc-T-0-all,mc-T-1-all,mc-T-2-all,mc-T-3-all,mc-S-0-all,mc-S-1-all,mc-S-2-all,mc-S-3-all,D_mc-chi-0-all,D_mc-chi-1-all,D_mc-chi-2-all,D_mc-chi-3-all,D_mc-Z-0-all,D_mc-Z-1-all,D_mc-Z-2-all,D_mc-Z-3-all,D_mc-I-0-all,D_mc-I-1-all,D_mc-I-2-all,D_mc-I-3-all,D_mc-T-0-all,D_mc-T-1-all,D_mc-T-2-all,D_mc-T-3-all,D_mc-S-0-all,D_mc-S-1-all,D_mc-S-2-all,D_mc-S-3-all,name
348.4323999999999,810.5432,1879.3368000000005,2384.841200000001,5425.0,13316.0,21482.0,23004.0,45.0,116.0,242.0,312.0,358.0,1040.0,1850.0,1852.0,31.501400000000004,84.0984,168.44819999999996,210.18159999999983,3.5344,34.7424,39.58026666666666,42.112,729.0,1674.0,1332.0,972.0,1.0,6.0,8.0,9.333333333333334,36.0,84.0,136.0,120.0,1.5876,6.2748,7.728000000000001,7.039200000000001,0.0,-7.2,-6.013333333333333,-4.853333333333334,0.0,100.0,166.66666666666666,216.0,0.0,0.0,0.0,0.0,0.0,22.0,25.33333333333333,36.0,0.0,2.58,3.946666666666668,6.173333333333333,mof_primitive
348.4323999999999,810.5432,1879.3368000000005,2384.841200000001,5425.0,13316.0,21482.0,23004.0,45.0,116.0,242.0,312.0,358.0,1040.0,1850.0,1852.0,31.501400000000004,84.0984,168.44819999999996,210.18159999999983,3.5343999999999998,34.742399999999996,39.58026666666666,42.111999999999995,729.0,1674.0,1332.0,972.0,1.0,6.0,8.0,9.333333333333334,36.0,84.0,136.0,120.0,1.5876000000000001,6.2748,7.728000000000001,7.039200000000001,0.0,-7.2,-6.013333333333333,-4.853333333333334,0.0,100.0,166.66666666666666,216.0,0.0,0.0,0.0,0.0,0.0,22.0,25.333333333333332,36.0,0.0,2.58,3.9466666666666677,6.173333333333333,mof_primitive
