f-chi-0-all,f-chi-1-all,f-chi-2-all,f-chi-3-all,f-Z-0-all,f-Z-1-all,f-Z-2-all,f-Z-3-all,f-I-0-all,f-I-1-all,f-I-2-all,f-I-3-all,f-T-0-all,f-T-1-all,f-T-2-all,f-T-3-all,f-S-0-all,f-S-1-all,f-S-2-all,f-S-3-all,mc-chi-0-all,mc-chi-1-all,mc-chi-2-all,mc-chi-3-all,mc-Z-0-all,mc-Z-1-all,mc-Z-2-all,mc-Z-3-all,mc-I-0-all,mc-I-1-all,mc-I-2-all,mc-I-3-all,mc-T-0-all,mc-T-1-all,mc-T-2-all,mc-T-3-all,mc-S-0-all,mc-S-1-all,mc-S-2-all,mc-S-3-all,D_mc-chi-0-all,D_mc-chi-1-all,D_mc-chi-2-all,D_mc-chi-3-all,D_mc-Z-0-all,D_mc-Z-1-all,D_mc-Z-2-all,D_mc-Z-3-all,D_mc-I-0-all,D_mc-I-1-all,D_mc-I-2-all,D_mc-I-3-all,D_mc-T-0-all,D_mc-T-1-all,D_mc-T-2-all,D_mc-T-3-all,D_mc-S-0-all,D_mc-S-1-all,D_mc-S-2-all,D_mc-S-3-all,name
636.8408000000004,1214.1824,3636.308800000001,4623.3600000000015,4496.0,13184.0,25520.0,31744.0,72.0,176.0,384.0,608.0,560.0,1648.0,2960.0,3808.0,44.59840000000001,128.59679999999997,247.36159999999995,352.2688000000003,2.5921000000000003,33.2304,28.690200000000004,71.80600000000003,169.0,624.0,676.0,1352.0,1.0,6.0,8.0,14.0,36.0,84.0,156.0,204.0,1.5876,5.5188,7.988399999999999,13.078800000000005,0.0,-10.98,-4.939999999999999,-22.059999999999995,0.0,30.0,52.0,78.0,0.0,0.0,0.0,0.0,0.0,22.0,22.0,50.0,0.0,3.18,3.740000000000001,7.260000000000003,mof_primitive
636.8408000000004,1214.1824,3636.308800000001,4623.3600000000015,4496.0,13184.0,25520.0,31744.0,72.0,176.0,384.0,608.0,560.0,1648.0,2960.0,3808.0,44.59840000000001,128.59679999999997,247.36159999999995,352.2688000000003,2.5921000000000003,33.2304,28.690200000000004,71.80600000000003,169.0,624.0,676.0,1352.0,1.0,6.0,8.0,14.0,36.0,84.0,156.0,204.0,1.5876000000000001,5.5188,7.9883999999999995,13.078800000000003,0.0,-10.98,-4.939999999999999,-22.059999999999995,0.0,30.0,52.0,78.0,0.0,0.0,0.0,0.0,0.0,22.0,22.0,50.0,0.0,3.18,3.740000000000001,7.260000000000003,mof_primitive
