f-lig-chi-0,f-lig-chi-1,f-lig-chi-2,f-lig-chi-3,f-lig-Z-0,f-lig-Z-1,f-lig-Z-2,f-lig-Z-3,f-lig-I-0,f-lig-I-1,f-lig-I-2,f-lig-I-3,f-lig-T-0,f-lig-T-1,f-lig-T-2,f-lig-T-3,f-lig-S-0,f-lig-S-1,f-lig-S-2,f-lig-S-3,name
151.0794,289.986,469.8603999999999,533.817,624.0,1200.0,1780.0,1944.0,22.0,44.0,72.0,82.0,116.0,276.0,376.0,442.0,9.155800000000001,20.913200000000003,30.5704,35.80500000000001,mof_primitive
151.0794,289.986,469.8603999999999,533.817,624.0,1200.0,1780.0,1944.0,22.0,44.0,72.0,82.0,116.0,276.0,376.0,442.0,9.155800000000001,20.913200000000003,30.5704,35.80500000000001,mof_primitive
151.0794,289.986,469.8603999999999,533.817,624.0,1200.0,1780.0,1944.0,22.0,44.0,72.0,82.0,116.0,276.0,376.0,442.0,9.155800000000001,20.913200000000003,30.5704,35.80500000000001,mof_primitive
151.0794,289.986,469.8603999999999,533.817,624.0,1200.0,1780.0,1944.0,22.0,44.0,72.0,82.0,116.0,276.0,376.0,442.0,9.155800000000001,20.913200000000003,30.5704,35.80500000000001,mof_primitive
