f-lig-chi-0,f-lig-chi-1,f-lig-chi-2,f-lig-chi-3,f-lig-Z-0,f-lig-Z-1,f-lig-Z-2,f-lig-Z-3,f-lig-I-0,f-lig-I-1,f-lig-I-2,f-lig-I-3,f-lig-T-0,f-lig-T-1,f-lig-T-2,f-lig-T-3,f-lig-S-0,f-lig-S-1,f-lig-S-2,f-lig-S-3,name
170.58689999999996,342.006,552.5103999999999,666.8969999999999,732.0,1488.0,2242.0,2526.0,25.0,52.0,84.0,104.0,136.0,336.0,484.0,572.0,10.9345,25.656400000000005,38.5732,46.112800000000014,mof_primitive
170.58689999999996,342.006,552.5104,666.8969999999998,732.0,1488.0,2242.0,2526.0,25.0,52.0,84.0,104.0,136.0,336.0,484.0,572.0,10.9345,25.65640000000001,38.5732,46.11280000000001,mof_primitive
154.40439999999995,306.561,486.24039999999997,592.6819999999999,694.0,1392.0,2080.0,2264.0,22.0,46.0,72.0,92.0,118.0,294.0,424.0,476.0,10.067800000000002,23.331000000000003,34.81040000000001,40.55000000000001,mof_primitive
73.3444,109.19099999999997,143.52039999999997,83.18099999999998,400.0,600.0,784.0,456.0,8.0,14.0,16.0,10.0,30.0,56.0,44.0,34.0,4.5032,8.054200000000002,9.0,5.682600000000001,mof_primitive
73.3444,109.19099999999997,143.52039999999997,83.18099999999998,400.0,600.0,784.0,456.0,8.0,14.0,16.0,10.0,30.0,56.0,44.0,34.0,4.5032,8.0542,9.0,5.682600000000001,mof_primitive
73.3444,109.19099999999997,143.52039999999997,83.181,400.0,600.0,784.0,456.0,8.0,14.0,16.0,10.0,30.0,56.0,44.0,34.0,4.5032,8.0542,9.0,5.682600000000001,mof_primitive
