f-chi-0-all,f-chi-1-all,f-chi-2-all,f-chi-3-all,f-Z-0-all,f-Z-1-all,f-Z-2-all,f-Z-3-all,f-I-0-all,f-I-1-all,f-I-2-all,f-I-3-all,f-T-0-all,f-T-1-all,f-T-2-all,f-T-3-all,f-S-0-all,f-S-1-all,f-S-2-all,f-S-3-all,mc-chi-0-all,mc-chi-1-all,mc-chi-2-all,mc-chi-3-all,mc-Z-0-all,mc-Z-1-all,mc-Z-2-all,mc-Z-3-all,mc-I-0-all,mc-I-1-all,mc-I-2-all,mc-I-3-all,mc-T-0-all,mc-T-1-all,mc-T-2-all,mc-T-3-all,mc-S-0-all,mc-S-1-all,mc-S-2-all,mc-S-3-all,D_mc-chi-0-all,D_mc-chi-1-all,D_mc-chi-2-all,D_mc-chi-3-all,D_mc-Z-0-all,D_mc-Z-1-all,D_mc-Z-2-all,D_mc-Z-3-all,D_mc-I-0-all,D_mc-I-1-all,D_mc-I-2-all,D_mc-I-3-all,D_mc-T-0-all,D_mc-T-1-all,D_mc-T-2-all,D_mc-T-3-all,D_mc-S-0-all,D_mc-S-1-all,D_mc-S-2-all,D_mc-S-3-all,name
933.6088000000016,1953.4320000000016,4471.7256000000025,5611.2768000000015,26578.0,42768.0,51828.0,65352.0,118.0,288.0,552.0,744.0,840.0,2256.0,3648.0,4488.0,78.75239999999994,211.1952000000001,363.1128000000001,459.6912000000005,2.65,23.856,29.190000000000005,49.5348,2194.6,1770.0,1597.2,2810.4,1.0,4.8,7.2,12.0,24.0,57.6,100.8,122.4,2.2715999999999994,5.394240000000001,7.54272,10.98288,0.0,-8.831999999999999,-6.179999999999999,-13.163999999999998,0.0,188.4,258.0,465.6,0.0,0.0,0.0,0.0,0.0,12.0,12.0,33.6,0.0,3.816,5.592,10.823999999999996,mof_primitive
933.6088000000017,1953.4320000000018,4471.7256000000025,5611.2768000000015,26578.0,42768.0,51828.0,65352.0,118.0,288.0,552.0,744.0,840.0,2256.0,3648.0,4488.0,78.75239999999994,211.19520000000014,363.1128000000001,459.69120000000044,2.65,23.855999999999998,29.190000000000005,49.5348,2194.6,1770.0,1597.2,2810.4,1.0,4.8,7.2,12.0,24.0,57.6,100.8,122.4,2.2715999999999994,5.394240000000001,7.54272,10.98288,0.0,-8.831999999999999,-6.179999999999999,-13.163999999999998,0.0,188.4,258.0,465.6,0.0,0.0,0.0,0.0,0.0,12.0,12.0,33.6,0.0,3.8160000000000003,5.592,10.823999999999996,mof_primitive
