f-lig-chi-0,f-lig-chi-1,f-lig-chi-2,f-lig-chi-3,f-lig-Z-0,f-lig-Z-1,f-lig-Z-2,f-lig-Z-3,f-lig-I-0,f-lig-I-1,f-lig-I-2,f-lig-I-3,f-lig-T-0,f-lig-T-1,f-lig-T-2,f-lig-T-3,f-lig-S-0,f-lig-S-1,f-lig-S-2,f-lig-S-3,name
395.92879999999997,820.2330000000002,1429.6564000000005,1740.3240000000005,1406.0,3024.0,4312.0,5160.0,62.0,126.0,224.0,276.0,350.0,862.0,1120.0,1220.0,22.599800000000013,55.48620000000004,83.53920000000004,98.1588,mof_primitive
41.1682,66.453,80.2,54.915200000000006,172.0,264.0,220.0,128.0,6.0,10.0,12.0,8.0,22.0,42.0,28.0,8.0,2.5846,4.635399999999999,4.5596,2.5088,mof_primitive
263.14379999999994,498.01499999999993,825.9383999999999,978.4587999999999,1032.0,1944.0,2628.0,3184.0,38.0,74.0,124.0,148.0,198.0,470.0,572.0,616.0,14.754199999999999,33.402600000000014,47.2268,54.49640000000001,mof_primitive
