f-lig-chi-0,f-lig-chi-1,f-lig-chi-2,f-lig-chi-3,f-lig-Z-0,f-lig-Z-1,f-lig-Z-2,f-lig-Z-3,f-lig-I-0,f-lig-I-1,f-lig-I-2,f-lig-I-3,f-lig-T-0,f-lig-T-1,f-lig-T-2,f-lig-T-3,f-lig-S-0,f-lig-S-1,f-lig-S-2,f-lig-S-3,name
212.5966,418.1962000000001,819.4939999999997,1237.5729999999996,1076.0,2284.0,3330.0,4136.0,30.0,62.0,122.0,194.0,184.0,516.0,872.0,1034.0,12.342500000000005,30.387000000000008,53.09859999999999,74.52379999999997,mof_primitive
212.5966,418.1962000000001,819.4939999999997,1237.5729999999996,1076.0,2284.0,3330.0,4136.0,30.0,62.0,122.0,194.0,184.0,516.0,872.0,1034.0,12.342500000000005,30.387000000000008,53.09859999999999,74.52379999999997,mof_primitive
170.43940000000003,347.8710000000001,678.9603999999995,1034.313,628.0,1320.0,2236.0,2688.0,26.0,54.0,108.0,170.0,162.0,456.0,768.0,848.0,9.70340000000001,24.378200000000003,43.290799999999976,59.541800000000045,mof_primitive
170.4394,347.8710000000001,678.9603999999995,1034.313,628.0,1320.0,2236.0,2688.0,26.0,54.0,108.0,170.0,162.0,456.0,768.0,848.0,9.70340000000001,24.378200000000003,43.290799999999976,59.54180000000004,mof_primitive
170.4394,347.8710000000001,678.9603999999995,1034.313,628.0,1320.0,2236.0,2688.0,26.0,54.0,108.0,170.0,162.0,456.0,768.0,848.0,9.70340000000001,24.378200000000003,43.290799999999976,59.54180000000004,mof_primitive
170.4394,347.8710000000001,678.9603999999995,1034.313,628.0,1320.0,2236.0,2688.0,26.0,54.0,108.0,170.0,162.0,456.0,768.0,848.0,9.70340000000001,24.3782,43.290799999999976,59.541800000000045,mof_primitive
