f-lig-chi-0,f-lig-chi-1,f-lig-chi-2,f-lig-chi-3,f-lig-Z-0,f-lig-Z-1,f-lig-Z-2,f-lig-Z-3,f-lig-I-0,f-lig-I-1,f-lig-I-2,f-lig-I-3,f-lig-T-0,f-lig-T-1,f-lig-T-2,f-lig-T-3,f-lig-S-0,f-lig-S-1,f-lig-S-2,f-lig-S-3,name
118.7144,219.096,337.3204,385.387,548.0,1008.0,1456.0,1420.0,16.0,32.0,48.0,58.0,80.0,192.0,256.0,250.0,7.4224,16.262400000000003,23.0448,24.6794,mof_primitive
118.71439999999998,219.096,337.3204,385.387,548.0,1008.0,1456.0,1420.0,16.0,32.0,48.0,58.0,80.0,192.0,256.0,250.0,7.4224,16.262400000000003,23.0448,24.6794,mof_primitive
286.3126,615.1390000000002,1010.4423999999992,1261.6880000000003,1162.0,2572.0,3904.0,4628.0,44.0,94.0,156.0,200.0,250.0,630.0,932.0,1144.0,18.490800000000007,45.47740000000001,70.30600000000001,87.16880000000003,mof_primitive
286.3126,615.1390000000002,1010.4423999999992,1261.6880000000003,1162.0,2572.0,3904.0,4628.0,44.0,94.0,156.0,200.0,250.0,630.0,932.0,1144.0,18.490800000000007,45.47740000000001,70.30600000000001,87.16880000000003,mof_primitive
118.7144,219.09599999999998,337.3204,385.387,548.0,1008.0,1456.0,1420.0,16.0,32.0,48.0,58.0,80.0,192.0,256.0,250.0,7.4224000000000006,16.262400000000003,23.044800000000002,24.6794,mof_primitive
118.71439999999998,219.096,337.3204,385.387,548.0,1008.0,1456.0,1420.0,16.0,32.0,48.0,58.0,80.0,192.0,256.0,250.0,7.4224000000000006,16.262400000000003,23.044800000000002,24.679399999999998,mof_primitive
286.3126,615.1390000000002,1010.4423999999993,1261.6880000000003,1162.0,2572.0,3904.0,4628.0,44.0,94.0,156.0,200.0,250.0,630.0,932.0,1144.0,18.490800000000007,45.47740000000001,70.30600000000001,87.16880000000003,mof_primitive
286.3126,615.1390000000002,1010.4423999999993,1261.6880000000003,1162.0,2572.0,3904.0,4628.0,44.0,94.0,156.0,200.0,250.0,630.0,932.0,1144.0,18.490800000000007,45.47740000000001,70.30600000000001,87.16880000000003,mof_primitive
