f-chi-0-all,f-chi-1-all,f-chi-2-all,f-chi-3-all,f-Z-0-all,f-Z-1-all,f-Z-2-all,f-Z-3-all,f-I-0-all,f-I-1-all,f-I-2-all,f-I-3-all,f-T-0-all,f-T-1-all,f-T-2-all,f-T-3-all,f-S-0-all,f-S-1-all,f-S-2-all,f-S-3-all,mc-chi-0-all,mc-chi-1-all,mc-chi-2-all,mc-chi-3-all,mc-Z-0-all,mc-Z-1-all,mc-Z-2-all,mc-Z-3-all,mc-I-0-all,mc-I-1-all,mc-I-2-all,mc-I-3-all,mc-T-0-all,mc-T-1-all,mc-T-2-all,mc-T-3-all,mc-S-0-all,mc-S-1-all,mc-S-2-all,mc-S-3-all,D_mc-chi-0-all,D_mc-chi-1-all,D_mc-chi-2-all,D_mc-chi-3-all,D_mc-Z-0-all,D_mc-Z-1-all,D_mc-Z-2-all,D_mc-Z-3-all,D_mc-I-0-all,D_mc-I-1-all,D_mc-I-2-all,D_mc-I-3-all,D_mc-T-0-all,D_mc-T-1-all,D_mc-T-2-all,D_mc-T-3-all,D_mc-S-0-all,D_mc-S-1-all,D_mc-S-2-all,D_mc-S-3-all,name
183.995,311.2511999999998,807.1264000000001,665.1583999999998,4026.0,8640.0,7840.0,5952.0,20.0,48.0,80.0,80.0,144.0,384.0,448.0,384.0,15.265999999999996,42.048000000000016,54.18719999999998,49.99040000000001,1.4884,25.1808,12.444,20.8376,1521.0,1872.0,936.0,1560.0,1.0,6.0,4.0,6.0,36.0,72.0,72.0,96.0,2.6569,7.139399999999999,5.0204,7.400199999999999,0.0,-13.319999999999997,-5.319999999999999,-9.76,0.0,186.0,132.0,194.0,0.0,0.0,0.0,0.0,0.0,24.0,12.0,20.0,0.0,5.4,3.4399999999999995,5.239999999999998,mof_primitive
183.99499999999998,311.2511999999998,807.1264000000001,665.1583999999998,4026.0,8640.0,7840.0,5952.0,20.0,48.0,80.0,80.0,144.0,384.0,448.0,384.0,15.265999999999996,42.048000000000016,54.18719999999998,49.99040000000001,1.4884,25.180799999999998,12.443999999999999,20.837600000000002,1521.0,1872.0,936.0,1560.0,1.0,6.0,4.0,6.0,36.0,72.0,72.0,96.0,2.6569,7.139399999999999,5.0203999999999995,7.400199999999999,0.0,-13.319999999999997,-5.319999999999999,-9.76,0.0,186.0,132.0,194.0,0.0,0.0,0.0,0.0,0.0,24.0,12.0,20.0,0.0,5.4,3.4399999999999995,5.239999999999998,mof_primitive
