f-lig-chi-0,f-lig-chi-1,f-lig-chi-2,f-lig-chi-3,f-lig-Z-0,f-lig-Z-1,f-lig-Z-2,f-lig-Z-3,f-lig-I-0,f-lig-I-1,f-lig-I-2,f-lig-I-3,f-lig-T-0,f-lig-T-1,f-lig-T-2,f-lig-T-3,f-lig-S-0,f-lig-S-1,f-lig-S-2,f-lig-S-3,name
236.25699999999998,433.0409999999998,759.3067999999997,945.5448000000005,982.0,1776.0,2540.0,2466.0,32.0,62.0,108.0,138.0,170.0,416.0,548.0,642.0,12.959999999999999,28.690199999999997,42.442,49.7482,mof_primitive
236.25699999999998,433.0409999999999,759.3067999999997,945.5448000000005,982.0,1776.0,2540.0,2466.0,32.0,62.0,108.0,138.0,170.0,416.0,548.0,642.0,12.959999999999997,28.69020000000001,42.44200000000001,49.7482,mof_primitive
236.25699999999995,433.04100000000005,759.3067999999996,945.5448000000004,982.0,1776.0,2540.0,2466.0,32.0,62.0,108.0,138.0,170.0,416.0,548.0,642.0,12.959999999999997,28.69020000000001,42.442,49.74819999999997,mof_primitive
236.25699999999995,433.04100000000005,759.3067999999996,945.5448000000004,982.0,1776.0,2540.0,2466.0,32.0,62.0,108.0,138.0,170.0,416.0,548.0,642.0,12.959999999999997,28.69020000000001,42.442,49.74819999999997,mof_primitive
236.25699999999995,433.04100000000005,759.3067999999998,945.5448000000004,982.0,1776.0,2540.0,2466.0,32.0,62.0,108.0,138.0,170.0,416.0,548.0,642.0,12.96,28.69020000000001,42.442,49.74819999999997,mof_primitive
236.25699999999995,433.04100000000005,759.3067999999998,945.5448000000002,982.0,1776.0,2540.0,2466.0,32.0,62.0,108.0,138.0,170.0,416.0,548.0,642.0,12.96,28.69020000000001,42.442,49.748199999999976,mof_primitive
236.25700000000003,433.04100000000005,759.3068000000003,945.5447999999998,982.0,1776.0,2540.0,2466.0,32.0,62.0,108.0,138.0,170.0,416.0,548.0,642.0,12.960000000000008,28.690200000000004,42.442000000000014,49.74819999999998,mof_primitive
236.25700000000003,433.04100000000005,759.3068000000003,945.5447999999998,982.0,1776.0,2540.0,2466.0,32.0,62.0,108.0,138.0,170.0,416.0,548.0,642.0,12.960000000000008,28.690200000000004,42.442000000000014,49.74819999999998,mof_primitive
