f-lig-chi-0,f-lig-chi-1,f-lig-chi-2,f-lig-chi-3,f-lig-Z-0,f-lig-Z-1,f-lig-Z-2,f-lig-Z-3,f-lig-I-0,f-lig-I-1,f-lig-I-2,f-lig-I-3,f-lig-T-0,f-lig-T-1,f-lig-T-2,f-lig-T-3,f-lig-S-0,f-lig-S-1,f-lig-S-2,f-lig-S-3,name
371.24139999999994,784.8790000000002,1228.9616,1532.5349999999999,1627.0,3508.0,5180.0,5784.0,55.0,118.0,184.0,238.0,302.0,754.0,1094.0,1266.0,24.862300000000005,59.522200000000026,88.96239999999996,106.22779999999997,mof_primitive
371.24139999999994,784.8790000000001,1228.9615999999996,1532.5349999999996,1627.0,3508.0,5180.0,5784.0,55.0,118.0,184.0,238.0,302.0,754.0,1094.0,1266.0,24.862300000000005,59.52220000000002,88.96239999999996,106.22779999999999,mof_primitive
371.2413999999999,784.8790000000007,1228.961600000001,1532.5350000000005,1627.0,3508.0,5180.0,5784.0,55.0,118.0,184.0,238.0,302.0,754.0,1094.0,1266.0,24.862300000000022,59.522200000000026,88.96239999999997,106.22780000000002,mof_primitive
371.2413999999998,784.8790000000007,1228.961600000001,1532.5350000000005,1627.0,3508.0,5180.0,5784.0,55.0,118.0,184.0,238.0,302.0,754.0,1094.0,1266.0,24.862300000000022,59.522200000000026,88.96239999999997,106.2278,mof_primitive
