f-lig-chi-0,f-lig-chi-1,f-lig-chi-2,f-lig-chi-3,f-lig-Z-0,f-lig-Z-1,f-lig-Z-2,f-lig-Z-3,f-lig-I-0,f-lig-I-1,f-lig-I-2,f-lig-I-3,f-lig-T-0,f-lig-T-1,f-lig-T-2,f-lig-T-3,f-lig-S-0,f-lig-S-1,f-lig-S-2,f-lig-S-3,name
274.4421999999999,503.8649999999997,944.7723999999998,1651.1761999999999,1252.0,2208.0,4346.0,6982.0,32.0,66.0,120.0,206.0,186.0,528.0,926.0,1170.0,14.002399999999996,32.516600000000004,59.605999999999995,94.85180000000001,mof_primitive
152.5488,258.71199999999993,397.5003999999999,508.7237999999999,772.0,1300.0,2020.0,2446.0,17.0,34.0,50.0,62.0,84.0,202.0,274.0,282.0,8.689699999999998,18.4042,26.8178,31.624599999999994,mof_primitive
152.54879999999997,258.712,397.5003999999999,506.80139999999983,772.0,1300.0,2020.0,2430.0,17.0,34.0,50.0,62.0,84.0,202.0,274.0,282.0,8.6897,18.404200000000007,26.8178,31.638200000000005,mof_primitive
153.38199999999998,271.09399999999994,403.2123999999999,518.6033999999999,756.0,1304.0,2008.0,2416.0,18.0,36.0,52.0,66.0,88.0,212.0,292.0,314.0,8.8554,18.975200000000005,27.449199999999994,32.885,mof_primitive
140.7152,237.252,373.63239999999996,455.519,708.0,1200.0,1840.0,2028.0,16.0,32.0,48.0,58.0,80.0,192.0,256.0,250.0,8.1568,17.3096,25.1392,28.3242,mof_primitive
162.71599999999998,255.40799999999996,409.9443999999999,538.3245999999999,868.0,1392.0,2224.0,2892.0,16.0,32.0,48.0,58.0,80.0,192.0,256.0,250.0,8.8912,18.356799999999996,27.233600000000003,32.4314,mof_primitive
