f-lig-chi-0,f-lig-chi-1,f-lig-chi-2,f-lig-chi-3,f-lig-Z-0,f-lig-Z-1,f-lig-Z-2,f-lig-Z-3,f-lig-I-0,f-lig-I-1,f-lig-I-2,f-lig-I-3,f-lig-T-0,f-lig-T-1,f-lig-T-2,f-lig-T-3,f-lig-S-0,f-lig-S-1,f-lig-S-2,f-lig-S-3,name
412.7012999999999,840.0720000000006,1296.3308000000009,1572.9640000000009,1860.0,3840.0,5552.0,5872.0,61.0,128.0,196.0,248.0,324.0,792.0,1080.0,1128.0,28.390900000000016,65.54240000000003,95.52360000000002,109.18960000000006,mof_primitive
412.7012999999999,840.0720000000006,1296.3308000000009,1572.9640000000009,1860.0,3840.0,5552.0,5872.0,61.0,128.0,196.0,248.0,324.0,792.0,1080.0,1128.0,28.390900000000016,65.54240000000003,95.52360000000002,109.18960000000006,mof_primitive
