f-chi-0-all,f-chi-1-all,f-chi-2-all,f-chi-3-all,f-Z-0-all,f-Z-1-all,f-Z-2-all,f-Z-3-all,f-I-0-all,f-I-1-all,f-I-2-all,f-I-3-all,f-T-0-all,f-T-1-all,f-T-2-all,f-T-3-all,f-S-0-all,f-S-1-all,f-S-2-all,f-S-3-all,mc-chi-0-all,mc-chi-1-all,mc-chi-2-all,mc-chi-3-all,mc-Z-0-all,mc-Z-1-all,mc-Z-2-all,mc-Z-3-all,mc-I-0-all,mc-I-1-all,mc-I-2-all,mc-I-3-all,mc-T-0-all,mc-T-1-all,mc-T-2-all,mc-T-3-all,mc-S-0-all,mc-S-1-all,mc-S-2-all,mc-S-3-all,D_mc-chi-0-all,D_mc-chi-1-all,D_mc-chi-2-all,D_mc-chi-3-all,D_mc-Z-0-all,D_mc-Z-1-all,D_mc-Z-2-all,D_mc-Z-3-all,D_mc-I-0-all,D_mc-I-1-all,D_mc-I-2-all,D_mc-I-3-all,D_mc-T-0-all,D_mc-T-1-all,D_mc-T-2-all,D_mc-T-3-all,D_mc-S-0-all,D_mc-S-1-all,D_mc-S-2-all,D_mc-S-3-all,name
648.9621999999999,1247.8399999999995,5559.934,5075.0352,31675.0,68060.0,118498.0,98178.0,71.0,232.0,578.0,664.0,1064.0,4268.0,6628.0,6682.0,68.17579999999995,255.3734,454.26939999999996,513.8442,0.7920999999999998,24.39391111111111,14.373499999999998,37.13969999999998,3136.0,3540.4444444444443,8157.333333333333,5394.666666666667,1.0,8.11111111111111,7.222222222222222,13.333333333333334,67.66666666666667,203.88888888888889,245.44444444444446,309.6666666666667,3.8415999999999997,11.561822222222222,15.473111111111109,19.264622222222226,0.0,-20.189999999999998,-9.722222222222221,-29.863333333333337,0.0,391.0,258.77777777777777,650.3333333333334,0.0,0.0,0.0,0.0,0.0,43.22222222222222,28.333333333333332,67.44444444444444,0.0,9.998888888888889,6.261111111111111,16.304444444444442,mof_primitive
648.9621999999998,1247.8400000000001,5559.934,5075.035200000001,31675.0,68060.0,118498.0,98178.0,71.0,232.0,578.0,664.0,1064.0,4268.0,6628.0,6682.0,68.17579999999991,255.37339999999995,454.26939999999996,513.8442,0.7920999999999998,24.39391111111111,14.373499999999998,37.13969999999998,3136.0,3540.4444444444443,8157.333333333333,5394.666666666667,1.0,8.11111111111111,7.222222222222222,13.333333333333334,67.66666666666667,203.88888888888889,245.44444444444446,309.6666666666667,3.8415999999999997,11.561822222222222,15.473111111111109,19.264622222222226,0.0,-20.189999999999998,-9.722222222222221,-29.863333333333337,0.0,391.0,258.77777777777777,650.3333333333334,0.0,0.0,0.0,0.0,0.0,43.22222222222222,28.333333333333332,67.44444444444444,0.0,9.998888888888889,6.261111111111111,16.304444444444442,mof_primitive
