f-lig-chi-0,f-lig-chi-1,f-lig-chi-2,f-lig-chi-3,f-lig-Z-0,f-lig-Z-1,f-lig-Z-2,f-lig-Z-3,f-lig-I-0,f-lig-I-1,f-lig-I-2,f-lig-I-3,f-lig-T-0,f-lig-T-1,f-lig-T-2,f-lig-T-3,f-lig-S-0,f-lig-S-1,f-lig-S-2,f-lig-S-3,name
709.9764000000008,1391.3819999999996,2578.1269999999986,3151.432399999997,4470.0,10068.0,13032.0,15872.0,100.0,208.0,362.0,464.0,570.0,1426.0,2026.0,2472.0,45.871299999999955,111.93439999999997,172.77680000000018,216.51959999999988,mof_primitive
581.3575000000002,1071.8632000000002,2081.9802,2472.7684,4232.0,9376.0,11076.0,12366.0,76.0,154.0,274.0,352.0,428.0,1066.0,1448.0,1664.0,36.529199999999996,87.40500000000002,133.20499999999996,159.76579999999996,mof_primitive
