f-chi-0-all,f-chi-1-all,f-chi-2-all,f-chi-3-all,f-Z-0-all,f-Z-1-all,f-Z-2-all,f-Z-3-all,f-I-0-all,f-I-1-all,f-I-2-all,f-I-3-all,f-T-0-all,f-T-1-all,f-T-2-all,f-T-3-all,f-S-0-all,f-S-1-all,f-S-2-all,f-S-3-all,mc-chi-0-all,mc-chi-1-all,mc-chi-2-all,mc-chi-3-all,mc-Z-0-all,mc-Z-1-all,mc-Z-2-all,mc-Z-3-all,mc-I-0-all,mc-I-1-all,mc-I-2-all,mc-I-3-all,mc-T-0-all,mc-T-1-all,mc-T-2-all,mc-T-3-all,mc-S-0-all,mc-S-1-all,mc-S-2-all,mc-S-3-all,D_mc-chi-0-all,D_mc-chi-1-all,D_mc-chi-2-all,D_mc-chi-3-all,D_mc-Z-0-all,D_mc-Z-1-all,D_mc-Z-2-all,D_mc-Z-3-all,D_mc-I-0-all,D_mc-I-1-all,D_mc-I-2-all,D_mc-I-3-all,D_mc-T-0-all,D_mc-T-1-all,D_mc-T-2-all,D_mc-T-3-all,D_mc-S-0-all,D_mc-S-1-all,D_mc-S-2-all,D_mc-S-3-all,name
386.39639999999986,675.4719999999998,2374.7711999999988,2498.711999999999,3972.0,12496.0,20244.0,24670.0,45.0,120.0,262.0,362.0,438.0,1464.0,2356.0,2756.0,35.07250000000001,109.31520000000005,188.19019999999992,245.07220000000012,1.0,22.895999999999997,14.840000000000003,45.48,400.0,1032.0,1304.0,2088.0,1.0,6.8,7.2,14.4,47.2,122.4,184.8,248.0,2.9240999999999997,8.2422,11.87424,18.002880000000005,0.0,-16.095999999999997,-7.639999999999999,-31.080000000000005,0.0,84.4,78.8,183.6,0.0,0.0,0.0,0.0,0.0,29.6,22.4,60.8,0.0,6.808000000000002,5.3679999999999986,14.096,mof_primitive
386.3963999999998,675.4719999999996,2374.7711999999997,2498.711999999999,3972.0,12496.0,20244.0,24670.0,45.0,120.0,262.0,362.0,438.0,1464.0,2356.0,2756.0,35.07250000000002,109.31520000000005,188.19019999999992,245.0722000000001,1.0,22.895999999999997,14.840000000000003,45.48,400.0,1032.0,1304.0,2088.0,1.0,6.8,7.2,14.4,47.2,122.4,184.8,248.0,2.9240999999999997,8.2422,11.87424,18.002880000000005,0.0,-16.095999999999997,-7.639999999999999,-31.080000000000005,0.0,84.4,78.8,183.6,0.0,0.0,0.0,0.0,0.0,29.6,22.4,60.8,0.0,6.808000000000002,5.3679999999999986,14.096,mof_primitive
