f-chi-0-all,f-chi-1-all,f-chi-2-all,f-chi-3-all,f-Z-0-all,f-Z-1-all,f-Z-2-all,f-Z-3-all,f-I-0-all,f-I-1-all,f-I-2-all,f-I-3-all,f-T-0-all,f-T-1-all,f-T-2-all,f-T-3-all,f-S-0-all,f-S-1-all,f-S-2-all,f-S-3-all,mc-chi-0-all,mc-chi-1-all,mc-chi-2-all,mc-chi-3-all,mc-Z-0-all,mc-Z-1-all,mc-Z-2-all,mc-Z-3-all,mc-I-0-all,mc-I-1-all,mc-I-2-all,mc-I-3-all,mc-T-0-all,mc-T-1-all,mc-T-2-all,mc-T-3-all,mc-S-0-all,mc-S-1-all,mc-S-2-all,mc-S-3-all,D_mc-chi-0-all,D_mc-chi-1-all,D_mc-chi-2-all,D_mc-chi-3-all,D_mc-Z-0-all,D_mc-Z-1-all,D_mc-Z-2-all,D_mc-Z-3-all,D_mc-I-0-all,D_mc-I-1-all,D_mc-I-2-all,D_mc-I-3-all,D_mc-T-0-all,D_mc-T-1-all,D_mc-T-2-all,D_mc-T-3-all,D_mc-S-0-all,D_mc-S-1-all,D_mc-S-2-all,D_mc-S-3-all,name
210.05399999999997,389.1887999999999,1254.6003999999998,821.4936,10106.0,17520.0,12976.0,8608.0,24.0,64.0,132.0,104.0,252.0,832.0,800.0,512.0,17.835000000000004,57.54239999999998,83.90920000000003,64.39520000000003,1.5129,31.660200000000003,12.546,27.2814,4489.0,4020.0,1608.0,3484.0,1.0,8.0,4.0,8.0,64.0,160.0,96.0,176.0,2.7556,9.8272,5.1128,10.0928,0.0,-15.900000000000002,-5.279999999999999,-12.34,0.0,476.0,244.0,484.0,0.0,0.0,0.0,0.0,0.0,44.0,20.0,42.0,0.0,7.3599999999999985,3.56,7.199999999999998,mof_primitive
210.05399999999995,389.1887999999999,1254.6003999999998,821.4936,10106.0,17520.0,12976.0,8608.0,24.0,64.0,132.0,104.0,252.0,832.0,800.0,512.0,17.835000000000004,57.54239999999998,83.90920000000003,64.39520000000003,1.5129,31.660200000000003,12.546,27.281399999999998,4489.0,4020.0,1608.0,3484.0,1.0,8.0,4.0,8.0,64.0,160.0,96.0,176.0,2.7556,9.827200000000001,5.1128,10.0928,0.0,-15.900000000000002,-5.279999999999999,-12.34,0.0,476.0,244.0,484.0,0.0,0.0,0.0,0.0,0.0,44.0,20.0,42.0,0.0,7.3599999999999985,3.5599999999999996,7.199999999999998,mof_primitive
