f-lig-chi-0,f-lig-chi-1,f-lig-chi-2,f-lig-chi-3,f-lig-Z-0,f-lig-Z-1,f-lig-Z-2,f-lig-Z-3,f-lig-I-0,f-lig-I-1,f-lig-I-2,f-lig-I-3,f-lig-T-0,f-lig-T-1,f-lig-T-2,f-lig-T-3,f-lig-S-0,f-lig-S-1,f-lig-S-2,f-lig-S-3,name
492.4112999999998,960.1170000000009,1529.269800000001,1970.0790000000009,2310.0,4506.0,6900.0,7728.0,66.0,138.0,216.0,288.0,354.0,882.0,1272.0,1464.0,31.30020000000003,71.42700000000002,107.39280000000001,131.2152,mof_primitive
492.4112999999998,960.1170000000009,1529.269800000001,1970.0790000000009,2310.0,4506.0,6900.0,7728.0,66.0,138.0,216.0,288.0,354.0,882.0,1272.0,1464.0,31.30020000000003,71.42700000000002,107.39280000000001,131.2152,mof_primitive
492.41129999999987,960.117000000001,1529.269800000001,1970.0790000000009,2310.0,4506.0,6900.0,7728.0,66.0,138.0,216.0,288.0,354.0,882.0,1272.0,1464.0,31.300200000000025,71.42700000000002,107.39280000000001,131.2152,mof_primitive
492.4113,960.1170000000003,1529.2698000000005,1970.079,2310.0,4506.0,6900.0,7728.0,66.0,138.0,216.0,288.0,354.0,882.0,1272.0,1464.0,31.30020000000001,71.42700000000004,107.39280000000004,131.2152,mof_primitive
