f-chi-0-all,f-chi-1-all,f-chi-2-all,f-chi-3-all,f-Z-0-all,f-Z-1-all,f-Z-2-all,f-Z-3-all,f-I-0-all,f-I-1-all,f-I-2-all,f-I-3-all,f-T-0-all,f-T-1-all,f-T-2-all,f-T-3-all,f-S-0-all,f-S-1-all,f-S-2-all,f-S-3-all,mc-chi-0-all,mc-chi-1-all,mc-chi-2-all,mc-chi-3-all,mc-Z-0-all,mc-Z-1-all,mc-Z-2-all,mc-Z-3-all,mc-I-0-all,mc-I-1-all,mc-I-2-all,mc-I-3-all,mc-T-0-all,mc-T-1-all,mc-T-2-all,mc-T-3-all,mc-S-0-all,mc-S-1-all,mc-S-2-all,mc-S-3-all,D_mc-chi-0-all,D_mc-chi-1-all,D_mc-chi-2-all,D_mc-chi-3-all,D_mc-Z-0-all,D_mc-Z-1-all,D_mc-Z-2-all,D_mc-Z-3-all,D_mc-I-0-all,D_mc-I-1-all,D_mc-I-2-all,D_mc-I-3-all,D_mc-T-0-all,D_mc-T-1-all,D_mc-T-2-all,D_mc-T-3-all,D_mc-S-0-all,D_mc-S-1-all,D_mc-S-2-all,D_mc-S-3-all,name
393.99999999999983,699.4103999999995,2154.8655999999996,2026.601599999998,8196.0,19440.0,20368.0,20352.0,44.0,112.0,224.0,256.0,392.0,1184.0,1336.0,1408.0,32.903600000000026,98.87999999999995,149.6592,164.97280000000003,1.4884000000000002,28.2918,15.555000000000003,35.45319999999999,1521.0,2106.0,1170.0,2652.0,1.0,7.0,5.0,10.0,49.0,112.0,105.0,182.0,2.6569,8.394499999999999,6.2755,12.2902,0.0,-14.650000000000002,-6.6499999999999995,-16.86,0.0,219.0,165.0,322.0,0.0,0.0,0.0,0.0,0.0,33.0,20.0,44.0,0.0,6.259999999999999,4.299999999999998,8.759999999999998,mof_primitive
393.99999999999983,699.4103999999996,2154.8655999999996,2026.6015999999981,8196.0,19440.0,20368.0,20352.0,44.0,112.0,224.0,256.0,392.0,1184.0,1336.0,1408.0,32.903600000000026,98.87999999999995,149.6592,164.9728,1.4884000000000002,28.2918,15.555000000000003,35.45319999999999,1521.0,2106.0,1170.0,2652.0,1.0,7.0,5.0,10.0,49.0,112.0,105.0,182.0,2.6569,8.394499999999999,6.2755,12.2902,0.0,-14.650000000000002,-6.6499999999999995,-16.86,0.0,219.0,165.0,322.0,0.0,0.0,0.0,0.0,0.0,33.0,20.0,44.0,0.0,6.259999999999999,4.299999999999998,8.759999999999998,mof_primitive
