f-lig-chi-0,f-lig-chi-1,f-lig-chi-2,f-lig-chi-3,f-lig-Z-0,f-lig-Z-1,f-lig-Z-2,f-lig-Z-3,f-lig-I-0,f-lig-I-1,f-lig-I-2,f-lig-I-3,f-lig-T-0,f-lig-T-1,f-lig-T-2,f-lig-T-3,f-lig-S-0,f-lig-S-1,f-lig-S-2,f-lig-S-3,name
161.50630000000004,276.9612000000002,575.0842,663.3080000000002,1024.0,2208.0,2242.0,1568.0,23.0,44.0,84.0,108.0,128.0,320.0,390.0,360.0,9.7781,22.991600000000005,33.58560000000001,33.21999999999999,mof_primitive
171.18630000000002,307.2332000000002,594.3562,746.2920000000001,1026.0,2240.0,2302.0,1656.0,25.0,48.0,88.0,120.0,136.0,344.0,430.0,408.0,10.051900000000002,24.072000000000006,35.1544,36.52039999999999,mof_primitive
161.50630000000004,276.9612000000002,575.0842,663.3080000000002,1024.0,2208.0,2242.0,1568.0,23.0,44.0,84.0,108.0,128.0,320.0,390.0,360.0,9.7781,22.991600000000005,33.58560000000001,33.21999999999999,mof_primitive
171.18630000000002,307.2332000000002,594.3562000000001,746.2920000000001,1026.0,2240.0,2302.0,1656.0,25.0,48.0,88.0,120.0,136.0,344.0,430.0,408.0,10.051900000000002,24.072000000000006,35.15440000000001,36.52039999999999,mof_primitive
161.50630000000004,276.9612000000002,575.0842,663.3080000000002,1024.0,2208.0,2242.0,1568.0,23.0,44.0,84.0,108.0,128.0,320.0,390.0,360.0,9.7781,22.991600000000005,33.58560000000001,33.21999999999999,mof_primitive
171.18630000000005,307.2332000000002,594.3562,746.2920000000001,1026.0,2240.0,2302.0,1656.0,25.0,48.0,88.0,120.0,136.0,344.0,430.0,408.0,10.051900000000002,24.072000000000006,35.15440000000001,36.52039999999999,mof_primitive
161.50630000000004,276.96120000000013,575.0841999999998,663.3080000000003,1024.0,2208.0,2242.0,1568.0,23.0,44.0,84.0,108.0,128.0,320.0,390.0,360.0,9.778100000000006,22.991600000000012,33.5856,33.22,mof_primitive
171.18630000000005,307.23320000000007,594.3561999999997,746.2920000000003,1026.0,2240.0,2302.0,1656.0,25.0,48.0,88.0,120.0,136.0,344.0,430.0,408.0,10.051900000000007,24.07200000000001,35.154399999999995,36.520399999999995,mof_primitive
