f-lig-chi-0,f-lig-chi-1,f-lig-chi-2,f-lig-chi-3,f-lig-Z-0,f-lig-Z-1,f-lig-Z-2,f-lig-Z-3,f-lig-I-0,f-lig-I-1,f-lig-I-2,f-lig-I-3,f-lig-T-0,f-lig-T-1,f-lig-T-2,f-lig-T-3,f-lig-S-0,f-lig-S-1,f-lig-S-2,f-lig-S-3,name
195.57259999999997,391.49720000000013,598.1344,724.063,866.0,1754.0,2488.0,2536.0,28.0,58.0,88.0,110.0,146.0,356.0,484.0,486.0,12.6524,29.09140000000001,41.64800000000001,45.98860000000002,mof_primitive
195.5726,391.4972000000001,598.1343999999999,724.063,866.0,1754.0,2488.0,2536.0,28.0,58.0,88.0,110.0,146.0,356.0,484.0,486.0,12.6524,29.09140000000001,41.64800000000001,45.98860000000001,mof_primitive
122.2282,268.821,406.22,458.81200000000007,466.0,1080.0,1400.0,1288.0,20.0,42.0,64.0,76.0,106.0,258.0,352.0,360.0,8.1492,19.8506,27.907200000000007,28.971600000000006,mof_primitive
195.5726,391.49720000000013,598.1344,724.0630000000001,866.0,1754.0,2488.0,2536.0,28.0,58.0,88.0,110.0,146.0,356.0,484.0,486.0,12.652400000000004,29.09140000000001,41.64800000000001,45.98860000000001,mof_primitive
122.22819999999999,268.82099999999997,406.2200000000001,458.81200000000007,466.0,1080.0,1400.0,1288.0,20.0,42.0,64.0,76.0,106.0,258.0,352.0,360.0,8.149200000000002,19.850600000000004,27.907200000000003,28.971600000000002,mof_primitive
195.5726,391.49720000000013,598.1343999999999,724.063,866.0,1754.0,2488.0,2536.0,28.0,58.0,88.0,110.0,146.0,356.0,484.0,486.0,12.6524,29.09140000000001,41.64800000000001,45.98860000000002,mof_primitive
122.22820000000003,268.8210000000001,406.2200000000001,458.81199999999995,466.0,1080.0,1400.0,1288.0,20.0,42.0,64.0,76.0,106.0,258.0,352.0,360.0,8.1492,19.850600000000004,27.907200000000003,28.971600000000013,mof_primitive
122.22820000000002,268.821,406.22,458.812,466.0,1080.0,1400.0,1288.0,20.0,42.0,64.0,76.0,106.0,258.0,352.0,360.0,8.149200000000002,19.850600000000004,27.907200000000003,28.97160000000001,mof_primitive
