f-lig-chi-0,f-lig-chi-1,f-lig-chi-2,f-lig-chi-3,f-lig-Z-0,f-lig-Z-1,f-lig-Z-2,f-lig-Z-3,f-lig-I-0,f-lig-I-1,f-lig-I-2,f-lig-I-3,f-lig-T-0,f-lig-T-1,f-lig-T-2,f-lig-T-3,f-lig-S-0,f-lig-S-1,f-lig-S-2,f-lig-S-3,name
606.0778000000004,1313.3620000000003,2175.9051999999992,2764.0118000000007,2602.0,5752.0,9136.0,12224.0,88.0,192.0,320.0,402.0,512.0,1288.0,1968.0,2586.0,38.504799999999975,95.17679999999997,150.52320000000003,198.77059999999994,mof_primitive
606.0778000000004,1313.3620000000003,2175.9051999999992,2764.0118000000007,2602.0,5752.0,9136.0,12224.0,88.0,192.0,320.0,402.0,512.0,1288.0,1968.0,2586.0,38.504799999999975,95.17679999999997,150.52320000000003,198.77059999999994,mof_primitive
111.18760000000002,193.70299999999992,269.7763999999999,306.0930000000001,502.0,824.0,1172.0,1266.0,14.0,26.0,36.0,40.0,62.0,138.0,164.0,168.0,6.175799999999998,12.584200000000003,16.4468,18.056000000000004,mof_primitive
111.18760000000002,193.70299999999992,269.7763999999999,306.09300000000013,502.0,824.0,1172.0,1266.0,14.0,26.0,36.0,40.0,62.0,138.0,164.0,168.0,6.175799999999999,12.5842,16.4468,18.056,mof_primitive
