f-lig-chi-0,f-lig-chi-1,f-lig-chi-2,f-lig-chi-3,f-lig-Z-0,f-lig-Z-1,f-lig-Z-2,f-lig-Z-3,f-lig-I-0,f-lig-I-1,f-lig-I-2,f-lig-I-3,f-lig-T-0,f-lig-T-1,f-lig-T-2,f-lig-T-3,f-lig-S-0,f-lig-S-1,f-lig-S-2,f-lig-S-3,name
153.23299999999998,302.011,482.9044,570.577,686.0,1348.0,1990.0,2104.0,21.0,44.0,70.0,86.0,118.0,304.0,412.0,444.0,9.414900000000001,22.054000000000002,32.55980000000001,36.810199999999995,mof_primitive
141.39939999999999,280.551,453.5804,514.8969999999999,622.0,1248.0,1796.0,1882.0,20.0,42.0,68.0,80.0,114.0,292.0,388.0,412.0,8.882,20.959400000000006,30.614800000000002,33.7552,mof_primitive
165.06659999999997,323.47099999999995,501.31639999999993,611.7081999999998,750.0,1448.0,2156.0,2560.0,22.0,46.0,72.0,88.0,122.0,312.0,424.0,478.0,9.947800000000004,23.148600000000005,33.972,40.15280000000001,mof_primitive
153.23299999999998,302.011,482.9044,570.577,686.0,1348.0,1990.0,2104.0,21.0,44.0,70.0,86.0,118.0,304.0,412.0,444.0,9.414900000000001,22.054000000000002,32.55980000000001,36.810199999999995,mof_primitive
246.1266,509.0820000000001,835.3624000000003,968.1729999999999,1044.0,2208.0,3292.0,4000.0,36.0,76.0,124.0,146.0,200.0,488.0,700.0,874.0,15.51240000000001,37.17560000000001,56.04920000000002,68.44179999999997,mof_primitive
165.06659999999997,323.47099999999995,501.31639999999993,611.7081999999999,750.0,1448.0,2156.0,2560.0,22.0,46.0,72.0,88.0,122.0,312.0,424.0,478.0,9.947800000000004,23.148600000000005,33.972,40.15280000000001,mof_primitive
