f-chi-0-all,f-chi-1-all,f-chi-2-all,f-chi-3-all,f-Z-0-all,f-Z-1-all,f-Z-2-all,f-Z-3-all,f-I-0-all,f-I-1-all,f-I-2-all,f-I-3-all,f-T-0-all,f-T-1-all,f-T-2-all,f-T-3-all,f-S-0-all,f-S-1-all,f-S-2-all,f-S-3-all,mc-chi-0-all,mc-chi-1-all,mc-chi-2-all,mc-chi-3-all,mc-Z-0-all,mc-Z-1-all,mc-Z-2-all,mc-Z-3-all,mc-I-0-all,mc-I-1-all,mc-I-2-all,mc-I-3-all,mc-T-0-all,mc-T-1-all,mc-T-2-all,mc-T-3-all,mc-S-0-all,mc-S-1-all,mc-S-2-all,mc-S-3-all,D_mc-chi-0-all,D_mc-chi-1-all,D_mc-chi-2-all,D_mc-chi-3-all,D_mc-Z-0-all,D_mc-Z-1-all,D_mc-Z-2-all,D_mc-Z-3-all,D_mc-I-0-all,D_mc-I-1-all,D_mc-I-2-all,D_mc-I-3-all,D_mc-T-0-all,D_mc-T-1-all,D_mc-T-2-all,D_mc-T-3-all,D_mc-S-0-all,D_mc-S-1-all,D_mc-S-2-all,D_mc-S-3-all,name
293.89959999999985,585.6359999999996,1228.8111999999999,1499.1583999999998,5140.0,10512.0,17104.0,16760.0,36.0,84.0,148.0,192.0,232.0,624.0,1000.0,1068.0,24.99560000000002,62.110000000000014,106.13319999999996,126.39280000000004,2.7224999999999997,24.881999999999998,25.863749999999996,55.95974999999999,900.0,1050.0,1890.0,2250.0,1.0,4.5,6.5,11.5,20.5,50.0,95.0,117.5,1.7161000000000004,4.32955,7.26395,10.787850000000002,0.0,-7.654999999999999,-4.95,-14.940000000000001,0.0,100.0,132.0,270.0,0.0,0.0,0.0,0.0,0.0,9.5,8.5,26.0,0.0,2.5900000000000003,2.9699999999999998,6.830000000000001,mof_primitive
293.89959999999985,585.6359999999996,1228.8111999999999,1499.1583999999998,5140.0,10512.0,17104.0,16760.0,36.0,84.0,148.0,192.0,232.0,624.0,1000.0,1068.0,24.99560000000002,62.110000000000014,106.13319999999999,126.39280000000004,2.7224999999999997,24.881999999999998,25.863749999999996,55.95974999999999,900.0,1050.0,1890.0,2250.0,1.0,4.5,6.5,11.5,20.5,50.0,95.0,117.5,1.7161000000000004,4.32955,7.26395,10.787850000000002,0.0,-7.654999999999999,-4.95,-14.940000000000001,0.0,100.0,132.0,270.0,0.0,0.0,0.0,0.0,0.0,9.5,8.5,26.0,0.0,2.5900000000000003,2.9699999999999998,6.830000000000001,mof_primitive
