f-lig-chi-0,f-lig-chi-1,f-lig-chi-2,f-lig-chi-3,f-lig-Z-0,f-lig-Z-1,f-lig-Z-2,f-lig-Z-3,f-lig-I-0,f-lig-I-1,f-lig-I-2,f-lig-I-3,f-lig-T-0,f-lig-T-1,f-lig-T-2,f-lig-T-3,f-lig-S-0,f-lig-S-1,f-lig-S-2,f-lig-S-3,name
291.00509999999997,638.8660000000002,1156.1942,1577.8832000000002,1059.0,2452.0,3782.0,4358.0,46.0,98.0,180.0,254.0,278.0,740.0,1162.0,1372.0,17.396600000000007,44.67660000000002,73.5536,93.34019999999998,mof_primitive
291.00509999999997,638.866,1156.1942000000001,1577.8832000000004,1059.0,2452.0,3782.0,4358.0,46.0,98.0,180.0,254.0,278.0,740.0,1162.0,1372.0,17.396600000000007,44.676600000000015,73.5536,93.34020000000001,mof_primitive
291.00509999999997,638.8660000000001,1156.1941999999995,1577.8832000000004,1059.0,2452.0,3782.0,4358.0,46.0,98.0,180.0,254.0,278.0,740.0,1162.0,1372.0,17.3966,44.67660000000002,73.5536,93.3402,mof_primitive
291.00509999999997,638.8660000000001,1156.1942,1577.8832000000002,1059.0,2452.0,3782.0,4358.0,46.0,98.0,180.0,254.0,278.0,740.0,1162.0,1372.0,17.3966,44.67660000000002,73.55360000000002,93.34020000000001,mof_primitive
291.00509999999997,638.866,1156.1942000000008,1577.8831999999998,1059.0,2452.0,3782.0,4358.0,46.0,98.0,180.0,254.0,278.0,740.0,1162.0,1372.0,17.396600000000014,44.676600000000015,73.55359999999999,93.3402,mof_primitive
291.00509999999986,638.8660000000002,1156.1941999999995,1577.8831999999998,1059.0,2452.0,3782.0,4358.0,46.0,98.0,180.0,254.0,278.0,740.0,1162.0,1372.0,17.396600000000014,44.676600000000015,73.55359999999996,93.34019999999998,mof_primitive
291.00509999999997,638.8660000000001,1156.1942,1577.8832000000002,1059.0,2452.0,3782.0,4358.0,46.0,98.0,180.0,254.0,278.0,740.0,1162.0,1372.0,17.396600000000007,44.67660000000002,73.55360000000002,93.34019999999998,mof_primitive
291.00509999999997,638.8660000000002,1156.1942000000001,1577.8832000000002,1059.0,2452.0,3782.0,4358.0,46.0,98.0,180.0,254.0,278.0,740.0,1162.0,1372.0,17.396600000000003,44.67660000000002,73.55360000000003,93.3402,mof_primitive
