f-lig-chi-0,f-lig-chi-1,f-lig-chi-2,f-lig-chi-3,f-lig-Z-0,f-lig-Z-1,f-lig-Z-2,f-lig-Z-3,f-lig-I-0,f-lig-I-1,f-lig-I-2,f-lig-I-3,f-lig-T-0,f-lig-T-1,f-lig-T-2,f-lig-T-3,f-lig-S-0,f-lig-S-1,f-lig-S-2,f-lig-S-3,name
512.3838000000001,1111.636,2227.9384000000005,3438.219199999999,1638.0,3820.0,6358.0,8198.0,84.0,176.0,360.0,566.0,536.0,1496.0,2468.0,3234.0,28.347599999999996,75.36880000000002,134.9576,190.79899999999992,mof_primitive
512.3837999999997,1111.6360000000004,2227.9384000000005,3438.2191999999986,1638.0,3820.0,6358.0,8198.0,84.0,176.0,360.0,566.0,536.0,1496.0,2468.0,3234.0,28.347600000000014,75.36880000000001,134.95759999999996,190.79899999999992,mof_primitive
512.3837999999988,1111.635999999999,2227.938399999998,3438.2191999999977,1638.0,3820.0,6358.0,8198.0,84.0,176.0,360.0,566.0,536.0,1496.0,2468.0,3234.0,28.347600000000046,75.36879999999978,134.9575999999999,190.79900000000006,mof_primitive
512.3837999999988,1111.635999999999,2227.938399999998,3438.2191999999977,1638.0,3820.0,6358.0,8198.0,84.0,176.0,360.0,566.0,536.0,1496.0,2468.0,3234.0,28.347600000000046,75.36879999999978,134.9575999999999,190.79900000000006,mof_primitive
