f-lig-chi-0,f-lig-chi-1,f-lig-chi-2,f-lig-chi-3,f-lig-Z-0,f-lig-Z-1,f-lig-Z-2,f-lig-Z-3,f-lig-I-0,f-lig-I-1,f-lig-I-2,f-lig-I-3,f-lig-T-0,f-lig-T-1,f-lig-T-2,f-lig-T-3,f-lig-S-0,f-lig-S-1,f-lig-S-2,f-lig-S-3,name
282.7988,568.934,914.7907999999999,1155.2610000000002,1244.0,2504.0,3932.0,4836.0,40.0,84.0,136.0,174.0,220.0,548.0,816.0,1070.0,17.764,41.859600000000015,64.33360000000002,83.04780000000002,mof_primitive
282.7988,568.934,914.7907999999999,1155.2610000000002,1244.0,2504.0,3932.0,4836.0,40.0,84.0,136.0,174.0,220.0,548.0,816.0,1070.0,17.764,41.859600000000015,64.33360000000002,83.04780000000002,mof_primitive
105.7094,180.08099999999996,259.2904,266.095,476.0,792.0,1024.0,742.0,14.0,26.0,36.0,40.0,62.0,138.0,148.0,128.0,6.2366,12.705000000000002,15.930000000000003,14.455200000000001,mof_primitive
138.0744,250.971,391.83039999999994,417.01699999999994,552.0,984.0,1348.0,1346.0,20.0,38.0,60.0,64.0,98.0,222.0,268.0,272.0,7.970000000000001,17.355800000000002,23.4556,25.452800000000003,mof_primitive
105.70940000000002,180.081,259.2904,266.095,476.0,792.0,1024.0,742.0,14.0,26.0,36.0,40.0,62.0,138.0,148.0,128.0,6.236599999999999,12.705000000000002,15.930000000000005,14.455200000000001,mof_primitive
138.0744,250.971,391.83039999999994,417.01699999999994,552.0,984.0,1348.0,1346.0,20.0,38.0,60.0,64.0,98.0,222.0,268.0,272.0,7.970000000000001,17.355800000000002,23.4556,25.452800000000003,mof_primitive
