f-lig-chi-0,f-lig-chi-1,f-lig-chi-2,f-lig-chi-3,f-lig-Z-0,f-lig-Z-1,f-lig-Z-2,f-lig-Z-3,f-lig-I-0,f-lig-I-1,f-lig-I-2,f-lig-I-3,f-lig-T-0,f-lig-T-1,f-lig-T-2,f-lig-T-3,f-lig-S-0,f-lig-S-1,f-lig-S-2,f-lig-S-3,name
52.854699999999994,83.53799999999998,126.32019999999999,95.632,238.0,360.0,442.0,256.0,7.0,12.0,18.0,12.0,30.0,60.0,42.0,12.0,3.1182999999999996,5.759600000000001,7.052999999999999,4.4092,mof_primitive
52.854699999999994,83.53799999999998,126.32019999999999,95.632,238.0,360.0,442.0,256.0,7.0,12.0,18.0,12.0,30.0,60.0,42.0,12.0,3.1182999999999996,5.759600000000001,7.052999999999999,4.4092,mof_primitive
52.8547,83.53799999999998,126.32019999999999,95.632,238.0,360.0,442.0,256.0,7.0,12.0,18.0,12.0,30.0,60.0,42.0,12.0,3.1182999999999996,5.759600000000001,7.052999999999999,4.4092,mof_primitive
52.8547,83.53799999999998,126.32019999999999,95.63199999999999,238.0,360.0,442.0,256.0,7.0,12.0,18.0,12.0,30.0,60.0,42.0,12.0,3.1182999999999996,5.759600000000001,7.052999999999999,4.4092,mof_primitive
52.8547,83.53799999999998,126.32019999999999,95.63199999999999,238.0,360.0,442.0,256.0,7.0,12.0,18.0,12.0,30.0,60.0,42.0,12.0,3.1182999999999996,5.759600000000001,7.052999999999999,4.4092,mof_primitive
52.854699999999994,83.53799999999998,126.32019999999999,95.632,238.0,360.0,442.0,256.0,7.0,12.0,18.0,12.0,30.0,60.0,42.0,12.0,3.1182999999999996,5.759600000000001,7.053,4.4092,mof_primitive
52.854699999999994,83.53799999999998,126.32019999999999,95.632,238.0,360.0,442.0,256.0,7.0,12.0,18.0,12.0,30.0,60.0,42.0,12.0,3.1182999999999996,5.759600000000001,7.053,4.4092,mof_primitive
52.854699999999994,83.53799999999998,126.32019999999999,95.632,238.0,360.0,442.0,256.0,7.0,12.0,18.0,12.0,30.0,60.0,42.0,12.0,3.1182999999999996,5.759600000000001,7.052999999999999,4.4092,mof_primitive
