f-chi-0-all,f-chi-1-all,f-chi-2-all,f-chi-3-all,f-Z-0-all,f-Z-1-all,f-Z-2-all,f-Z-3-all,f-I-0-all,f-I-1-all,f-I-2-all,f-I-3-all,f-T-0-all,f-T-1-all,f-T-2-all,f-T-3-all,f-S-0-all,f-S-1-all,f-S-2-all,f-S-3-all,mc-chi-0-all,mc-chi-1-all,mc-chi-2-all,mc-chi-3-all,mc-Z-0-all,mc-Z-1-all,mc-Z-2-all,mc-Z-3-all,mc-I-0-all,mc-I-1-all,mc-I-2-all,mc-I-3-all,mc-T-0-all,mc-T-1-all,mc-T-2-all,mc-T-3-all,mc-S-0-all,mc-S-1-all,mc-S-2-all,mc-S-3-all,D_mc-chi-0-all,D_mc-chi-1-all,D_mc-chi-2-all,D_mc-chi-3-all,D_mc-Z-0-all,D_mc-Z-1-all,D_mc-Z-2-all,D_mc-Z-3-all,D_mc-I-0-all,D_mc-I-1-all,D_mc-I-2-all,D_mc-I-3-all,D_mc-T-0-all,D_mc-T-1-all,D_mc-T-2-all,D_mc-T-3-all,D_mc-S-0-all,D_mc-S-1-all,D_mc-S-2-all,D_mc-S-3-all,name
520.9780000000002,1156.0943999999997,2654.7776000000003,3305.3984,15540.0,37536.0,62616.0,66112.0,78.0,192.0,380.0,520.0,580.0,1600.0,2660.0,3720.0,55.80659999999996,154.5063999999999,280.88120000000015,373.9319999999998,3.4942333333333324,21.786599999999996,24.264866666666666,48.535599999999995,891.0,1452.0,2835.3333333333335,2278.6666666666665,1.0,4.166666666666667,6.0,9.833333333333334,18.166666666666668,44.666666666666664,81.33333333333333,112.5,1.6200999999999997,4.611583333333332,6.861400000000001,9.51368333333333,0.0,-4.335,-1.9466666666666674,-8.891666666666667,0.0,74.83333333333333,84.0,210.5,0.0,0.0,0.0,0.0,0.0,7.833333333333333,6.666666666666667,15.666666666666666,0.0,1.6633333333333329,2.2400000000000007,5.1499999999999995,mof_primitive
