f-chi-0-all,f-chi-1-all,f-chi-2-all,f-chi-3-all,f-Z-0-all,f-Z-1-all,f-Z-2-all,f-Z-3-all,f-I-0-all,f-I-1-all,f-I-2-all,f-I-3-all,f-T-0-all,f-T-1-all,f-T-2-all,f-T-3-all,f-S-0-all,f-S-1-all,f-S-2-all,f-S-3-all,mc-chi-0-all,mc-chi-1-all,mc-chi-2-all,mc-chi-3-all,mc-Z-0-all,mc-Z-1-all,mc-Z-2-all,mc-Z-3-all,mc-I-0-all,mc-I-1-all,mc-I-2-all,mc-I-3-all,mc-T-0-all,mc-T-1-all,mc-T-2-all,mc-T-3-all,mc-S-0-all,mc-S-1-all,mc-S-2-all,mc-S-3-all,D_mc-chi-0-all,D_mc-chi-1-all,D_mc-chi-2-all,D_mc-chi-3-all,D_mc-Z-0-all,D_mc-Z-1-all,D_mc-Z-2-all,D_mc-Z-3-all,D_mc-I-0-all,D_mc-I-1-all,D_mc-I-2-all,D_mc-I-3-all,D_mc-T-0-all,D_mc-T-1-all,D_mc-T-2-all,D_mc-T-3-all,D_mc-S-0-all,D_mc-S-1-all,D_mc-S-2-all,D_mc-S-3-all,name
1048.8498000000016,2231.6399999999944,6278.022000000006,8134.992000000003,12420.0,30720.0,60840.0,97344.0,126.0,360.0,756.0,1152.0,1140.0,3456.0,6768.0,10056.0,99.55979999999987,291.0839999999999,580.3956,867.7248000000016,1.4841000000000002,18.232000000000003,18.165,50.5968,380.6666666666667,613.3333333333334,1164.0,1816.0,1.0,4.666666666666667,7.333333333333333,13.333333333333334,22.666666666666668,60.0,118.66666666666667,170.66666666666666,2.1736999999999993,5.046733333333331,10.179933333333338,14.470133333333333,0.0,-10.75333333333333,-7.679999999999997,-24.87999999999999,0.0,39.333333333333336,52.0,152.0,0.0,0.0,0.0,0.0,0.0,10.0,9.333333333333334,26.666666666666668,0.0,3.5066666666666673,3.8400000000000003,9.440000000000003,mof_primitive
