f-chi-0-all,f-chi-1-all,f-chi-2-all,f-chi-3-all,f-Z-0-all,f-Z-1-all,f-Z-2-all,f-Z-3-all,f-I-0-all,f-I-1-all,f-I-2-all,f-I-3-all,f-T-0-all,f-T-1-all,f-T-2-all,f-T-3-all,f-S-0-all,f-S-1-all,f-S-2-all,f-S-3-all,mc-chi-0-all,mc-chi-1-all,mc-chi-2-all,mc-chi-3-all,mc-Z-0-all,mc-Z-1-all,mc-Z-2-all,mc-Z-3-all,mc-I-0-all,mc-I-1-all,mc-I-2-all,mc-I-3-all,mc-T-0-all,mc-T-1-all,mc-T-2-all,mc-T-3-all,mc-S-0-all,mc-S-1-all,mc-S-2-all,mc-S-3-all,D_mc-chi-0-all,D_mc-chi-1-all,D_mc-chi-2-all,D_mc-chi-3-all,D_mc-Z-0-all,D_mc-Z-1-all,D_mc-Z-2-all,D_mc-Z-3-all,D_mc-I-0-all,D_mc-I-1-all,D_mc-I-2-all,D_mc-I-3-all,D_mc-T-0-all,D_mc-T-1-all,D_mc-T-2-all,D_mc-T-3-all,D_mc-S-0-all,D_mc-S-1-all,D_mc-S-2-all,D_mc-S-3-all,name
212.19309999999993,365.3279999999999,894.5322,1031.5184000000002,8753.0,13440.0,22904.0,18640.0,24.0,56.0,98.0,134.0,162.0,446.0,668.0,718.0,21.434100000000015,54.38499999999999,87.36280000000001,101.52840000000003,2.1121,22.876,15.864633333333332,46.39756666666667,2544.3333333333335,2032.0,4852.0,4334.666666666667,1.0,5.0,5.666666666666667,11.666666666666666,25.666666666666668,58.333333333333336,104.0,138.0,3.2544,6.628399999999999,10.809999999999997,16.1988,0.0,-10.549999999999999,-5.526666666666666,-21.359999999999996,0.0,214.0,196.0,512.6666666666666,0.0,0.0,0.0,0.0,0.0,14.333333333333334,9.666666666666666,34.0,0.0,5.43,4.756666666666667,13.056666666666665,mof_primitive
212.19309999999993,365.3279999999999,894.5322,1031.5184,8753.0,13440.0,22904.0,18640.0,24.0,56.0,98.0,134.0,162.0,446.0,668.0,718.0,21.434100000000015,54.385,87.36280000000001,101.52840000000005,2.1121,22.876,15.864633333333332,46.39756666666667,2544.3333333333335,2032.0,4852.0,4334.666666666667,1.0,5.0,5.666666666666667,11.666666666666666,25.666666666666668,58.333333333333336,104.0,138.0,3.2544,6.628399999999999,10.809999999999997,16.1988,0.0,-10.549999999999999,-5.526666666666666,-21.359999999999996,0.0,214.0,196.0,512.6666666666666,0.0,0.0,0.0,0.0,0.0,14.333333333333334,9.666666666666666,34.0,0.0,5.43,4.756666666666667,13.056666666666665,mof_primitive
