f-lig-chi-0,f-lig-chi-1,f-lig-chi-2,f-lig-chi-3,f-lig-Z-0,f-lig-Z-1,f-lig-Z-2,f-lig-Z-3,f-lig-I-0,f-lig-I-1,f-lig-I-2,f-lig-I-3,f-lig-T-0,f-lig-T-1,f-lig-T-2,f-lig-T-3,f-lig-S-0,f-lig-S-1,f-lig-S-2,f-lig-S-3,name
207.50060000000002,430.15520000000015,657.1702,750.3624000000001,854.0,1814.0,2428.0,2670.0,31.0,64.0,98.0,112.0,162.0,384.0,502.0,518.0,13.092699999999999,30.73920000000001,42.947400000000016,47.04120000000002,mof_primitive
207.50060000000002,430.1552000000002,657.1702000000002,750.3624000000001,854.0,1814.0,2428.0,2670.0,31.0,64.0,98.0,112.0,162.0,384.0,502.0,518.0,13.092700000000008,30.73920000000001,42.947399999999995,47.041199999999996,mof_primitive
207.50060000000002,430.1552000000002,657.1702000000001,750.3624000000001,854.0,1814.0,2428.0,2670.0,31.0,64.0,98.0,112.0,162.0,384.0,502.0,518.0,13.09270000000001,30.73920000000001,42.947399999999995,47.041199999999996,mof_primitive
207.50060000000002,430.1552000000002,657.1702000000001,750.3624000000001,854.0,1814.0,2428.0,2670.0,31.0,64.0,98.0,112.0,162.0,384.0,502.0,518.0,13.09270000000001,30.73920000000001,42.947399999999995,47.041199999999996,mof_primitive
207.50060000000002,430.1552000000002,657.1702000000001,750.3624000000001,854.0,1814.0,2428.0,2670.0,31.0,64.0,98.0,112.0,162.0,384.0,502.0,518.0,13.09270000000001,30.73920000000001,42.9474,47.041199999999996,mof_primitive
207.50060000000002,430.1552000000002,657.1702000000001,750.3624,854.0,1814.0,2428.0,2670.0,31.0,64.0,98.0,112.0,162.0,384.0,502.0,518.0,13.09270000000001,30.73920000000001,42.947399999999995,47.041199999999996,mof_primitive
207.50060000000002,430.1552000000002,657.1702,750.3624,854.0,1814.0,2428.0,2670.0,31.0,64.0,98.0,112.0,162.0,384.0,502.0,518.0,13.09270000000001,30.739200000000015,42.9474,47.041199999999996,mof_primitive
207.50060000000002,430.1552000000002,657.1702000000001,750.3624,854.0,1814.0,2428.0,2670.0,31.0,64.0,98.0,112.0,162.0,384.0,502.0,518.0,13.09270000000001,30.739200000000015,42.9474,47.041199999999996,mof_primitive
