f-lig-chi-0,f-lig-chi-1,f-lig-chi-2,f-lig-chi-3,f-lig-Z-0,f-lig-Z-1,f-lig-Z-2,f-lig-Z-3,f-lig-I-0,f-lig-I-1,f-lig-I-2,f-lig-I-3,f-lig-T-0,f-lig-T-1,f-lig-T-2,f-lig-T-3,f-lig-S-0,f-lig-S-1,f-lig-S-2,f-lig-S-3,name
197.43159999999995,395.6069999999998,653.7824,686.1681999999998,826.0,1680.0,2384.0,2872.0,28.0,58.0,96.0,100.0,158.0,384.0,496.0,586.0,11.6812,27.735400000000006,40.087999999999994,46.03560000000001,mof_primitive
197.43159999999995,395.60699999999986,664.6944,706.8721999999999,826.0,1680.0,2412.0,2756.0,28.0,58.0,96.0,104.0,158.0,388.0,520.0,622.0,11.6812,27.735400000000006,40.6208,46.59920000000001,mof_primitive
197.43159999999995,395.60699999999986,664.6944,706.8721999999999,826.0,1680.0,2412.0,2756.0,28.0,58.0,96.0,104.0,158.0,388.0,520.0,622.0,11.6812,27.735400000000006,40.6208,46.59920000000001,mof_primitive
197.43159999999995,395.60699999999986,659.2384000000001,693.4449999999999,826.0,1680.0,2398.0,2716.0,28.0,58.0,96.0,102.0,158.0,386.0,508.0,602.0,11.6812,27.735400000000006,40.3544,46.058200000000014,mof_primitive
