f-lig-chi-0,f-lig-chi-1,f-lig-chi-2,f-lig-chi-3,f-lig-Z-0,f-lig-Z-1,f-lig-Z-2,f-lig-Z-3,f-lig-I-0,f-lig-I-1,f-lig-I-2,f-lig-I-3,f-lig-T-0,f-lig-T-1,f-lig-T-2,f-lig-T-3,f-lig-S-0,f-lig-S-1,f-lig-S-2,f-lig-S-3,name
225.78439999999995,481.49100000000004,784.0803999999996,1006.2919999999999,986.0,2160.0,3328.0,3752.0,34.0,74.0,120.0,160.0,194.0,498.0,760.0,896.0,15.358600000000003,37.46820000000001,58.34160000000001,71.01120000000002,mof_primitive
141.39939999999999,319.566,553.5604,667.9380000000001,622.0,1464.0,2152.0,2172.0,20.0,48.0,84.0,104.0,156.0,504.0,708.0,560.0,8.882000000000001,24.51680000000001,38.2292,40.66640000000001,mof_primitive
163.20759999999999,354.14399999999995,595.2783999999999,781.402,790.0,1752.0,2680.0,3196.0,22.0,52.0,88.0,116.0,164.0,528.0,772.0,676.0,10.919,28.058800000000012,44.2352,53.708400000000026,mof_primitive
225.78439999999995,481.49100000000004,784.0803999999996,1006.2919999999999,986.0,2160.0,3328.0,3752.0,34.0,74.0,120.0,160.0,194.0,498.0,760.0,896.0,15.358600000000003,37.46820000000001,58.34160000000001,71.01120000000002,mof_primitive
