f-lig-chi-0,f-lig-chi-1,f-lig-chi-2,f-lig-chi-3,f-lig-Z-0,f-lig-Z-1,f-lig-Z-2,f-lig-Z-3,f-lig-I-0,f-lig-I-1,f-lig-I-2,f-lig-I-3,f-lig-T-0,f-lig-T-1,f-lig-T-2,f-lig-T-3,f-lig-S-0,f-lig-S-1,f-lig-S-2,f-lig-S-3,name
210.4366,421.61699999999996,686.4424,763.9532,898.0,1824.0,2668.0,3254.0,30.0,62.0,100.0,112.0,162.0,386.0,532.0,650.0,12.866999999999999,30.107000000000006,44.28360000000002,52.83040000000002,mof_primitive
127.5593,277.89900000000006,436.1170000000001,459.1882,494.0,1128.0,1522.0,1498.0,20.0,42.0,66.0,70.0,108.0,256.0,338.0,348.0,8.0892,19.727400000000003,27.961000000000006,28.7814,mof_primitive
302.1587999999999,624.138,1035.5644000000002,1135.8790000000004,1248.0,2640.0,3880.0,4792.0,44.0,92.0,152.0,166.0,244.0,580.0,808.0,1030.0,18.31160000000001,43.95160000000001,65.52240000000002,79.82300000000004,mof_primitive
