f-lig-chi-0,f-lig-chi-1,f-lig-chi-2,f-lig-chi-3,f-lig-Z-0,f-lig-Z-1,f-lig-Z-2,f-lig-Z-3,f-lig-I-0,f-lig-I-1,f-lig-I-2,f-lig-I-3,f-lig-T-0,f-lig-T-1,f-lig-T-2,f-lig-T-3,f-lig-S-0,f-lig-S-1,f-lig-S-2,f-lig-S-3,name
262.45619999999997,549.1340000000001,885.3903999999998,1101.7510000000002,1080.0,2288.0,3460.0,4174.0,39.0,82.0,134.0,170.0,216.0,538.0,782.0,966.0,16.378300000000003,39.5034,60.21900000000001,75.00740000000003,mof_primitive
262.45619999999997,549.1340000000001,885.3903999999998,1101.7510000000002,1080.0,2288.0,3460.0,4174.0,39.0,82.0,134.0,170.0,216.0,538.0,782.0,966.0,16.378300000000003,39.5034,60.21900000000001,75.00740000000003,mof_primitive
86.34939999999999,135.20099999999996,169.53039999999993,109.19099999999997,472.0,744.0,928.0,600.0,10.0,18.0,20.0,14.0,38.0,72.0,60.0,48.0,5.688999999999999,10.425800000000002,11.371600000000003,8.054200000000002,mof_primitive
86.34939999999999,135.20099999999996,169.53039999999993,109.19099999999995,472.0,744.0,928.0,600.0,10.0,18.0,20.0,14.0,38.0,72.0,60.0,48.0,5.688999999999999,10.425800000000002,11.371600000000003,8.054200000000002,mof_primitive
