f-lig-chi-0,f-lig-chi-1,f-lig-chi-2,f-lig-chi-3,f-lig-Z-0,f-lig-Z-1,f-lig-Z-2,f-lig-Z-3,f-lig-I-0,f-lig-I-1,f-lig-I-2,f-lig-I-3,f-lig-T-0,f-lig-T-1,f-lig-T-2,f-lig-T-3,f-lig-S-0,f-lig-S-1,f-lig-S-2,f-lig-S-3,name
169.3738,292.8419999999999,461.9707999999999,539.5289999999999,874.0,1512.0,2336.0,2568.0,20.0,40.0,60.0,74.0,100.0,240.0,332.0,378.0,10.466,21.9912,32.1372,37.961,mof_primitive
134.06140000000002,320.68800000000005,646.0632000000002,724.6080000000001,424.0,1152.0,1800.0,1584.0,22.0,48.0,96.0,120.0,144.0,384.0,648.0,672.0,7.450199999999999,20.6976,35.942400000000006,41.2104,mof_primitive
169.3738,292.8419999999999,461.9707999999998,539.5289999999999,874.0,1512.0,2336.0,2568.0,20.0,40.0,60.0,74.0,100.0,240.0,332.0,378.0,10.466,21.9912,32.1372,37.961,mof_primitive
134.06140000000002,320.68800000000005,646.0632000000002,724.6080000000001,424.0,1152.0,1800.0,1584.0,22.0,48.0,96.0,120.0,144.0,384.0,648.0,672.0,7.450199999999999,20.6976,35.942400000000006,41.2104,mof_primitive
169.3738,292.8419999999999,461.9707999999999,539.5289999999999,874.0,1512.0,2336.0,2568.0,20.0,40.0,60.0,74.0,100.0,240.0,332.0,378.0,10.466,21.9912,32.1372,37.961,mof_primitive
134.06140000000002,320.68800000000005,646.0632000000002,724.6080000000001,424.0,1152.0,1800.0,1584.0,22.0,48.0,96.0,120.0,144.0,384.0,648.0,672.0,7.450199999999999,20.6976,35.942400000000006,41.2104,mof_primitive
169.3738,292.8419999999999,461.9707999999998,539.5289999999999,874.0,1512.0,2336.0,2568.0,20.0,40.0,60.0,74.0,100.0,240.0,332.0,378.0,10.466,21.9912,32.1372,37.961,mof_primitive
134.06140000000002,320.68800000000005,646.0632000000002,724.6080000000001,424.0,1152.0,1800.0,1584.0,22.0,48.0,96.0,120.0,144.0,384.0,648.0,672.0,7.450199999999999,20.6976,35.942400000000006,41.2104,mof_primitive
