f-chi-0-all,f-chi-1-all,f-chi-2-all,f-chi-3-all,f-Z-0-all,f-Z-1-all,f-Z-2-all,f-Z-3-all,f-I-0-all,f-I-1-all,f-I-2-all,f-I-3-all,f-T-0-all,f-T-1-all,f-T-2-all,f-T-3-all,f-S-0-all,f-S-1-all,f-S-2-all,f-S-3-all,mc-chi-0-all,mc-chi-1-all,mc-chi-2-all,mc-chi-3-all,mc-Z-0-all,mc-Z-1-all,mc-Z-2-all,mc-Z-3-all,mc-I-0-all,mc-I-1-all,mc-I-2-all,mc-I-3-all,mc-T-0-all,mc-T-1-all,mc-T-2-all,mc-T-3-all,mc-S-0-all,mc-S-1-all,mc-S-2-all,mc-S-3-all,D_mc-chi-0-all,D_mc-chi-1-all,D_mc-chi-2-all,D_mc-chi-3-all,D_mc-Z-0-all,D_mc-Z-1-all,D_mc-Z-2-all,D_mc-Z-3-all,D_mc-I-0-all,D_mc-I-1-all,D_mc-I-2-all,D_mc-I-3-all,D_mc-T-0-all,D_mc-T-1-all,D_mc-T-2-all,D_mc-T-3-all,D_mc-S-0-all,D_mc-S-1-all,D_mc-S-2-all,D_mc-S-3-all,name
251.18939999999992,597.1584,1838.4477999999995,1869.4968000000003,4630.0,11604.0,25024.0,24672.0,30.0,92.0,222.0,244.0,360.0,1332.0,2606.0,2376.0,23.178600000000014,73.56999999999998,152.2734,171.0504,2.4025000000000003,29.791000000000004,33.5265,61.90700000000001,625.0,1062.5,2987.5,2293.75,1.0,6.0,9.0,12.25,37.5,110.0,215.5,174.25,1.9321,5.893599999999999,11.8428,12.430074999999997,0.0,-9.92,-7.68,-20.9525,0.0,107.5,105.5,214.5,0.0,0.0,0.0,0.0,0.0,20.0,19.0,44.0,0.0,4.1,3.9899999999999993,8.084999999999999,mof_primitive
289.03259999999995,654.3904000000001,1735.8526000000002,2215.1016000000004,4732.0,11628.0,25394.0,25864.0,36.0,96.0,212.0,288.0,320.0,1048.0,2172.0,2272.0,24.851200000000016,73.98559999999998,153.59879999999998,186.706,2.4025000000000003,29.791000000000004,33.5265,61.90700000000001,625.0,1062.5,2987.5,2293.75,1.0,6.0,9.0,12.25,37.5,110.0,215.5,174.25,1.9321,5.893599999999999,11.8428,12.430074999999997,0.0,-9.92,-7.68,-20.9525,0.0,107.5,105.5,214.5,0.0,0.0,0.0,0.0,0.0,20.0,19.0,44.0,0.0,4.1,3.9899999999999993,8.084999999999999,mof_primitive
