f-chi-0-all,f-chi-1-all,f-chi-2-all,f-chi-3-all,f-Z-0-all,f-Z-1-all,f-Z-2-all,f-Z-3-all,f-I-0-all,f-I-1-all,f-I-2-all,f-I-3-all,f-T-0-all,f-T-1-all,f-T-2-all,f-T-3-all,f-S-0-all,f-S-1-all,f-S-2-all,f-S-3-all,mc-chi-0-all,mc-chi-1-all,mc-chi-2-all,mc-chi-3-all,mc-Z-0-all,mc-Z-1-all,mc-Z-2-all,mc-Z-3-all,mc-I-0-all,mc-I-1-all,mc-I-2-all,mc-I-3-all,mc-T-0-all,mc-T-1-all,mc-T-2-all,mc-T-3-all,mc-S-0-all,mc-S-1-all,mc-S-2-all,mc-S-3-all,D_mc-chi-0-all,D_mc-chi-1-all,D_mc-chi-2-all,D_mc-chi-3-all,D_mc-Z-0-all,D_mc-Z-1-all,D_mc-Z-2-all,D_mc-Z-3-all,D_mc-I-0-all,D_mc-I-1-all,D_mc-I-2-all,D_mc-I-3-all,D_mc-T-0-all,D_mc-T-1-all,D_mc-T-2-all,D_mc-T-3-all,D_mc-S-0-all,D_mc-S-1-all,D_mc-S-2-all,D_mc-S-3-all,name
253.63809999999992,388.23279999999977,1969.5627999999997,2016.9771999999996,9205.0,23644.0,39952.0,35248.0,30.0,78.0,220.0,264.0,362.0,1390.0,2054.0,1510.0,27.114000000000022,88.35299999999997,170.59419999999992,204.96839999999997,0.7921,28.395449999999997,19.0905,54.6994,3136.0,4872.0,8316.0,8204.0,1.0,10.0,9.0,20.5,100.0,285.0,380.0,505.0,3.8415999999999997,14.925399999999996,18.316200000000002,29.96840000000001,0.0,-23.005000000000003,-13.440000000000001,-43.21499999999999,0.0,473.0,355.5,1001.5,0.0,0.0,0.0,0.0,0.0,71.5,52.0,154.5,0.0,11.985000000000003,8.295,24.890000000000004,mof_primitive
