f-lig-chi-0,f-lig-chi-1,f-lig-chi-2,f-lig-chi-3,f-lig-Z-0,f-lig-Z-1,f-lig-Z-2,f-lig-Z-3,f-lig-I-0,f-lig-I-1,f-lig-I-2,f-lig-I-3,f-lig-T-0,f-lig-T-1,f-lig-T-2,f-lig-T-3,f-lig-S-0,f-lig-S-1,f-lig-S-2,f-lig-S-3,name
311.45349999999996,601.5450000000001,963.9159999999998,1209.9750000000001,1477.0,2868.0,4408.0,4872.0,42.0,88.0,138.0,182.0,226.0,564.0,826.0,966.0,20.197800000000004,46.015200000000014,69.51620000000003,84.49980000000004,mof_primitive
311.45349999999996,601.5450000000001,963.9159999999999,1209.975,1477.0,2868.0,4408.0,4872.0,42.0,88.0,138.0,182.0,226.0,564.0,826.0,966.0,20.197799999999997,46.01520000000002,69.51620000000001,84.49980000000006,mof_primitive
311.45349999999985,601.5450000000004,963.916,1209.975000000001,1477.0,2868.0,4408.0,4872.0,42.0,88.0,138.0,182.0,226.0,564.0,826.0,966.0,20.19780000000002,46.015200000000014,69.51620000000001,84.49980000000004,mof_primitive
311.4534999999999,601.5450000000003,963.916,1209.9750000000001,1477.0,2868.0,4408.0,4872.0,42.0,88.0,138.0,182.0,226.0,564.0,826.0,966.0,20.19780000000001,46.01520000000002,69.5162,84.49980000000005,mof_primitive
311.45349999999996,601.5450000000001,963.9159999999998,1209.9750000000001,1477.0,2868.0,4408.0,4872.0,42.0,88.0,138.0,182.0,226.0,564.0,826.0,966.0,20.1978,46.015200000000014,69.51620000000003,84.49980000000004,mof_primitive
311.45349999999996,601.5450000000002,963.9159999999998,1209.9750000000004,1477.0,2868.0,4408.0,4872.0,42.0,88.0,138.0,182.0,226.0,564.0,826.0,966.0,20.197800000000004,46.015200000000014,69.51620000000003,84.49980000000004,mof_primitive
311.45349999999996,601.545,963.9159999999999,1209.975,1477.0,2868.0,4408.0,4872.0,42.0,88.0,138.0,182.0,226.0,564.0,826.0,966.0,20.1978,46.015200000000014,69.51620000000003,84.49980000000004,mof_primitive
311.4534999999999,601.5450000000001,963.9159999999999,1209.9750000000006,1477.0,2868.0,4408.0,4872.0,42.0,88.0,138.0,182.0,226.0,564.0,826.0,966.0,20.197800000000008,46.01520000000002,69.5162,84.49980000000005,mof_primitive
