f-lig-chi-0,f-lig-chi-1,f-lig-chi-2,f-lig-chi-3,f-lig-Z-0,f-lig-Z-1,f-lig-Z-2,f-lig-Z-3,f-lig-I-0,f-lig-I-1,f-lig-I-2,f-lig-I-3,f-lig-T-0,f-lig-T-1,f-lig-T-2,f-lig-T-3,f-lig-S-0,f-lig-S-1,f-lig-S-2,f-lig-S-3,name
225.78439999999998,481.491,784.0803999999997,1006.292,986.0,2160.0,3328.0,3752.0,34.0,74.0,120.0,160.0,194.0,498.0,760.0,896.0,15.358600000000001,37.46820000000001,58.34160000000002,71.0112,mof_primitive
225.78439999999998,481.491,784.0803999999997,1006.292,986.0,2160.0,3328.0,3752.0,34.0,74.0,120.0,160.0,194.0,498.0,760.0,896.0,15.358600000000001,37.46820000000001,58.34160000000002,71.0112,mof_primitive
225.78439999999998,481.491,784.0803999999996,1006.2919999999999,986.0,2160.0,3328.0,3752.0,34.0,74.0,120.0,160.0,194.0,498.0,760.0,896.0,15.358600000000003,37.46820000000001,58.341600000000014,71.01120000000002,mof_primitive
225.78439999999998,481.491,784.0803999999996,1006.2919999999999,986.0,2160.0,3328.0,3752.0,34.0,74.0,120.0,160.0,194.0,498.0,760.0,896.0,15.358600000000003,37.46820000000001,58.341600000000014,71.01120000000002,mof_primitive
