f-chi-0-all,f-chi-1-all,f-chi-2-all,f-chi-3-all,f-Z-0-all,f-Z-1-all,f-Z-2-all,f-Z-3-all,f-I-0-all,f-I-1-all,f-I-2-all,f-I-3-all,f-T-0-all,f-T-1-all,f-T-2-all,f-T-3-all,f-S-0-all,f-S-1-all,f-S-2-all,f-S-3-all,mc-chi-0-all,mc-chi-1-all,mc-chi-2-all,mc-chi-3-all,mc-Z-0-all,mc-Z-1-all,mc-Z-2-all,mc-Z-3-all,mc-I-0-all,mc-I-1-all,mc-I-2-all,mc-I-3-all,mc-T-0-all,mc-T-1-all,mc-T-2-all,mc-T-3-all,mc-S-0-all,mc-S-1-all,mc-S-2-all,mc-S-3-all,D_mc-chi-0-all,D_mc-chi-1-all,D_mc-chi-2-all,D_mc-chi-3-all,D_mc-Z-0-all,D_mc-Z-1-all,D_mc-Z-2-all,D_mc-Z-3-all,D_mc-I-0-all,D_mc-I-1-all,D_mc-I-2-all,D_mc-I-3-all,D_mc-T-0-all,D_mc-T-1-all,D_mc-T-2-all,D_mc-T-3-all,D_mc-S-0-all,D_mc-S-1-all,D_mc-S-2-all,D_mc-S-3-all,name
100.8281,178.7424,336.78880000000004,317.4432,2841.0,3840.0,4236.0,3168.0,12.0,28.0,40.0,40.0,76.0,206.0,258.0,178.0,9.5283,23.1556,31.987799999999993,26.1924,1.9082499999999998,18.9802,13.39895,27.81615,1156.5,906.0,742.5,1312.5,1.0,4.0,4.25,6.75,16.5,41.0,56.0,61.75,1.97965,4.129975,5.527725,7.149099999999999,0.0,-8.2425,-3.6825,-11.049999999999999,0.0,81.25,80.25,141.5,0.0,0.0,0.0,0.0,0.0,6.5,3.75,12.0,0.0,2.7375000000000003,2.12,4.4825,mof_primitive
100.82809999999999,183.62719999999996,331.79079999999993,312.5583999999999,2841.0,4560.0,4200.0,2448.0,12.0,28.0,38.0,40.0,78.0,214.0,246.0,166.0,9.5283,23.3746,29.939599999999995,25.973399999999998,1.9082499999999998,18.9802,13.39895,27.81615,1156.5,906.0,742.5,1312.5,1.0,4.0,4.25,6.75,16.5,41.0,56.0,61.75,1.97965,4.129975,5.527725,7.149099999999999,0.0,-8.2425,-3.6825,-11.049999999999999,0.0,81.25,80.25,141.5,0.0,0.0,0.0,0.0,0.0,6.5,3.75,12.0,0.0,2.7375000000000003,2.12,4.4825,mof_primitive
