f-chi-0-all,f-chi-1-all,f-chi-2-all,f-chi-3-all,f-Z-0-all,f-Z-1-all,f-Z-2-all,f-Z-3-all,f-I-0-all,f-I-1-all,f-I-2-all,f-I-3-all,f-T-0-all,f-T-1-all,f-T-2-all,f-T-3-all,f-S-0-all,f-S-1-all,f-S-2-all,f-S-3-all,mc-chi-0-all,mc-chi-1-all,mc-chi-2-all,mc-chi-3-all,mc-Z-0-all,mc-Z-1-all,mc-Z-2-all,mc-Z-3-all,mc-I-0-all,mc-I-1-all,mc-I-2-all,mc-I-3-all,mc-T-0-all,mc-T-1-all,mc-T-2-all,mc-T-3-all,mc-S-0-all,mc-S-1-all,mc-S-2-all,mc-S-3-all,D_mc-chi-0-all,D_mc-chi-1-all,D_mc-chi-2-all,D_mc-chi-3-all,D_mc-Z-0-all,D_mc-Z-1-all,D_mc-Z-2-all,D_mc-Z-3-all,D_mc-I-0-all,D_mc-I-1-all,D_mc-I-2-all,D_mc-I-3-all,D_mc-T-0-all,D_mc-T-1-all,D_mc-T-2-all,D_mc-T-3-all,D_mc-S-0-all,D_mc-S-1-all,D_mc-S-2-all,D_mc-S-3-all,name
331.8385999999999,653.1872000000001,1424.489199999999,1728.2559999999999,15536.0,21888.0,47872.0,37632.0,38.0,92.0,160.0,224.0,260.0,720.0,1144.0,1368.0,30.91520000000003,78.66480000000001,134.2756000000001,167.37440000000007,2.8560999999999996,25.19226666666667,22.9502,63.74680000000001,2304.0,1664.0,5760.0,4224.0,1.0,4.333333333333333,6.0,12.0,19.0,46.666666666666664,89.33333333333333,123.66666666666667,2.1904,4.681733333333334,8.9392,13.201600000000001,0.0,-7.583333333333333,-3.439999999999999,-17.439999999999998,0.0,173.33333333333334,168.0,488.0,0.0,0.0,0.0,0.0,0.0,8.333333333333334,5.333333333333333,23.0,0.0,3.25,2.84,8.840000000000002,mof_primitive
