f-lig-chi-0,f-lig-chi-1,f-lig-chi-2,f-lig-chi-3,f-lig-Z-0,f-lig-Z-1,f-lig-Z-2,f-lig-Z-3,f-lig-I-0,f-lig-I-1,f-lig-I-2,f-lig-I-3,f-lig-T-0,f-lig-T-1,f-lig-T-2,f-lig-T-3,f-lig-S-0,f-lig-S-1,f-lig-S-2,f-lig-S-3,name
205.02169999999995,363.33379999999994,545.5119999999998,662.8499999999998,1064.0,1868.0,2836.0,3306.0,23.0,46.0,68.0,86.0,114.0,274.0,384.0,470.0,12.063899999999999,25.2174,37.129999999999995,45.80140000000002,mof_primitive
190.09439999999995,394.02599999999995,635.1604,799.9769999999999,840.0,1776.0,2704.0,3108.0,28.0,60.0,96.0,126.0,156.0,396.0,592.0,702.0,12.7132,30.39960000000001,46.57600000000001,56.42060000000002,mof_primitive
118.71439999999998,219.096,337.3204,385.387,548.0,1008.0,1456.0,1420.0,16.0,32.0,48.0,58.0,80.0,192.0,256.0,250.0,7.4224000000000006,16.2624,23.044800000000002,24.6794,mof_primitive
176.95289999999997,317.21939999999995,478.18879999999984,575.5379999999999,888.0,1572.0,2372.0,2634.0,21.0,42.0,62.0,78.0,104.0,250.0,346.0,398.0,10.5725,22.442200000000003,32.645399999999995,38.96380000000002,mof_primitive
118.71440000000001,219.096,337.32040000000006,385.387,548.0,1008.0,1456.0,1420.0,16.0,32.0,48.0,58.0,80.0,192.0,256.0,250.0,7.4224,16.262400000000003,23.044800000000002,24.679399999999994,mof_primitive
118.71440000000001,219.096,337.32040000000006,385.387,548.0,1008.0,1456.0,1420.0,16.0,32.0,48.0,58.0,80.0,192.0,256.0,250.0,7.4224,16.262400000000003,23.044800000000002,24.679399999999994,mof_primitive
