f-lig-chi-0,f-lig-chi-1,f-lig-chi-2,f-lig-chi-3,f-lig-Z-0,f-lig-Z-1,f-lig-Z-2,f-lig-Z-3,f-lig-I-0,f-lig-I-1,f-lig-I-2,f-lig-I-3,f-lig-T-0,f-lig-T-1,f-lig-T-2,f-lig-T-3,f-lig-S-0,f-lig-S-1,f-lig-S-2,f-lig-S-3,name
174.9885,348.78900000000004,544.0004,647.7959999999998,780.0,1572.0,2276.0,2358.0,25.0,52.0,80.0,100.0,132.0,324.0,456.0,494.0,11.360100000000001,26.21080000000001,38.23040000000001,43.34480000000001,mof_primitive
174.9885,348.78900000000004,544.0004,647.7959999999998,780.0,1572.0,2276.0,2358.0,25.0,52.0,80.0,100.0,132.0,324.0,456.0,494.0,11.360100000000001,26.21080000000001,38.23040000000001,43.34480000000001,mof_primitive
174.98850000000002,348.78900000000004,544.0003999999999,647.7959999999999,780.0,1572.0,2276.0,2358.0,25.0,52.0,80.0,100.0,132.0,324.0,456.0,494.0,11.3601,26.210800000000003,38.2304,43.34480000000001,mof_primitive
174.9885,348.78900000000004,544.0004,647.796,780.0,1572.0,2276.0,2358.0,25.0,52.0,80.0,100.0,132.0,324.0,456.0,494.0,11.360100000000006,26.210800000000013,38.230399999999996,43.344800000000006,mof_primitive
