f-lig-chi-0,f-lig-chi-1,f-lig-chi-2,f-lig-chi-3,f-lig-Z-0,f-lig-Z-1,f-lig-Z-2,f-lig-Z-3,f-lig-I-0,f-lig-I-1,f-lig-I-2,f-lig-I-3,f-lig-T-0,f-lig-T-1,f-lig-T-2,f-lig-T-3,f-lig-S-0,f-lig-S-1,f-lig-S-2,f-lig-S-3,name
187.5968,411.0600000000001,639.364,788.1812000000001,749.0,1716.0,2404.0,2486.0,30.0,64.0,100.0,126.0,164.0,408.0,572.0,594.0,12.6502,30.98480000000001,45.400400000000026,50.280600000000014,mof_primitive
177.0894,355.011,557.1304000000001,682.4419999999998,768.0,1560.0,2272.0,2360.0,26.0,54.0,84.0,108.0,138.0,342.0,484.0,524.0,11.527400000000004,26.84220000000001,39.46120000000001,45.1084,mof_primitive
187.5968,411.0600000000001,639.364,788.1812000000002,749.0,1716.0,2404.0,2486.0,30.0,64.0,100.0,126.0,164.0,408.0,572.0,594.0,12.650200000000002,30.98480000000001,45.40040000000001,50.280600000000014,mof_primitive
177.08939999999998,355.0110000000001,557.1304000000001,682.4419999999998,768.0,1560.0,2272.0,2360.0,26.0,54.0,84.0,108.0,138.0,342.0,484.0,524.0,11.527400000000002,26.84220000000001,39.461200000000005,45.108399999999996,mof_primitive
187.59680000000003,411.06000000000023,639.3640000000003,788.1812000000001,749.0,1716.0,2404.0,2486.0,30.0,64.0,100.0,126.0,164.0,408.0,572.0,594.0,12.650200000000009,30.98480000000001,45.40040000000001,50.28059999999999,mof_primitive
187.5968,411.0600000000001,639.364,788.1812000000001,749.0,1716.0,2404.0,2486.0,30.0,64.0,100.0,126.0,164.0,408.0,572.0,594.0,12.650200000000002,30.98480000000001,45.40040000000002,50.280600000000014,mof_primitive
