f-lig-chi-0,f-lig-chi-1,f-lig-chi-2,f-lig-chi-3,f-lig-Z-0,f-lig-Z-1,f-lig-Z-2,f-lig-Z-3,f-lig-I-0,f-lig-I-1,f-lig-I-2,f-lig-I-3,f-lig-T-0,f-lig-T-1,f-lig-T-2,f-lig-T-3,f-lig-S-0,f-lig-S-1,f-lig-S-2,f-lig-S-3,name
187.41859999999994,374.2269999999999,722.3003999999999,1130.6729999999998,980.0,1612.0,2846.0,3910.0,27.0,56.0,110.0,176.0,166.0,468.0,794.0,900.0,11.0795,26.4276,47.604200000000006,68.4424,mof_primitive
129.3766,223.001,307.02639999999997,363.3774,604.0,992.0,1384.0,1308.0,16.0,30.0,40.0,48.0,70.0,158.0,184.0,180.0,7.302399999999998,14.894200000000001,19.287200000000006,20.248000000000005,mof_primitive
110.855,184.97699999999998,269.0823999999999,288.4246,764.0,984.0,1408.0,1478.0,14.0,26.0,36.0,40.0,62.0,138.0,148.0,128.0,7.0798,13.659800000000002,17.8396,17.6792,mof_primitive
122.68860000000002,206.43699999999995,292.95039999999995,334.4246,828.0,1084.0,1588.0,1698.0,15.0,28.0,38.0,44.0,66.0,148.0,166.0,156.0,7.6126999999999985,14.7544,19.5182,20.460400000000003,mof_primitive
116.0006,189.873,278.8744,304.4181999999999,1052.0,1176.0,1792.0,2150.0,14.0,26.0,36.0,40.0,62.0,138.0,148.0,128.0,7.923,14.614600000000001,19.7492,20.8784,mof_primitive
110.855,184.97699999999998,269.08239999999995,288.42460000000005,764.0,984.0,1408.0,1478.0,14.0,26.0,36.0,40.0,62.0,138.0,148.0,128.0,7.0798,13.659800000000004,17.8396,17.679200000000005,mof_primitive
