f-lig-chi-0,f-lig-chi-1,f-lig-chi-2,f-lig-chi-3,f-lig-Z-0,f-lig-Z-1,f-lig-Z-2,f-lig-Z-3,f-lig-I-0,f-lig-I-1,f-lig-I-2,f-lig-I-3,f-lig-T-0,f-lig-T-1,f-lig-T-2,f-lig-T-3,f-lig-S-0,f-lig-S-1,f-lig-S-2,f-lig-S-3,name
112.8501,211.4192,307.8054,320.0628,537.0,980.0,1422.0,1260.0,14.0,28.0,40.0,42.0,68.0,160.0,208.0,170.0,6.6318,14.34,19.950000000000003,18.6274,mof_primitive
108.01010000000001,196.28319999999997,296.58539999999994,293.7068,536.0,964.0,1410.0,1232.0,13.0,26.0,38.0,38.0,64.0,150.0,194.0,150.0,6.4948999999999995,13.799800000000005,19.380199999999995,17.517400000000002,mof_primitive
103.17009999999999,182.9072,271.9894,260.04679999999996,535.0,950.0,1384.0,1196.0,12.0,24.0,34.0,32.0,58.0,134.0,166.0,120.0,6.3580000000000005,13.244800000000005,18.255399999999998,15.807999999999998,mof_primitive
112.85010000000001,211.4192,307.80539999999996,320.06280000000004,537.0,980.0,1422.0,1260.0,14.0,28.0,40.0,42.0,68.0,160.0,208.0,170.0,6.631799999999998,14.340000000000003,19.950000000000003,18.6274,mof_primitive
108.01010000000001,196.28319999999997,296.58539999999994,293.70680000000004,536.0,964.0,1410.0,1232.0,13.0,26.0,38.0,38.0,64.0,150.0,194.0,150.0,6.494899999999999,13.799800000000005,19.380200000000002,17.517400000000002,mof_primitive
103.1701,182.9072,271.9894,260.0468,535.0,950.0,1384.0,1196.0,12.0,24.0,34.0,32.0,58.0,134.0,166.0,120.0,6.357999999999999,13.244800000000005,18.2554,15.808,mof_primitive
