f-lig-chi-0,f-lig-chi-1,f-lig-chi-2,f-lig-chi-3,f-lig-Z-0,f-lig-Z-1,f-lig-Z-2,f-lig-Z-3,f-lig-I-0,f-lig-I-1,f-lig-I-2,f-lig-I-3,f-lig-T-0,f-lig-T-1,f-lig-T-2,f-lig-T-3,f-lig-S-0,f-lig-S-1,f-lig-S-2,f-lig-S-3,name
259.5781999999999,467.33379999999994,905.2995999999999,1443.1834000000003,1220.0,2200.0,3940.0,5488.0,30.0,62.0,120.0,194.0,182.0,512.0,876.0,1056.0,13.787799999999997,31.4994,56.94999999999998,84.55380000000001,mof_primitive
116.7098,189.15899999999993,277.4464,307.4978,556.0,888.0,1216.0,1110.0,14.0,26.0,36.0,40.0,62.0,138.0,148.0,128.0,6.603799999999999,13.228600000000002,16.977200000000007,16.2232,mof_primitive
127.7102,198.23699999999997,295.6024,348.90060000000005,636.0,984.0,1408.0,1478.0,14.0,26.0,36.0,40.0,62.0,138.0,148.0,128.0,6.971,13.752200000000002,18.024400000000004,17.991200000000003,mof_primitive
144.7786,235.27339999999992,344.7695999999999,389.04139999999995,732.0,1184.0,1680.0,1614.0,16.0,30.0,42.0,48.0,72.0,162.0,186.0,184.0,8.095199999999998,16.0038,21.461799999999997,22.493600000000004,mof_primitive
144.77859999999998,235.27339999999998,344.7695999999999,396.62420000000003,732.0,1184.0,1680.0,1758.0,16.0,30.0,42.0,48.0,72.0,162.0,186.0,184.0,8.0952,16.0038,21.4618,22.7112,mof_primitive
161.847,272.3098,393.9368,441.9454,828.0,1384.0,1952.0,1954.0,18.0,34.0,48.0,56.0,82.0,186.0,224.0,232.0,9.219399999999998,18.255399999999998,24.899199999999997,27.157600000000002,mof_primitive
