f-lig-chi-0,f-lig-chi-1,f-lig-chi-2,f-lig-chi-3,f-lig-Z-0,f-lig-Z-1,f-lig-Z-2,f-lig-Z-3,f-lig-I-0,f-lig-I-1,f-lig-I-2,f-lig-I-3,f-lig-T-0,f-lig-T-1,f-lig-T-2,f-lig-T-3,f-lig-S-0,f-lig-S-1,f-lig-S-2,f-lig-S-3,name
162.63599999999997,278.5712,504.3011999999999,571.9374,1182.0,2480.0,2988.0,3180.0,20.0,40.0,64.0,78.0,104.0,252.0,336.0,350.0,10.6154,24.1336,35.1292,39.3982,mof_primitive
162.63599999999997,278.5711999999999,507.4691999999999,533.8333999999999,1182.0,2480.0,2952.0,3140.0,20.0,40.0,64.0,74.0,104.0,248.0,336.0,374.0,10.615399999999998,24.133600000000005,34.7,38.377,mof_primitive
162.63599999999997,278.5712,504.3011999999999,571.9374,1182.0,2480.0,2988.0,3180.0,20.0,40.0,64.0,78.0,104.0,252.0,336.0,350.0,10.615399999999998,24.1336,35.129200000000004,39.3982,mof_primitive
162.63600000000002,278.5712,507.4692,533.8334,1182.0,2480.0,2952.0,3140.0,20.0,40.0,64.0,74.0,104.0,248.0,336.0,374.0,10.6154,24.1336,34.7,38.377,mof_primitive
162.63599999999997,278.5712,504.3011999999999,571.9374,1182.0,2480.0,2988.0,3180.0,20.0,40.0,64.0,78.0,104.0,252.0,336.0,350.0,10.6154,24.1336,35.1292,39.3982,mof_primitive
162.63599999999997,278.5711999999999,507.4691999999999,533.8333999999999,1182.0,2480.0,2952.0,3140.0,20.0,40.0,64.0,74.0,104.0,248.0,336.0,374.0,10.615399999999998,24.133600000000005,34.7,38.377,mof_primitive
162.63599999999997,278.5712,504.3011999999999,571.9374,1182.0,2480.0,2988.0,3180.0,20.0,40.0,64.0,78.0,104.0,252.0,336.0,350.0,10.615399999999998,24.1336,35.129200000000004,39.3982,mof_primitive
162.63600000000002,278.5712,507.4692,533.8334,1182.0,2480.0,2952.0,3140.0,20.0,40.0,64.0,74.0,104.0,248.0,336.0,374.0,10.6154,24.1336,34.7,38.376999999999995,mof_primitive
