f-lig-chi-0,f-lig-chi-1,f-lig-chi-2,f-lig-chi-3,f-lig-Z-0,f-lig-Z-1,f-lig-Z-2,f-lig-Z-3,f-lig-I-0,f-lig-I-1,f-lig-I-2,f-lig-I-3,f-lig-T-0,f-lig-T-1,f-lig-T-2,f-lig-T-3,f-lig-S-0,f-lig-S-1,f-lig-S-2,f-lig-S-3,name
118.7144,219.096,337.3204,385.387,548.0,1008.0,1456.0,1420.0,16.0,32.0,48.0,58.0,80.0,192.0,256.0,250.0,7.4224000000000006,16.262400000000003,23.044800000000006,24.679399999999998,mof_primitive
118.7144,219.09599999999995,337.32039999999995,385.38700000000006,548.0,1008.0,1456.0,1420.0,16.0,32.0,48.0,58.0,80.0,192.0,256.0,250.0,7.422399999999999,16.262400000000003,23.044800000000002,24.679400000000008,mof_primitive
185.93390000000002,412.59000000000003,706.3574000000001,806.344,608.0,1464.0,1910.0,1444.0,31.0,64.0,112.0,140.0,176.0,448.0,622.0,592.0,10.9623,27.781600000000005,41.6488,41.708400000000005,mof_primitive
118.71440000000001,219.096,337.3204,385.38699999999994,548.0,1008.0,1456.0,1420.0,16.0,32.0,48.0,58.0,80.0,192.0,256.0,250.0,7.4224,16.262400000000007,23.0448,24.6794,mof_primitive
118.71440000000001,219.096,337.3204,385.38699999999994,548.0,1008.0,1456.0,1420.0,16.0,32.0,48.0,58.0,80.0,192.0,256.0,250.0,7.4224,16.262400000000007,23.0448,24.6794,mof_primitive
185.93390000000002,412.5900000000001,706.3573999999999,806.3439999999998,608.0,1464.0,1910.0,1444.0,31.0,64.0,112.0,140.0,176.0,448.0,622.0,592.0,10.9623,27.78160000000001,41.64880000000001,41.70840000000001,mof_primitive
185.93390000000005,412.59000000000015,706.3573999999999,806.344,608.0,1464.0,1910.0,1444.0,31.0,64.0,112.0,140.0,176.0,448.0,622.0,592.0,10.962300000000013,27.78160000000001,41.64879999999998,41.70840000000001,mof_primitive
185.93390000000005,412.59000000000015,706.3573999999999,806.344,608.0,1464.0,1910.0,1444.0,31.0,64.0,112.0,140.0,176.0,448.0,622.0,592.0,10.962300000000013,27.78160000000001,41.64879999999998,41.70840000000001,mof_primitive
