f-chi-0-all,f-chi-1-all,f-chi-2-all,f-chi-3-all,f-Z-0-all,f-Z-1-all,f-Z-2-all,f-Z-3-all,f-I-0-all,f-I-1-all,f-I-2-all,f-I-3-all,f-T-0-all,f-T-1-all,f-T-2-all,f-T-3-all,f-S-0-all,f-S-1-all,f-S-2-all,f-S-3-all,mc-chi-0-all,mc-chi-1-all,mc-chi-2-all,mc-chi-3-all,mc-Z-0-all,mc-Z-1-all,mc-Z-2-all,mc-Z-3-all,mc-I-0-all,mc-I-1-all,mc-I-2-all,mc-I-3-all,mc-T-0-all,mc-T-1-all,mc-T-2-all,mc-T-3-all,mc-S-0-all,mc-S-1-all,mc-S-2-all,mc-S-3-all,D_mc-chi-0-all,D_mc-chi-1-all,D_mc-chi-2-all,D_mc-chi-3-all,D_mc-Z-0-all,D_mc-Z-1-all,D_mc-Z-2-all,D_mc-Z-3-all,D_mc-I-0-all,D_mc-I-1-all,D_mc-I-2-all,D_mc-I-3-all,D_mc-T-0-all,D_mc-T-1-all,D_mc-T-2-all,D_mc-T-3-all,D_mc-S-0-all,D_mc-S-1-all,D_mc-S-2-all,D_mc-S-3-all,name
614.7396000000001,1176.4800000000002,2282.6315999999997,2860.7040000000006,13968.0,26496.0,38064.0,35712.0,72.0,168.0,264.0,360.0,456.0,1224.0,1644.0,1800.0,54.00719999999993,132.27600000000004,200.56079999999977,240.1992000000003,2.7224999999999997,22.704000000000004,19.552500000000002,43.741499999999995,900.0,960.0,1620.0,1860.0,1.0,4.0,5.0,9.0,16.0,40.0,64.0,92.0,1.7161000000000006,3.8252000000000006,5.750900000000001,8.8687,0.0,-7.1599999999999975,-3.600000000000001,-11.660000000000002,0.0,88.0,96.0,208.0,0.0,0.0,0.0,0.0,0.0,6.0,4.0,13.0,0.0,2.3200000000000003,2.16,5.0200000000000005,mof_primitive
