f-lig-chi-0,f-lig-chi-1,f-lig-chi-2,f-lig-chi-3,f-lig-Z-0,f-lig-Z-1,f-lig-Z-2,f-lig-Z-3,f-lig-I-0,f-lig-I-1,f-lig-I-2,f-lig-I-3,f-lig-T-0,f-lig-T-1,f-lig-T-2,f-lig-T-3,f-lig-S-0,f-lig-S-1,f-lig-S-2,f-lig-S-3,name
319.16909999999996,663.7140000000002,1059.0755999999997,1353.3779999999995,1371.0,2916.0,4344.0,4764.0,48.0,102.0,162.0,216.0,264.0,666.0,978.0,1128.0,21.259200000000003,50.86620000000002,76.84020000000001,92.28720000000001,mof_primitive
359.75179999999995,738.2760000000002,1158.7347999999995,1486.8959999999997,1592.0,3324.0,4840.0,5400.0,53.0,112.0,176.0,236.0,288.0,724.0,1062.0,1250.0,24.133300000000002,56.67200000000003,84.4032,102.82079999999999,mof_primitive
35.009699999999995,46.30799999999999,53.9392,0.0,165.0,204.0,160.0,0.0,4.0,6.0,6.0,0.0,12.0,18.0,6.0,0.0,1.7955999999999999,2.8182,2.1462,0.0,mof_primitive
319.16909999999996,663.7140000000005,1059.0756000000001,1353.3780000000013,1371.0,2916.0,4344.0,4764.0,48.0,102.0,162.0,216.0,264.0,666.0,978.0,1128.0,21.25920000000002,50.86620000000003,76.84020000000002,92.28720000000011,mof_primitive
359.75179999999983,738.2760000000006,1158.7348000000006,1486.8960000000013,1592.0,3324.0,4840.0,5400.0,53.0,112.0,176.0,236.0,288.0,724.0,1062.0,1250.0,24.133300000000023,56.67200000000003,84.40320000000001,102.82080000000008,mof_primitive
35.0097,46.30799999999999,53.9392,0.0,165.0,204.0,160.0,0.0,4.0,6.0,6.0,0.0,12.0,18.0,6.0,0.0,1.7955999999999999,2.8182,2.1462,0.0,mof_primitive
