f-chi-0-all,f-chi-1-all,f-chi-2-all,f-chi-3-all,f-Z-0-all,f-Z-1-all,f-Z-2-all,f-Z-3-all,f-I-0-all,f-I-1-all,f-I-2-all,f-I-3-all,f-T-0-all,f-T-1-all,f-T-2-all,f-T-3-all,f-S-0-all,f-S-1-all,f-S-2-all,f-S-3-all,mc-chi-0-all,mc-chi-1-all,mc-chi-2-all,mc-chi-3-all,mc-Z-0-all,mc-Z-1-all,mc-Z-2-all,mc-Z-3-all,mc-I-0-all,mc-I-1-all,mc-I-2-all,mc-I-3-all,mc-T-0-all,mc-T-1-all,mc-T-2-all,mc-T-3-all,mc-S-0-all,mc-S-1-all,mc-S-2-all,mc-S-3-all,D_mc-chi-0-all,D_mc-chi-1-all,D_mc-chi-2-all,D_mc-chi-3-all,D_mc-Z-0-all,D_mc-Z-1-all,D_mc-Z-2-all,D_mc-Z-3-all,D_mc-I-0-all,D_mc-I-1-all,D_mc-I-2-all,D_mc-I-3-all,D_mc-T-0-all,D_mc-T-1-all,D_mc-T-2-all,D_mc-T-3-all,D_mc-S-0-all,D_mc-S-1-all,D_mc-S-2-all,D_mc-S-3-all,name
251.83499999999992,415.41439999999983,849.3976,1173.7279999999998,4572.0,9440.0,15916.0,16064.0,32.0,72.0,116.0,168.0,196.0,536.0,792.0,904.0,33.374000000000024,71.10199999999999,126.27800000000005,137.0648,1.4924399999999998,14.723199999999997,12.80656,36.666399999999996,576.6,688.0,1344.4,1669.0,1.0,3.6,5.2,10.2,13.2,33.6,60.4,89.4,2.9914,4.391680000000001,9.25008,12.4755,0.0,-8.104,-4.899999999999999,-19.823999999999998,0.0,57.2,64.4,168.6,0.0,0.0,0.0,0.0,0.0,4.0,2.4,12.4,0.0,3.3880000000000003,3.2439999999999998,9.912,mof_primitive
106.90899999999998,167.59679999999997,285.5839999999999,337.8767999999999,1825.0,3408.0,4544.0,3504.0,13.0,26.0,36.0,44.0,62.0,148.0,188.0,162.0,11.7196,22.980400000000003,32.918000000000006,31.521400000000003,1.4924399999999998,14.723199999999997,12.80656,36.666399999999996,576.6,688.0,1344.4,1669.0,1.0,3.6,5.2,10.2,13.2,33.6,60.4,89.4,2.9914,4.391680000000001,9.25008,12.4755,0.0,-8.104,-4.899999999999999,-19.823999999999998,0.0,57.2,64.4,168.6,0.0,0.0,0.0,0.0,0.0,4.0,2.4,12.4,0.0,3.3880000000000003,3.2439999999999998,9.912,mof_primitive
106.90899999999999,167.59679999999994,285.58399999999995,337.87679999999995,1825.0,3408.0,4544.0,3504.0,13.0,26.0,36.0,44.0,62.0,148.0,188.0,162.0,11.719599999999998,22.980400000000007,32.918000000000006,31.5214,1.4924399999999998,14.723199999999997,12.80656,36.666399999999996,576.6,688.0,1344.4,1669.0,1.0,3.6,5.2,10.2,13.2,33.6,60.4,89.4,2.9914,4.391680000000001,9.25008,12.4755,0.0,-8.104,-4.899999999999999,-19.823999999999998,0.0,57.2,64.4,168.6,0.0,0.0,0.0,0.0,0.0,4.0,2.4,12.4,0.0,3.3880000000000003,3.2439999999999998,9.912,mof_primitive
