f-lig-chi-0,f-lig-chi-1,f-lig-chi-2,f-lig-chi-3,f-lig-Z-0,f-lig-Z-1,f-lig-Z-2,f-lig-Z-3,f-lig-I-0,f-lig-I-1,f-lig-I-2,f-lig-I-3,f-lig-T-0,f-lig-T-1,f-lig-T-2,f-lig-T-3,f-lig-S-0,f-lig-S-1,f-lig-S-2,f-lig-S-3,name
137.05050000000003,249.64499999999998,384.7904,449.80999999999995,648.0,1176.0,1700.0,1826.0,18.0,36.0,54.0,66.0,90.0,216.0,294.0,314.0,8.5482,18.57240000000001,26.511000000000003,30.2114,mof_primitive
137.0505,249.64499999999995,384.7903999999999,449.80999999999995,648.0,1176.0,1700.0,1826.0,18.0,36.0,54.0,66.0,90.0,216.0,294.0,314.0,8.5482,18.572400000000005,26.510999999999996,30.2114,mof_primitive
191.07659999999996,367.659,581.1804000000001,721.5279999999998,894.0,1728.0,2568.0,3076.0,26.0,54.0,84.0,108.0,138.0,342.0,500.0,604.0,12.319400000000003,27.951000000000015,41.7428,51.61400000000001,mof_primitive
146.7832,265.21040000000005,404.6436,472.11099999999993,724.0,1304.0,1920.0,2032.0,18.0,36.0,54.0,66.0,90.0,216.0,294.0,314.0,8.9138,19.037600000000005,27.529400000000003,31.212999999999994,mof_primitive
146.7832,265.21040000000005,404.64359999999994,472.11099999999993,724.0,1304.0,1920.0,2032.0,18.0,36.0,54.0,66.0,90.0,216.0,294.0,314.0,8.9138,19.037600000000005,27.5294,31.212999999999994,mof_primitive
174.85199999999998,311.3248000000001,471.9667999999999,560.2461999999998,900.0,1600.0,2384.0,2716.0,20.0,40.0,60.0,74.0,100.0,240.0,332.0,386.0,10.405199999999999,21.8128,32.013999999999996,38.03540000000001,mof_primitive
