f-lig-chi-0,f-lig-chi-1,f-lig-chi-2,f-lig-chi-3,f-lig-Z-0,f-lig-Z-1,f-lig-Z-2,f-lig-Z-3,f-lig-I-0,f-lig-I-1,f-lig-I-2,f-lig-I-3,f-lig-T-0,f-lig-T-1,f-lig-T-2,f-lig-T-3,f-lig-S-0,f-lig-S-1,f-lig-S-2,f-lig-S-3,name
140.5643,299.37,454.31299999999993,529.6740000000001,566.0,1248.0,1664.0,1692.0,22.0,46.0,70.0,84.0,116.0,282.0,382.0,376.0,9.275000000000002,22.160600000000006,31.341400000000007,33.43639999999999,mof_primitive
140.5643,299.37,454.31299999999993,529.6740000000001,566.0,1248.0,1664.0,1692.0,22.0,46.0,70.0,84.0,116.0,282.0,382.0,376.0,9.275000000000002,22.160600000000006,31.341400000000007,33.43639999999999,mof_primitive
140.5643,299.37,454.31299999999993,529.6740000000001,566.0,1248.0,1664.0,1692.0,22.0,46.0,70.0,84.0,116.0,282.0,382.0,376.0,9.275000000000002,22.160600000000006,31.341400000000007,33.43639999999999,mof_primitive
140.5643,299.37,454.31299999999993,529.6740000000001,566.0,1248.0,1664.0,1692.0,22.0,46.0,70.0,84.0,116.0,282.0,382.0,376.0,9.275,22.160600000000006,31.3414,33.4364,mof_primitive
140.5643,299.37,454.31299999999993,529.6740000000001,566.0,1248.0,1664.0,1692.0,22.0,46.0,70.0,84.0,116.0,282.0,382.0,376.0,9.275,22.160600000000006,31.3414,33.4364,mof_primitive
140.5643,299.37,454.31299999999993,529.6740000000001,566.0,1248.0,1664.0,1692.0,22.0,46.0,70.0,84.0,116.0,282.0,382.0,376.0,9.275000000000002,22.160600000000006,31.341400000000007,33.43639999999999,mof_primitive
