f-chi-0-all,f-chi-1-all,f-chi-2-all,f-chi-3-all,f-Z-0-all,f-Z-1-all,f-Z-2-all,f-Z-3-all,f-I-0-all,f-I-1-all,f-I-2-all,f-I-3-all,f-T-0-all,f-T-1-all,f-T-2-all,f-T-3-all,f-S-0-all,f-S-1-all,f-S-2-all,f-S-3-all,mc-chi-0-all,mc-chi-1-all,mc-chi-2-all,mc-chi-3-all,mc-Z-0-all,mc-Z-1-all,mc-Z-2-all,mc-Z-3-all,mc-I-0-all,mc-I-1-all,mc-I-2-all,mc-I-3-all,mc-T-0-all,mc-T-1-all,mc-T-2-all,mc-T-3-all,mc-S-0-all,mc-S-1-all,mc-S-2-all,mc-S-3-all,D_mc-chi-0-all,D_mc-chi-1-all,D_mc-chi-2-all,D_mc-chi-3-all,D_mc-Z-0-all,D_mc-Z-1-all,D_mc-Z-2-all,D_mc-Z-3-all,D_mc-I-0-all,D_mc-I-1-all,D_mc-I-2-all,D_mc-I-3-all,D_mc-T-0-all,D_mc-T-1-all,D_mc-T-2-all,D_mc-T-3-all,D_mc-S-0-all,D_mc-S-1-all,D_mc-S-2-all,D_mc-S-3-all,name
168.16879999999998,315.409,583.444,691.5789999999998,2534.0,4756.0,5068.0,5788.0,22.0,46.0,74.0,96.0,120.0,290.0,368.0,414.0,12.0742,28.8694,39.8142,48.414,2.7224999999999997,22.703999999999997,18.644999999999996,40.32599999999999,900.0,960.0,735.0,1590.0,1.0,4.0,4.5,8.5,16.0,34.0,52.0,80.0,1.7161000000000002,3.8252,4.277150000000001,7.86655,0.0,-7.16,-3.875,-10.415000000000003,0.0,88.0,110.5,202.0,0.0,0.0,0.0,0.0,0.0,7.5,5.0,14.0,0.0,2.3200000000000003,2.63,5.130000000000001,mof_primitive
168.16879999999998,315.409,583.4440000000001,691.5789999999997,2534.0,4756.0,5068.0,5788.0,22.0,46.0,74.0,96.0,120.0,290.0,368.0,414.0,12.0742,28.8694,39.8142,48.414000000000016,2.7224999999999997,22.703999999999997,18.644999999999996,40.32599999999999,900.0,960.0,735.0,1590.0,1.0,4.0,4.5,8.5,16.0,34.0,52.0,80.0,1.7161000000000002,3.8252,4.277150000000001,7.86655,0.0,-7.16,-3.875,-10.415000000000003,0.0,88.0,110.5,202.0,0.0,0.0,0.0,0.0,0.0,7.5,5.0,14.0,0.0,2.3200000000000003,2.63,5.130000000000001,mof_primitive
