f-chi-0-all,f-chi-1-all,f-chi-2-all,f-chi-3-all,f-Z-0-all,f-Z-1-all,f-Z-2-all,f-Z-3-all,f-I-0-all,f-I-1-all,f-I-2-all,f-I-3-all,f-T-0-all,f-T-1-all,f-T-2-all,f-T-3-all,f-S-0-all,f-S-1-all,f-S-2-all,f-S-3-all,mc-chi-0-all,mc-chi-1-all,mc-chi-2-all,mc-chi-3-all,mc-Z-0-all,mc-Z-1-all,mc-Z-2-all,mc-Z-3-all,mc-I-0-all,mc-I-1-all,mc-I-2-all,mc-I-3-all,mc-T-0-all,mc-T-1-all,mc-T-2-all,mc-T-3-all,mc-S-0-all,mc-S-1-all,mc-S-2-all,mc-S-3-all,D_mc-chi-0-all,D_mc-chi-1-all,D_mc-chi-2-all,D_mc-chi-3-all,D_mc-Z-0-all,D_mc-Z-1-all,D_mc-Z-2-all,D_mc-Z-3-all,D_mc-I-0-all,D_mc-I-1-all,D_mc-I-2-all,D_mc-I-3-all,D_mc-T-0-all,D_mc-T-1-all,D_mc-T-2-all,D_mc-T-3-all,D_mc-S-0-all,D_mc-S-1-all,D_mc-S-2-all,D_mc-S-3-all,name
352.6496999999998,688.2751999999997,1703.5004000000001,1962.4512000000007,13360.0,22080.0,39168.0,36096.0,39.0,96.0,178.0,248.0,290.0,828.0,1334.0,1580.0,29.790600000000026,80.91319999999999,134.811,176.71839999999997,2.856099999999999,31.39344,23.531560000000002,64.30788,2304.0,2073.6,4953.6,4262.4,1.0,5.4,6.0,12.2,29.8,70.8,124.2,164.2,2.1904,5.83416,8.51888,13.441360000000003,0.0,-9.45,-3.783999999999998,-17.433999999999997,0.0,216.0,184.8,496.8,0.0,0.0,0.0,0.0,0.0,17.0,11.4,38.6,0.0,4.05,3.1239999999999997,8.974,mof_primitive
352.6496999999998,711.5295999999996,1798.1692,1974.284800000001,13360.0,23616.0,39680.0,34752.0,39.0,100.0,186.0,248.0,318.0,956.0,1482.0,1660.0,29.790600000000026,85.23479999999999,139.07420000000005,174.6452,2.856099999999999,31.39344,23.531560000000002,64.30788,2304.0,2073.6,4953.6,4262.4,1.0,5.4,6.0,12.2,29.8,70.8,124.2,164.2,2.1904,5.83416,8.51888,13.441360000000003,0.0,-9.45,-3.783999999999998,-17.433999999999997,0.0,216.0,184.8,496.8,0.0,0.0,0.0,0.0,0.0,17.0,11.4,38.6,0.0,4.05,3.1239999999999997,8.974,mof_primitive
