f-lig-chi-0,f-lig-chi-1,f-lig-chi-2,f-lig-chi-3,f-lig-Z-0,f-lig-Z-1,f-lig-Z-2,f-lig-Z-3,f-lig-I-0,f-lig-I-1,f-lig-I-2,f-lig-I-3,f-lig-T-0,f-lig-T-1,f-lig-T-2,f-lig-T-3,f-lig-S-0,f-lig-S-1,f-lig-S-2,f-lig-S-3,name
344.31659999999994,768.2930000000005,1211.0000000000002,1597.7280000000005,1902.0,3536.0,5408.0,6332.0,54.0,118.0,188.0,252.0,306.0,782.0,1180.0,1424.0,24.402200000000015,59.24620000000003,91.44759999999998,113.36359999999996,mof_primitive
