f-chi-0-all,f-chi-1-all,f-chi-2-all,f-chi-3-all,f-Z-0-all,f-Z-1-all,f-Z-2-all,f-Z-3-all,f-I-0-all,f-I-1-all,f-I-2-all,f-I-3-all,f-T-0-all,f-T-1-all,f-T-2-all,f-T-3-all,f-S-0-all,f-S-1-all,f-S-2-all,f-S-3-all,mc-chi-0-all,mc-chi-1-all,mc-chi-2-all,mc-chi-3-all,mc-Z-0-all,mc-Z-1-all,mc-Z-2-all,mc-Z-3-all,mc-I-0-all,mc-I-1-all,mc-I-2-all,mc-I-3-all,mc-T-0-all,mc-T-1-all,mc-T-2-all,mc-T-3-all,mc-S-0-all,mc-S-1-all,mc-S-2-all,mc-S-3-all,D_mc-chi-0-all,D_mc-chi-1-all,D_mc-chi-2-all,D_mc-chi-3-all,D_mc-Z-0-all,D_mc-Z-1-all,D_mc-Z-2-all,D_mc-Z-3-all,D_mc-I-0-all,D_mc-I-1-all,D_mc-I-2-all,D_mc-I-3-all,D_mc-T-0-all,D_mc-T-1-all,D_mc-T-2-all,D_mc-T-3-all,D_mc-S-0-all,D_mc-S-1-all,D_mc-S-2-all,D_mc-S-3-all,name
285.51509999999985,543.7539999999998,2084.0380000000005,1378.4999999999998,10878.0,23128.0,26344.0,20448.0,33.0,92.0,224.0,188.0,400.0,1448.0,1686.0,1192.0,24.18790000000002,82.61479999999999,145.19160000000005,129.57520000000005,1.7141666666666666,30.83666666666667,15.509999999999998,54.582,3116.6666666666665,3526.6666666666665,3880.0,4300.0,1.0,8.0,5.333333333333333,13.333333333333334,72.0,193.33333333333334,152.0,256.0,2.4536333333333333,9.585466666666667,7.728933333333333,15.004666666666665,0.0,-16.206666666666663,-5.0666666666666655,-21.00666666666666,0.0,413.3333333333333,189.33333333333334,541.3333333333334,0.0,0.0,0.0,0.0,0.0,50.666666666666664,19.333333333333332,57.333333333333336,0.0,7.026666666666667,3.146666666666667,9.906666666666666,mof_primitive
285.51509999999985,543.7539999999998,2084.038000000001,1378.4999999999995,10878.0,23128.0,26344.0,20448.0,33.0,92.0,224.0,188.0,400.0,1448.0,1686.0,1192.0,24.18790000000002,82.61479999999999,145.1916,129.5752,1.7141666666666666,30.83666666666667,15.509999999999998,54.582,3116.6666666666665,3526.6666666666665,3880.0,4300.0,1.0,8.0,5.333333333333333,13.333333333333334,72.0,193.33333333333334,152.0,256.0,2.4536333333333333,9.585466666666667,7.728933333333333,15.004666666666665,0.0,-16.206666666666663,-5.0666666666666655,-21.00666666666666,0.0,413.3333333333333,189.33333333333334,541.3333333333334,0.0,0.0,0.0,0.0,0.0,50.666666666666664,19.333333333333332,57.333333333333336,0.0,7.026666666666667,3.146666666666667,9.906666666666666,mof_primitive
