f-lig-chi-0,f-lig-chi-1,f-lig-chi-2,f-lig-chi-3,f-lig-Z-0,f-lig-Z-1,f-lig-Z-2,f-lig-Z-3,f-lig-I-0,f-lig-I-1,f-lig-I-2,f-lig-I-3,f-lig-T-0,f-lig-T-1,f-lig-T-2,f-lig-T-3,f-lig-S-0,f-lig-S-1,f-lig-S-2,f-lig-S-3,name
402.8737999999999,836.5020000000011,1341.2108000000007,1727.7490000000007,1754.0,3720.0,5600.0,6328.0,60.0,128.0,204.0,274.0,332.0,840.0,1244.0,1474.0,26.886000000000017,64.31040000000003,97.80280000000002,119.677,mof_primitive
122.22820000000002,268.8210000000001,406.22000000000014,458.812,466.0,1080.0,1400.0,1288.0,20.0,42.0,64.0,76.0,106.0,258.0,352.0,360.0,8.149199999999999,19.8506,27.907200000000003,28.971600000000013,mof_primitive
402.8737999999999,836.5020000000011,1341.2108000000007,1727.7490000000007,1754.0,3720.0,5600.0,6328.0,60.0,128.0,204.0,274.0,332.0,840.0,1244.0,1474.0,26.886000000000017,64.31040000000003,97.80280000000002,119.677,mof_primitive
122.22820000000002,268.8210000000001,406.22000000000014,458.812,466.0,1080.0,1400.0,1288.0,20.0,42.0,64.0,76.0,106.0,258.0,352.0,360.0,8.149199999999999,19.8506,27.907200000000003,28.971600000000013,mof_primitive
