f-lig-chi-0,f-lig-chi-1,f-lig-chi-2,f-lig-chi-3,f-lig-Z-0,f-lig-Z-1,f-lig-Z-2,f-lig-Z-3,f-lig-I-0,f-lig-I-1,f-lig-I-2,f-lig-I-3,f-lig-T-0,f-lig-T-1,f-lig-T-2,f-lig-T-3,f-lig-S-0,f-lig-S-1,f-lig-S-2,f-lig-S-3,name
194.7928,440.23199999999997,737.5579999999999,916.634,1104.0,2112.0,2904.0,3416.0,34.0,72.0,124.0,156.0,196.0,488.0,704.0,820.0,13.757600000000002,34.372800000000005,53.17960000000001,62.35640000000001,mof_primitive
194.7928,440.23199999999997,737.5579999999999,916.634,1104.0,2112.0,2904.0,3416.0,34.0,72.0,124.0,156.0,196.0,488.0,704.0,820.0,13.7576,34.372800000000005,53.17960000000001,62.35640000000001,mof_primitive
194.79280000000003,440.2320000000002,737.5579999999999,916.634,1104.0,2112.0,2904.0,3416.0,34.0,72.0,124.0,156.0,196.0,488.0,704.0,820.0,13.757599999999998,34.37280000000001,53.1796,62.35639999999999,mof_primitive
194.7928,440.23199999999997,737.5579999999999,916.634,1104.0,2112.0,2904.0,3416.0,34.0,72.0,124.0,156.0,196.0,488.0,704.0,820.0,13.7576,34.372800000000005,53.17960000000001,62.35640000000001,mof_primitive
