f-chi-0-all,f-chi-1-all,f-chi-2-all,f-chi-3-all,f-Z-0-all,f-Z-1-all,f-Z-2-all,f-Z-3-all,f-I-0-all,f-I-1-all,f-I-2-all,f-I-3-all,f-T-0-all,f-T-1-all,f-T-2-all,f-T-3-all,f-S-0-all,f-S-1-all,f-S-2-all,f-S-3-all,mc-chi-0-all,mc-chi-1-all,mc-chi-2-all,mc-chi-3-all,mc-Z-0-all,mc-Z-1-all,mc-Z-2-all,mc-Z-3-all,mc-I-0-all,mc-I-1-all,mc-I-2-all,mc-I-3-all,mc-T-0-all,mc-T-1-all,mc-T-2-all,mc-T-3-all,mc-S-0-all,mc-S-1-all,mc-S-2-all,mc-S-3-all,D_mc-chi-0-all,D_mc-chi-1-all,D_mc-chi-2-all,D_mc-chi-3-all,D_mc-Z-0-all,D_mc-Z-1-all,D_mc-Z-2-all,D_mc-Z-3-all,D_mc-I-0-all,D_mc-I-1-all,D_mc-I-2-all,D_mc-I-3-all,D_mc-T-0-all,D_mc-T-1-all,D_mc-T-2-all,D_mc-T-3-all,D_mc-S-0-all,D_mc-S-1-all,D_mc-S-2-all,D_mc-S-3-all,name
100.01679999999998,184.91200000000006,287.3416000000001,361.53599999999994,8612.0,17544.0,24964.0,15424.0,16.0,32.0,48.0,56.0,84.0,208.0,244.0,208.0,16.633599999999998,39.28320000000001,56.48320000000001,58.3232,3.61,19.912,22.99,62.623999999999995,841.0,4002.0,1537.0,1856.0,1.0,4.0,5.0,14.0,16.0,40.0,80.0,104.0,1.9043999999999996,6.6792,6.154799999999999,11.150400000000001,0.0,-2.880000000000001,-2.5999999999999996,-6.360000000000005,0.0,-22.0,92.0,342.0,0.0,0.0,0.0,0.0,0.0,6.0,0.0,30.0,0.0,0.6799999999999997,2.4399999999999995,11.239999999999995,mof_primitive
100.01679999999998,184.91200000000003,287.3416000000001,361.53599999999994,8612.0,17544.0,24964.0,15424.0,16.0,32.0,48.0,56.0,84.0,208.0,244.0,208.0,16.633599999999998,39.28320000000001,56.48320000000001,58.3232,3.61,19.912,22.99,62.623999999999995,841.0,4002.0,1537.0,1856.0,1.0,4.0,5.0,14.0,16.0,40.0,80.0,104.0,1.9043999999999996,6.6792,6.154799999999999,11.150400000000001,0.0,-2.880000000000001,-2.5999999999999996,-6.360000000000005,0.0,-22.0,92.0,342.0,0.0,0.0,0.0,0.0,0.0,6.0,0.0,30.0,0.0,0.6799999999999997,2.4399999999999995,11.239999999999995,mof_primitive
