f-lig-chi-0,f-lig-chi-1,f-lig-chi-2,f-lig-chi-3,f-lig-Z-0,f-lig-Z-1,f-lig-Z-2,f-lig-Z-3,f-lig-I-0,f-lig-I-1,f-lig-I-2,f-lig-I-3,f-lig-T-0,f-lig-T-1,f-lig-T-2,f-lig-T-3,f-lig-S-0,f-lig-S-1,f-lig-S-2,f-lig-S-3,name
202.4191,391.88399999999996,619.4555999999999,759.2679999999999,931.0,1812.0,2712.0,2884.0,28.0,58.0,90.0,116.0,148.0,366.0,522.0,580.0,13.0492,29.706600000000005,44.007400000000004,51.429200000000016,mof_primitive
86.0998,190.88440000000006,279.2972,277.59100000000007,367.0,844.0,1130.0,850.0,13.0,28.0,42.0,44.0,70.0,172.0,236.0,188.0,5.7924999999999995,13.954000000000004,19.7282,16.9772,mof_primitive
202.4191,391.88399999999996,619.4555999999999,759.2679999999999,931.0,1812.0,2712.0,2884.0,28.0,58.0,90.0,116.0,148.0,366.0,522.0,580.0,13.0492,29.7066,44.007400000000004,51.429200000000016,mof_primitive
86.0998,190.88440000000006,279.2972,277.591,367.0,844.0,1130.0,850.0,13.0,28.0,42.0,44.0,70.0,172.0,236.0,188.0,5.7924999999999995,13.954000000000004,19.728200000000005,16.9772,mof_primitive
202.4191,391.88399999999996,619.4555999999999,759.268,931.0,1812.0,2712.0,2884.0,28.0,58.0,90.0,116.0,148.0,366.0,522.0,580.0,13.0492,29.706600000000005,44.007400000000004,51.429200000000016,mof_primitive
86.0998,190.88440000000003,279.2972,277.59100000000007,367.0,844.0,1130.0,850.0,13.0,28.0,42.0,44.0,70.0,172.0,236.0,188.0,5.7924999999999995,13.954,19.7282,16.977199999999996,mof_primitive
202.4191,391.88399999999996,619.4556,759.268,931.0,1812.0,2712.0,2884.0,28.0,58.0,90.0,116.0,148.0,366.0,522.0,580.0,13.049199999999999,29.706600000000005,44.00740000000001,51.42920000000001,mof_primitive
86.09979999999999,190.88440000000003,279.2972,277.59100000000007,367.0,844.0,1130.0,850.0,13.0,28.0,42.0,44.0,70.0,172.0,236.0,188.0,5.7925,13.954000000000002,19.728199999999994,16.9772,mof_primitive
