f-lig-chi-0,f-lig-chi-1,f-lig-chi-2,f-lig-chi-3,f-lig-Z-0,f-lig-Z-1,f-lig-Z-2,f-lig-Z-3,f-lig-I-0,f-lig-I-1,f-lig-I-2,f-lig-I-3,f-lig-T-0,f-lig-T-1,f-lig-T-2,f-lig-T-3,f-lig-S-0,f-lig-S-1,f-lig-S-2,f-lig-S-3,name
161.3482,353.9612000000001,532.5854000000002,537.2912,724.0,1634.0,2252.0,2072.0,23.0,50.0,74.0,76.0,124.0,296.0,394.0,364.0,10.6583,25.457000000000008,35.6578,33.790800000000004,mof_primitive
161.3482,353.9612,532.5854000000002,537.2912,724.0,1634.0,2252.0,2072.0,23.0,50.0,74.0,76.0,124.0,296.0,394.0,364.0,10.6583,25.457000000000008,35.6578,33.790800000000004,mof_primitive
161.34820000000002,353.9612000000001,532.5854,537.2912,724.0,1634.0,2252.0,2072.0,23.0,50.0,74.0,76.0,124.0,296.0,394.0,364.0,10.658299999999999,25.457000000000008,35.6578,33.790800000000004,mof_primitive
161.3482,353.9612,532.5854000000002,537.2912,724.0,1634.0,2252.0,2072.0,23.0,50.0,74.0,76.0,124.0,296.0,394.0,364.0,10.6583,25.457000000000008,35.6578,33.790800000000004,mof_primitive
