f-lig-chi-0,f-lig-chi-1,f-lig-chi-2,f-lig-chi-3,f-lig-Z-0,f-lig-Z-1,f-lig-Z-2,f-lig-Z-3,f-lig-I-0,f-lig-I-1,f-lig-I-2,f-lig-I-3,f-lig-T-0,f-lig-T-1,f-lig-T-2,f-lig-T-3,f-lig-S-0,f-lig-S-1,f-lig-S-2,f-lig-S-3,name
548.5870000000001,1140.3379999999993,1813.0772000000002,2574.230999999999,2794.0,5840.0,9272.0,12708.0,74.0,164.0,260.0,370.0,424.0,1108.0,1780.0,2302.0,39.32259999999999,91.20120000000004,143.69479999999996,199.3258000000001,mof_primitive
83.02439999999999,131.63099999999997,188.4004,175.84500000000003,402.0,624.0,832.0,546.0,10.0,18.0,24.0,24.0,42.0,90.0,88.0,64.0,4.777,9.1938,11.2792,9.2568,mof_primitive
49.971399999999996,80.49920000000002,67.9744,49.971399999999996,268.0,434.0,364.0,268.0,6.0,10.0,8.0,6.0,18.0,32.0,24.0,16.0,3.4358000000000004,5.745000000000001,4.5600000000000005,3.4358000000000004,mof_primitive
