f-lig-chi-0,f-lig-chi-1,f-lig-chi-2,f-lig-chi-3,f-lig-Z-0,f-lig-Z-1,f-lig-Z-2,f-lig-Z-3,f-lig-I-0,f-lig-I-1,f-lig-I-2,f-lig-I-3,f-lig-T-0,f-lig-T-1,f-lig-T-2,f-lig-T-3,f-lig-S-0,f-lig-S-1,f-lig-S-2,f-lig-S-3,name
166.04879999999997,289.27199999999993,499.7107999999999,679.1919999999998,804.0,1392.0,2144.0,2392.0,20.0,40.0,68.0,96.0,112.0,304.0,416.0,400.0,9.553999999999998,20.759200000000007,31.95239999999999,39.728000000000016,mof_primitive
166.04879999999997,289.27199999999993,499.7107999999999,679.1919999999998,804.0,1392.0,2144.0,2392.0,20.0,40.0,68.0,96.0,112.0,304.0,416.0,400.0,9.553999999999998,20.759200000000007,31.95239999999999,39.728000000000016,mof_primitive
166.04879999999997,289.27199999999993,499.7107999999999,679.1919999999998,804.0,1392.0,2144.0,2392.0,20.0,40.0,68.0,96.0,112.0,304.0,416.0,400.0,9.553999999999998,20.759200000000007,31.95239999999999,39.728000000000016,mof_primitive
166.04879999999997,289.27199999999993,499.7107999999999,679.1919999999998,804.0,1392.0,2144.0,2392.0,20.0,40.0,68.0,96.0,112.0,304.0,416.0,400.0,9.553999999999998,20.759200000000007,31.95239999999999,39.728000000000016,mof_primitive
