f-chi-0-all,f-chi-1-all,f-chi-2-all,f-chi-3-all,f-Z-0-all,f-Z-1-all,f-Z-2-all,f-Z-3-all,f-I-0-all,f-I-1-all,f-I-2-all,f-I-3-all,f-T-0-all,f-T-1-all,f-T-2-all,f-T-3-all,f-S-0-all,f-S-1-all,f-S-2-all,f-S-3-all,mc-chi-0-all,mc-chi-1-all,mc-chi-2-all,mc-chi-3-all,mc-Z-0-all,mc-Z-1-all,mc-Z-2-all,mc-Z-3-all,mc-I-0-all,mc-I-1-all,mc-I-2-all,mc-I-3-all,mc-T-0-all,mc-T-1-all,mc-T-2-all,mc-T-3-all,mc-S-0-all,mc-S-1-all,mc-S-2-all,mc-S-3-all,D_mc-chi-0-all,D_mc-chi-1-all,D_mc-chi-2-all,D_mc-chi-3-all,D_mc-Z-0-all,D_mc-Z-1-all,D_mc-Z-2-all,D_mc-Z-3-all,D_mc-I-0-all,D_mc-I-1-all,D_mc-I-2-all,D_mc-I-3-all,D_mc-T-0-all,D_mc-T-1-all,D_mc-T-2-all,D_mc-T-3-all,D_mc-S-0-all,D_mc-S-1-all,D_mc-S-2-all,D_mc-S-3-all,name
148.09270000000004,260.03120000000007,471.1403999999999,853.6696000000001,1894.0,3464.0,5582.0,6144.0,19.0,36.0,62.0,104.0,98.0,264.0,372.0,344.0,12.825700000000001,25.821600000000004,43.605000000000004,62.250000000000014,3.3489000000000004,33.379200000000004,50.2518,81.54480000000001,676.0,1092.0,1664.0,2808.0,1.0,6.0,10.0,18.0,36.0,96.0,168.0,276.0,1.5625,5.625,9.525,15.950000000000005,0.0,-7.260000000000001,-9.159999999999997,-11.619999999999996,0.0,114.0,196.0,360.0,0.0,0.0,0.0,0.0,0.0,20.0,32.0,62.0,0.0,3.0,4.88,9.740000000000002,mof_primitive
148.09270000000004,260.03120000000007,471.1403999999999,853.6695999999998,1894.0,3464.0,5582.0,6144.0,19.0,36.0,62.0,104.0,98.0,264.0,372.0,344.0,12.825700000000001,25.8216,43.60500000000001,62.25000000000001,3.3489000000000004,33.379200000000004,50.2518,81.54480000000001,676.0,1092.0,1664.0,2808.0,1.0,6.0,10.0,18.0,36.0,96.0,168.0,276.0,1.5625,5.625,9.525,15.950000000000005,0.0,-7.260000000000001,-9.159999999999997,-11.619999999999996,0.0,114.0,196.0,360.0,0.0,0.0,0.0,0.0,0.0,20.0,32.0,62.0,0.0,3.0,4.88,9.740000000000002,mof_primitive
148.0927,260.03120000000007,471.1403999999999,853.6695999999998,1894.0,3464.0,5582.0,6144.0,19.0,36.0,62.0,104.0,98.0,264.0,372.0,344.0,12.825700000000001,25.821600000000004,43.605000000000004,62.25000000000002,3.3489000000000004,33.379200000000004,50.2518,81.54480000000001,676.0,1092.0,1664.0,2808.0,1.0,6.0,10.0,18.0,36.0,96.0,168.0,276.0,1.5625,5.625,9.525,15.950000000000005,0.0,-7.260000000000001,-9.159999999999997,-11.619999999999996,0.0,114.0,196.0,360.0,0.0,0.0,0.0,0.0,0.0,20.0,32.0,62.0,0.0,3.0,4.88,9.740000000000002,mof_primitive
