f-chi-0-all,f-chi-1-all,f-chi-2-all,f-chi-3-all,f-Z-0-all,f-Z-1-all,f-Z-2-all,f-Z-3-all,f-I-0-all,f-I-1-all,f-I-2-all,f-I-3-all,f-T-0-all,f-T-1-all,f-T-2-all,f-T-3-all,f-S-0-all,f-S-1-all,f-S-2-all,f-S-3-all,mc-chi-0-all,mc-chi-1-all,mc-chi-2-all,mc-chi-3-all,mc-Z-0-all,mc-Z-1-all,mc-Z-2-all,mc-Z-3-all,mc-I-0-all,mc-I-1-all,mc-I-2-all,mc-I-3-all,mc-T-0-all,mc-T-1-all,mc-T-2-all,mc-T-3-all,mc-S-0-all,mc-S-1-all,mc-S-2-all,mc-S-3-all,D_mc-chi-0-all,D_mc-chi-1-all,D_mc-chi-2-all,D_mc-chi-3-all,D_mc-Z-0-all,D_mc-Z-1-all,D_mc-Z-2-all,D_mc-Z-3-all,D_mc-I-0-all,D_mc-I-1-all,D_mc-I-2-all,D_mc-I-3-all,D_mc-T-0-all,D_mc-T-1-all,D_mc-T-2-all,D_mc-T-3-all,D_mc-S-0-all,D_mc-S-1-all,D_mc-S-2-all,D_mc-S-3-all,name
88.72399999999999,158.54719999999998,225.39719999999994,337.824,1247.0,2224.0,3198.0,1836.0,12.0,22.0,32.0,42.0,54.0,128.0,152.0,114.0,7.8348,15.2658,23.261199999999995,24.070199999999996,3.6481,23.9896,34.0935,68.68359999999998,784.0,812.0,1176.0,1652.0,1.0,4.0,7.0,14.0,16.0,44.0,84.0,116.0,1.4641,3.6057999999999995,6.5219000000000005,10.018799999999999,0.0,-4.92,-4.479999999999999,-9.220000000000002,0.0,83.0,154.0,333.0,0.0,0.0,0.0,0.0,0.0,5.0,7.0,27.0,0.0,1.8599999999999999,3.0799999999999996,8.66,mof_primitive
88.72399999999999,158.5472,225.39719999999994,337.82399999999996,1247.0,2224.0,3198.0,1836.0,12.0,22.0,32.0,42.0,54.0,128.0,152.0,114.0,7.8348,15.265800000000002,23.261199999999995,24.070200000000007,3.6481,23.9896,34.0935,68.68359999999998,784.0,812.0,1176.0,1652.0,1.0,4.0,7.0,14.0,16.0,44.0,84.0,116.0,1.4641,3.6057999999999995,6.5219000000000005,10.018799999999999,0.0,-4.92,-4.479999999999999,-9.220000000000002,0.0,83.0,154.0,333.0,0.0,0.0,0.0,0.0,0.0,5.0,7.0,27.0,0.0,1.8599999999999999,3.0799999999999996,8.66,mof_primitive
