f-lig-chi-0,f-lig-chi-1,f-lig-chi-2,f-lig-chi-3,f-lig-Z-0,f-lig-Z-1,f-lig-Z-2,f-lig-Z-3,f-lig-I-0,f-lig-I-1,f-lig-I-2,f-lig-I-3,f-lig-T-0,f-lig-T-1,f-lig-T-2,f-lig-T-3,f-lig-S-0,f-lig-S-1,f-lig-S-2,f-lig-S-3,name
157.5819,315.99600000000004,521.3904000000001,617.9069999999998,660.0,1344.0,1968.0,2100.0,23.0,48.0,80.0,98.0,132.0,340.0,466.0,508.0,9.7487,23.284800000000004,34.67360000000001,39.819399999999995,mof_primitive
157.5819,315.99600000000004,521.3904000000001,617.9069999999998,660.0,1344.0,1968.0,2100.0,23.0,48.0,80.0,98.0,132.0,340.0,466.0,508.0,9.7487,23.284800000000004,34.67360000000001,39.819399999999995,mof_primitive
154.40439999999998,306.56100000000004,486.2404000000001,592.6819999999999,694.0,1392.0,2080.0,2264.0,22.0,46.0,72.0,92.0,118.0,294.0,424.0,476.0,10.067800000000005,23.331000000000007,34.81040000000001,40.550000000000004,mof_primitive
171.5691,332.56,528.6656,648.3509999999997,786.0,1516.0,2258.0,2466.0,23.0,48.0,76.0,96.0,128.0,330.0,454.0,502.0,10.540700000000005,24.363999999999997,36.026799999999994,42.2664,mof_primitive
171.5691,332.56,528.6656,648.3509999999997,786.0,1516.0,2258.0,2466.0,23.0,48.0,76.0,96.0,128.0,330.0,454.0,502.0,10.540700000000005,24.363999999999997,36.026799999999994,42.2664,mof_primitive
141.3994,280.55100000000004,453.5804,514.8969999999999,622.0,1248.0,1796.0,1882.0,20.0,42.0,68.0,80.0,114.0,292.0,388.0,412.0,8.882,20.959400000000006,30.614800000000006,33.7552,mof_primitive
