f-chi-0-all,f-chi-1-all,f-chi-2-all,f-chi-3-all,f-Z-0-all,f-Z-1-all,f-Z-2-all,f-Z-3-all,f-I-0-all,f-I-1-all,f-I-2-all,f-I-3-all,f-T-0-all,f-T-1-all,f-T-2-all,f-T-3-all,f-S-0-all,f-S-1-all,f-S-2-all,f-S-3-all,mc-chi-0-all,mc-chi-1-all,mc-chi-2-all,mc-chi-3-all,mc-Z-0-all,mc-Z-1-all,mc-Z-2-all,mc-Z-3-all,mc-I-0-all,mc-I-1-all,mc-I-2-all,mc-I-3-all,mc-T-0-all,mc-T-1-all,mc-T-2-all,mc-T-3-all,mc-S-0-all,mc-S-1-all,mc-S-2-all,mc-S-3-all,D_mc-chi-0-all,D_mc-chi-1-all,D_mc-chi-2-all,D_mc-chi-3-all,D_mc-Z-0-all,D_mc-Z-1-all,D_mc-Z-2-all,D_mc-Z-3-all,D_mc-I-0-all,D_mc-I-1-all,D_mc-I-2-all,D_mc-I-3-all,D_mc-T-0-all,D_mc-T-1-all,D_mc-T-2-all,D_mc-T-3-all,D_mc-S-0-all,D_mc-S-1-all,D_mc-S-2-all,D_mc-S-3-all,name
196.99999999999997,366.4923999999998,1388.2807999999998,1266.0649999999998,4098.0,10968.0,15762.0,13584.0,22.0,60.0,144.0,162.0,236.0,800.0,1190.0,1068.0,16.4518,54.199600000000025,99.136,106.9426,1.4884,32.4886,20.1544,42.76099999999999,1521.0,2418.0,2925.0,3198.0,1.0,8.0,7.0,12.0,64.0,160.0,216.0,248.0,2.6569,9.5844,10.1875,14.735200000000004,0.0,-16.869999999999997,-7.979999999999999,-20.409999999999997,0.0,250.0,198.0,386.0,0.0,0.0,0.0,0.0,0.0,44.0,29.0,65.0,0.0,7.16,5.159999999999998,10.519999999999996,mof_primitive
196.99999999999994,366.4923999999998,1388.2807999999998,1266.0649999999998,4098.0,10968.0,15762.0,13584.0,22.0,60.0,144.0,162.0,236.0,800.0,1190.0,1068.0,16.4518,54.199600000000025,99.136,106.9426,1.4884,32.4886,20.1544,42.76099999999999,1521.0,2418.0,2925.0,3198.0,1.0,8.0,7.0,12.0,64.0,160.0,216.0,248.0,2.6569,9.584399999999999,10.1875,14.735200000000003,0.0,-16.869999999999997,-7.9799999999999995,-20.409999999999993,0.0,250.0,198.0,386.0,0.0,0.0,0.0,0.0,0.0,44.0,29.0,65.0,0.0,7.16,5.159999999999998,10.519999999999996,mof_primitive
