f-lig-chi-0,f-lig-chi-1,f-lig-chi-2,f-lig-chi-3,f-lig-Z-0,f-lig-Z-1,f-lig-Z-2,f-lig-Z-3,f-lig-I-0,f-lig-I-1,f-lig-I-2,f-lig-I-3,f-lig-T-0,f-lig-T-1,f-lig-T-2,f-lig-T-3,f-lig-S-0,f-lig-S-1,f-lig-S-2,f-lig-S-3,name
176.81199999999998,321.5351999999999,649.4316000000001,630.6483999999998,1156.0,2544.0,2748.0,2242.0,24.0,48.0,88.0,98.0,136.0,328.0,428.0,470.0,11.222199999999997,26.410400000000017,38.14839999999999,37.08659999999999,mof_primitive
176.81199999999998,321.5351999999999,649.4316000000001,630.6483999999998,1156.0,2544.0,2748.0,2242.0,24.0,48.0,88.0,98.0,136.0,328.0,428.0,470.0,11.222199999999997,26.410400000000017,38.14839999999999,37.08659999999999,mof_primitive
176.81199999999998,321.5351999999999,649.4316000000001,630.6483999999998,1156.0,2544.0,2748.0,2242.0,24.0,48.0,88.0,98.0,136.0,328.0,428.0,470.0,11.222199999999997,26.410400000000017,38.14839999999999,37.08659999999999,mof_primitive
