f-chi-0-all,f-chi-1-all,f-chi-2-all,f-chi-3-all,f-Z-0-all,f-Z-1-all,f-Z-2-all,f-Z-3-all,f-I-0-all,f-I-1-all,f-I-2-all,f-I-3-all,f-T-0-all,f-T-1-all,f-T-2-all,f-T-3-all,f-S-0-all,f-S-1-all,f-S-2-all,f-S-3-all,mc-chi-0-all,mc-chi-1-all,mc-chi-2-all,mc-chi-3-all,mc-Z-0-all,mc-Z-1-all,mc-Z-2-all,mc-Z-3-all,mc-I-0-all,mc-I-1-all,mc-I-2-all,mc-I-3-all,mc-T-0-all,mc-T-1-all,mc-T-2-all,mc-T-3-all,mc-S-0-all,mc-S-1-all,mc-S-2-all,mc-S-3-all,D_mc-chi-0-all,D_mc-chi-1-all,D_mc-chi-2-all,D_mc-chi-3-all,D_mc-Z-0-all,D_mc-Z-1-all,D_mc-Z-2-all,D_mc-Z-3-all,D_mc-I-0-all,D_mc-I-1-all,D_mc-I-2-all,D_mc-I-3-all,D_mc-T-0-all,D_mc-T-1-all,D_mc-T-2-all,D_mc-T-3-all,D_mc-S-0-all,D_mc-S-1-all,D_mc-S-2-all,D_mc-S-3-all,name
166.08889999999997,371.0538000000001,967.0397999999999,801.3528,3332.0,11268.0,16156.0,12450.0,20.0,64.0,118.0,104.0,274.0,1096.0,1386.0,952.0,16.866899999999998,61.55679999999999,93.8304,81.8492,2.4025000000000003,27.02425,22.229583333333338,41.834500000000006,625.0,1262.5,2316.6666666666665,1587.5,1.0,5.666666666666667,6.166666666666667,9.166666666666666,33.0,112.33333333333333,140.0,138.0,1.9321,6.259633333333333,8.921483333333333,9.329216666666666,0.0,-8.651666666666666,-4.783333333333333,-12.781666666666666,0.0,91.16666666666667,61.5,165.66666666666666,0.0,0.0,0.0,0.0,0.0,13.833333333333334,9.833333333333334,27.0,0.0,3.3733333333333335,2.153333333333333,6.03,mof_primitive
176.50189999999998,384.92160000000007,941.4079999999998,889.2744,3389.0,9630.0,16124.0,14926.0,22.0,64.0,118.0,124.0,240.0,854.0,1158.0,1132.0,18.082300000000004,57.74739999999999,94.6032,99.74679999999998,2.4025000000000003,27.02425,22.229583333333338,41.834500000000006,625.0,1262.5,2316.6666666666665,1587.5,1.0,5.666666666666667,6.166666666666667,9.166666666666666,33.0,112.33333333333333,140.0,138.0,1.9321,6.259633333333333,8.921483333333333,9.329216666666666,0.0,-8.651666666666666,-4.783333333333333,-12.781666666666666,0.0,91.16666666666667,61.5,165.66666666666666,0.0,0.0,0.0,0.0,0.0,13.833333333333334,9.833333333333334,27.0,0.0,3.3733333333333335,2.153333333333333,6.03,mof_primitive
