f-chi-0-all,f-chi-1-all,f-chi-2-all,f-chi-3-all,f-Z-0-all,f-Z-1-all,f-Z-2-all,f-Z-3-all,f-I-0-all,f-I-1-all,f-I-2-all,f-I-3-all,f-T-0-all,f-T-1-all,f-T-2-all,f-T-3-all,f-S-0-all,f-S-1-all,f-S-2-all,f-S-3-all,mc-chi-0-all,mc-chi-1-all,mc-chi-2-all,mc-chi-3-all,mc-Z-0-all,mc-Z-1-all,mc-Z-2-all,mc-Z-3-all,mc-I-0-all,mc-I-1-all,mc-I-2-all,mc-I-3-all,mc-T-0-all,mc-T-1-all,mc-T-2-all,mc-T-3-all,mc-S-0-all,mc-S-1-all,mc-S-2-all,mc-S-3-all,D_mc-chi-0-all,D_mc-chi-1-all,D_mc-chi-2-all,D_mc-chi-3-all,D_mc-Z-0-all,D_mc-Z-1-all,D_mc-Z-2-all,D_mc-Z-3-all,D_mc-I-0-all,D_mc-I-1-all,D_mc-I-2-all,D_mc-I-3-all,D_mc-T-0-all,D_mc-T-1-all,D_mc-T-2-all,D_mc-T-3-all,D_mc-S-0-all,D_mc-S-1-all,D_mc-S-2-all,D_mc-S-3-all,name
410.82359999999983,712.7679999999996,2486.2911999999983,3512.928,17976.0,30592.0,47320.0,54528.0,46.0,112.0,264.0,456.0,376.0,1120.0,1944.0,2592.0,32.80740000000002,97.82,186.19239999999994,281.42960000000005,1.4399999999999997,27.863999999999997,22.08,52.416,3969.0,3402.0,5307.75,6426.0,1.0,6.75,7.75,14.25,45.75,102.0,165.25,234.0,2.822399999999999,8.2782,10.5,17.8794,0.0,-15.120000000000003,-9.1,-26.58000000000001,0.0,371.25,404.0,795.75,0.0,0.0,0.0,0.0,0.0,30.75,28.5,62.25,0.0,6.4125000000000005,6.77,13.297499999999996,mof_primitive
367.79639999999984,635.7119999999995,2066.803199999999,2390.1119999999987,17844.0,28512.0,36450.0,38112.0,40.0,100.0,212.0,300.0,324.0,936.0,1460.0,1728.0,31.194000000000024,90.7536,154.0673999999999,203.17360000000008,1.4399999999999997,27.863999999999997,22.08,52.416,3969.0,3402.0,5307.75,6426.0,1.0,6.75,7.75,14.25,45.75,102.0,165.25,234.0,2.822399999999999,8.2782,10.5,17.8794,0.0,-15.120000000000003,-9.1,-26.58000000000001,0.0,371.25,404.0,795.75,0.0,0.0,0.0,0.0,0.0,30.75,28.5,62.25,0.0,6.4125000000000005,6.77,13.297499999999996,mof_primitive
