f-lig-chi-0,f-lig-chi-1,f-lig-chi-2,f-lig-chi-3,f-lig-Z-0,f-lig-Z-1,f-lig-Z-2,f-lig-Z-3,f-lig-I-0,f-lig-I-1,f-lig-I-2,f-lig-I-3,f-lig-T-0,f-lig-T-1,f-lig-T-2,f-lig-T-3,f-lig-S-0,f-lig-S-1,f-lig-S-2,f-lig-S-3,name
264.1714,534.5522,856.1589999999998,1024.886,1189.0,2438.0,3694.0,3956.0,37.0,78.0,124.0,152.0,202.0,500.0,718.0,806.0,16.9261,39.50180000000001,59.21400000000001,68.65120000000003,mof_primitive
264.1714,534.5522,856.1589999999999,1024.886,1189.0,2438.0,3694.0,3956.0,37.0,78.0,124.0,152.0,202.0,500.0,718.0,806.0,16.9261,39.50180000000001,59.21400000000002,68.65120000000002,mof_primitive
264.1714,534.5522,856.159,1024.8859999999997,1189.0,2438.0,3694.0,3956.0,37.0,78.0,124.0,152.0,202.0,500.0,718.0,806.0,16.926099999999998,39.50180000000001,59.214000000000034,68.65120000000002,mof_primitive
264.1714,534.5522,856.159,1024.8859999999997,1189.0,2438.0,3694.0,3956.0,37.0,78.0,124.0,152.0,202.0,500.0,718.0,806.0,16.926099999999998,39.50180000000001,59.214000000000034,68.65120000000002,mof_primitive
