f-chi-0-all,f-chi-1-all,f-chi-2-all,f-chi-3-all,f-Z-0-all,f-Z-1-all,f-Z-2-all,f-Z-3-all,f-I-0-all,f-I-1-all,f-I-2-all,f-I-3-all,f-T-0-all,f-T-1-all,f-T-2-all,f-T-3-all,f-S-0-all,f-S-1-all,f-S-2-all,f-S-3-all,mc-chi-0-all,mc-chi-1-all,mc-chi-2-all,mc-chi-3-all,mc-Z-0-all,mc-Z-1-all,mc-Z-2-all,mc-Z-3-all,mc-I-0-all,mc-I-1-all,mc-I-2-all,mc-I-3-all,mc-T-0-all,mc-T-1-all,mc-T-2-all,mc-T-3-all,mc-S-0-all,mc-S-1-all,mc-S-2-all,mc-S-3-all,D_mc-chi-0-all,D_mc-chi-1-all,D_mc-chi-2-all,D_mc-chi-3-all,D_mc-Z-0-all,D_mc-Z-1-all,D_mc-Z-2-all,D_mc-Z-3-all,D_mc-I-0-all,D_mc-I-1-all,D_mc-I-2-all,D_mc-I-3-all,D_mc-T-0-all,D_mc-T-1-all,D_mc-T-2-all,D_mc-T-3-all,D_mc-S-0-all,D_mc-S-1-all,D_mc-S-2-all,D_mc-S-3-all,name
222.83869999999993,389.8207999999998,1023.4191999999999,1144.6943999999999,1616.0,4416.0,7584.0,8832.0,25.0,60.0,110.0,148.0,178.0,500.0,790.0,872.0,18.0001,48.209199999999996,79.263,99.4844,1.7161000000000002,22.532,16.763633333333335,41.5139,144.0,480.0,504.0,888.0,1.0,5.0,5.666666666666667,10.333333333333334,25.666666666666668,58.333333333333336,104.0,130.66666666666666,1.9321,5.073499999999999,7.214099999999999,10.726166666666664,0.0,-10.649999999999999,-5.373333333333332,-18.153333333333332,0.0,20.0,26.0,50.0,0.0,0.0,0.0,0.0,0.0,14.333333333333334,9.666666666666666,28.0,0.0,3.3000000000000003,2.686666666666666,6.646666666666667,mof_primitive
186.16649999999996,336.7071999999999,820.7196000000001,881.0527999999997,1416.0,3840.0,6272.0,7104.0,21.0,52.0,90.0,116.0,150.0,416.0,650.0,696.0,15.748499999999996,41.901999999999994,66.4554,79.68680000000002,1.7161000000000002,22.532,16.763633333333335,41.5139,144.0,480.0,504.0,888.0,1.0,5.0,5.666666666666667,10.333333333333334,25.666666666666668,58.333333333333336,104.0,130.66666666666666,1.9321,5.073499999999999,7.214099999999999,10.726166666666664,0.0,-10.649999999999999,-5.373333333333332,-18.153333333333332,0.0,20.0,26.0,50.0,0.0,0.0,0.0,0.0,0.0,14.333333333333334,9.666666666666666,28.0,0.0,3.3000000000000003,2.686666666666666,6.646666666666667,mof_primitive
