f-chi-0-all,f-chi-1-all,f-chi-2-all,f-chi-3-all,f-Z-0-all,f-Z-1-all,f-Z-2-all,f-Z-3-all,f-I-0-all,f-I-1-all,f-I-2-all,f-I-3-all,f-T-0-all,f-T-1-all,f-T-2-all,f-T-3-all,f-S-0-all,f-S-1-all,f-S-2-all,f-S-3-all,mc-chi-0-all,mc-chi-1-all,mc-chi-2-all,mc-chi-3-all,mc-Z-0-all,mc-Z-1-all,mc-Z-2-all,mc-Z-3-all,mc-I-0-all,mc-I-1-all,mc-I-2-all,mc-I-3-all,mc-T-0-all,mc-T-1-all,mc-T-2-all,mc-T-3-all,mc-S-0-all,mc-S-1-all,mc-S-2-all,mc-S-3-all,D_mc-chi-0-all,D_mc-chi-1-all,D_mc-chi-2-all,D_mc-chi-3-all,D_mc-Z-0-all,D_mc-Z-1-all,D_mc-Z-2-all,D_mc-Z-3-all,D_mc-I-0-all,D_mc-I-1-all,D_mc-I-2-all,D_mc-I-3-all,D_mc-T-0-all,D_mc-T-1-all,D_mc-T-2-all,D_mc-T-3-all,D_mc-S-0-all,D_mc-S-1-all,D_mc-S-2-all,D_mc-S-3-all,name
106.1345,180.912,310.94299999999987,524.688,1463.0,2916.0,4190.0,2856.0,14.0,26.0,42.0,64.0,68.0,174.0,220.0,164.0,9.212600000000002,18.8986,30.7074,36.5288,2.7224999999999997,26.4,33.66,66.792,900.0,1110.0,1440.0,2100.0,1.0,5.0,8.0,16.0,25.0,65.0,120.0,160.0,1.7161000000000002,4.8601,8.069600000000001,12.890400000000003,0.0,-7.75,-7.200000000000001,-14.080000000000005,0.0,113.0,192.0,410.0,0.0,0.0,0.0,0.0,0.0,12.0,16.0,48.0,0.0,2.8400000000000003,4.32,11.12,mof_primitive
106.1345,180.912,310.94299999999987,524.688,1463.0,2916.0,4190.0,2856.0,14.0,26.0,42.0,64.0,68.0,174.0,220.0,164.0,9.212600000000002,18.8986,30.7074,36.5288,2.7224999999999997,26.4,33.66,66.792,900.0,1110.0,1440.0,2100.0,1.0,5.0,8.0,16.0,25.0,65.0,120.0,160.0,1.7161000000000002,4.8601,8.069600000000001,12.890400000000003,0.0,-7.75,-7.200000000000001,-14.080000000000005,0.0,113.0,192.0,410.0,0.0,0.0,0.0,0.0,0.0,12.0,16.0,48.0,0.0,2.8400000000000003,4.32,11.12,mof_primitive
