f-lig-chi-0,f-lig-chi-1,f-lig-chi-2,f-lig-chi-3,f-lig-Z-0,f-lig-Z-1,f-lig-Z-2,f-lig-Z-3,f-lig-I-0,f-lig-I-1,f-lig-I-2,f-lig-I-3,f-lig-T-0,f-lig-T-1,f-lig-T-2,f-lig-T-3,f-lig-S-0,f-lig-S-1,f-lig-S-2,f-lig-S-3,name
122.22819999999999,268.821,406.2200000000001,458.81200000000007,466.0,1080.0,1400.0,1288.0,20.0,42.0,64.0,76.0,106.0,258.0,352.0,360.0,8.149200000000002,19.850600000000004,27.907200000000003,28.971600000000002,mof_primitive
125.06940000000002,224.96100000000007,388.01540000000006,490.5150000000001,480.0,840.0,1178.0,1086.0,18.0,34.0,60.0,78.0,94.0,232.0,288.0,264.0,6.784199999999998,14.984200000000001,21.9036,24.555000000000003,mof_primitive
125.06940000000002,224.96100000000007,388.0154,490.51500000000004,480.0,840.0,1178.0,1086.0,18.0,34.0,60.0,78.0,94.0,232.0,288.0,264.0,6.784199999999998,14.984200000000005,21.90360000000001,24.555,mof_primitive
122.22820000000003,268.8210000000001,406.22,458.81199999999995,466.0,1080.0,1400.0,1288.0,20.0,42.0,64.0,76.0,106.0,258.0,352.0,360.0,8.1492,19.850600000000004,27.907200000000007,28.971600000000013,mof_primitive
125.06939999999999,224.96099999999998,388.0154,490.5150000000001,480.0,840.0,1178.0,1086.0,18.0,34.0,60.0,78.0,94.0,232.0,288.0,264.0,6.7842,14.984199999999998,21.9036,24.555,mof_primitive
125.06939999999999,224.96099999999998,388.0154,490.5150000000001,480.0,840.0,1178.0,1086.0,18.0,34.0,60.0,78.0,94.0,232.0,288.0,264.0,6.7842,14.984199999999998,21.9036,24.555,mof_primitive
