f-lig-chi-0,f-lig-chi-1,f-lig-chi-2,f-lig-chi-3,f-lig-Z-0,f-lig-Z-1,f-lig-Z-2,f-lig-Z-3,f-lig-I-0,f-lig-I-1,f-lig-I-2,f-lig-I-3,f-lig-T-0,f-lig-T-1,f-lig-T-2,f-lig-T-3,f-lig-S-0,f-lig-S-1,f-lig-S-2,f-lig-S-3,name
290.46639999999996,536.316,867.7203999999999,1166.7446,1388.0,2592.0,4048.0,5096.0,36.0,76.0,120.0,158.0,196.0,492.0,712.0,814.0,17.468400000000006,40.04000000000001,61.11360000000002,75.4798,mof_primitive
163.40019999999998,298.70699999999994,497.72439999999995,583.7829999999998,782.0,1440.0,2196.0,2410.0,20.0,42.0,68.0,80.0,114.0,292.0,388.0,412.0,9.6164,22.0066,32.9608,37.12800000000001,mof_primitive
163.40019999999998,298.70699999999994,497.7243999999999,583.7829999999999,782.0,1440.0,2196.0,2410.0,20.0,42.0,68.0,80.0,114.0,292.0,388.0,412.0,9.6164,22.0066,32.9608,37.12800000000001,mof_primitive
163.40019999999998,298.70699999999994,497.72439999999995,583.7829999999999,782.0,1440.0,2196.0,2410.0,20.0,42.0,68.0,80.0,114.0,292.0,388.0,412.0,9.6164,22.0066,32.9608,37.128,mof_primitive
152.39979999999997,289.62899999999996,479.5683999999999,548.7169999999999,702.0,1344.0,2004.0,2106.0,20.0,42.0,68.0,80.0,114.0,292.0,388.0,412.0,9.2492,21.483000000000004,31.91359999999999,35.305600000000005,mof_primitive
152.39979999999997,289.62899999999996,479.5683999999999,548.7169999999999,702.0,1344.0,2004.0,2106.0,20.0,42.0,68.0,80.0,114.0,292.0,388.0,412.0,9.2492,21.483000000000004,31.91359999999999,35.305600000000005,mof_primitive
