f-chi-0-all,f-chi-1-all,f-chi-2-all,f-chi-3-all,f-Z-0-all,f-Z-1-all,f-Z-2-all,f-Z-3-all,f-I-0-all,f-I-1-all,f-I-2-all,f-I-3-all,f-T-0-all,f-T-1-all,f-T-2-all,f-T-3-all,f-S-0-all,f-S-1-all,f-S-2-all,f-S-3-all,mc-chi-0-all,mc-chi-1-all,mc-chi-2-all,mc-chi-3-all,mc-Z-0-all,mc-Z-1-all,mc-Z-2-all,mc-Z-3-all,mc-I-0-all,mc-I-1-all,mc-I-2-all,mc-I-3-all,mc-T-0-all,mc-T-1-all,mc-T-2-all,mc-T-3-all,mc-S-0-all,mc-S-1-all,mc-S-2-all,mc-S-3-all,D_mc-chi-0-all,D_mc-chi-1-all,D_mc-chi-2-all,D_mc-chi-3-all,D_mc-Z-0-all,D_mc-Z-1-all,D_mc-Z-2-all,D_mc-Z-3-all,D_mc-I-0-all,D_mc-I-1-all,D_mc-I-2-all,D_mc-I-3-all,D_mc-T-0-all,D_mc-T-1-all,D_mc-T-2-all,D_mc-T-3-all,D_mc-S-0-all,D_mc-S-1-all,D_mc-S-2-all,D_mc-S-3-all,name
209.90819999999994,402.6119999999998,1599.0115999999998,1179.3149999999994,9320.0,18848.0,24208.0,19192.0,24.0,68.0,168.0,158.0,296.0,1072.0,1424.0,1224.0,18.036000000000005,63.187599999999996,111.41680000000002,109.08140000000004,1.44,35.016,16.739999999999995,45.120000000000005,4096.0,4352.0,6016.0,5632.0,1.0,9.0,6.0,13.0,81.0,216.0,225.0,315.0,2.8560999999999996,11.238500000000002,9.362599999999997,16.578899999999997,0.0,-18.380000000000003,-6.749999999999999,-22.0,0.0,508.0,290.0,744.0,0.0,0.0,0.0,0.0,0.0,57.0,29.0,82.0,0.0,8.559999999999999,4.6,12.16,mof_primitive
209.90819999999994,402.6119999999998,1599.0115999999996,1179.3149999999994,9320.0,18848.0,24208.0,19192.0,24.0,68.0,168.0,158.0,296.0,1072.0,1424.0,1224.0,18.036000000000005,63.187599999999996,111.41680000000001,109.08140000000003,1.44,35.016,16.739999999999995,45.120000000000005,4096.0,4352.0,6016.0,5632.0,1.0,9.0,6.0,13.0,81.0,216.0,225.0,315.0,2.8560999999999996,11.238500000000002,9.362599999999997,16.578899999999997,0.0,-18.380000000000003,-6.749999999999999,-22.0,0.0,508.0,290.0,744.0,0.0,0.0,0.0,0.0,0.0,57.0,29.0,82.0,0.0,8.559999999999999,4.6,12.16,mof_primitive
