f-chi-0-all,f-chi-1-all,f-chi-2-all,f-chi-3-all,f-Z-0-all,f-Z-1-all,f-Z-2-all,f-Z-3-all,f-I-0-all,f-I-1-all,f-I-2-all,f-I-3-all,f-T-0-all,f-T-1-all,f-T-2-all,f-T-3-all,f-S-0-all,f-S-1-all,f-S-2-all,f-S-3-all,mc-chi-0-all,mc-chi-1-all,mc-chi-2-all,mc-chi-3-all,mc-Z-0-all,mc-Z-1-all,mc-Z-2-all,mc-Z-3-all,mc-I-0-all,mc-I-1-all,mc-I-2-all,mc-I-3-all,mc-T-0-all,mc-T-1-all,mc-T-2-all,mc-T-3-all,mc-S-0-all,mc-S-1-all,mc-S-2-all,mc-S-3-all,D_mc-chi-0-all,D_mc-chi-1-all,D_mc-chi-2-all,D_mc-chi-3-all,D_mc-Z-0-all,D_mc-Z-1-all,D_mc-Z-2-all,D_mc-Z-3-all,D_mc-I-0-all,D_mc-I-1-all,D_mc-I-2-all,D_mc-I-3-all,D_mc-T-0-all,D_mc-T-1-all,D_mc-T-2-all,D_mc-T-3-all,D_mc-S-0-all,D_mc-S-1-all,D_mc-S-2-all,D_mc-S-3-all,name
205.41179999999997,348.12799999999993,1087.7023999999994,1438.6079999999995,9242.0,14496.0,14850.0,18816.0,23.0,54.0,114.0,180.0,168.0,462.0,702.0,912.0,16.471099999999996,46.64700000000001,78.76979999999998,110.2884,1.44,26.832,20.999999999999996,43.128,4096.0,3328.0,2368.0,5376.0,1.0,6.5,7.0,12.0,42.5,88.5,124.0,195.0,2.8560999999999996,8.01905,8.4331,15.21,0.0,-14.560000000000002,-9.1,-21.540000000000006,0.0,364.0,411.0,684.0,0.0,0.0,0.0,0.0,0.0,29.0,27.0,48.0,0.0,6.24,6.84,11.280000000000001,mof_primitive
205.41179999999997,348.128,1087.7024,1438.6079999999997,9242.0,14496.0,14850.0,18816.0,23.0,54.0,114.0,180.0,168.0,462.0,702.0,912.0,16.471099999999996,46.647,78.76979999999998,110.28840000000004,1.44,26.832,20.999999999999996,43.128,4096.0,3328.0,2368.0,5376.0,1.0,6.5,7.0,12.0,42.5,88.5,124.0,195.0,2.8560999999999996,8.01905,8.4331,15.21,0.0,-14.560000000000002,-9.1,-21.540000000000006,0.0,364.0,411.0,684.0,0.0,0.0,0.0,0.0,0.0,29.0,27.0,48.0,0.0,6.24,6.84,11.280000000000001,mof_primitive
