f-chi-0-all,f-chi-1-all,f-chi-2-all,f-chi-3-all,f-Z-0-all,f-Z-1-all,f-Z-2-all,f-Z-3-all,f-I-0-all,f-I-1-all,f-I-2-all,f-I-3-all,f-T-0-all,f-T-1-all,f-T-2-all,f-T-3-all,f-S-0-all,f-S-1-all,f-S-2-all,f-S-3-all,mc-chi-0-all,mc-chi-1-all,mc-chi-2-all,mc-chi-3-all,mc-Z-0-all,mc-Z-1-all,mc-Z-2-all,mc-Z-3-all,mc-I-0-all,mc-I-1-all,mc-I-2-all,mc-I-3-all,mc-T-0-all,mc-T-1-all,mc-T-2-all,mc-T-3-all,mc-S-0-all,mc-S-1-all,mc-S-2-all,mc-S-3-all,D_mc-chi-0-all,D_mc-chi-1-all,D_mc-chi-2-all,D_mc-chi-3-all,D_mc-Z-0-all,D_mc-Z-1-all,D_mc-Z-2-all,D_mc-Z-3-all,D_mc-I-0-all,D_mc-I-1-all,D_mc-I-2-all,D_mc-I-3-all,D_mc-T-0-all,D_mc-T-1-all,D_mc-T-2-all,D_mc-T-3-all,D_mc-S-0-all,D_mc-S-1-all,D_mc-S-2-all,D_mc-S-3-all,name
538.3818,1034.8460000000007,2128.7215999999994,2520.4660000000003,6246.0,13836.0,16508.0,20220.0,68.0,152.0,260.0,348.0,412.0,1040.0,1448.0,1584.0,40.34760000000002,101.67600000000009,149.0516000000001,185.13639999999987,2.4025000000000003,23.105333333333334,17.127499999999998,40.02616666666666,625.0,866.6666666666666,650.0,1508.3333333333333,1.0,4.333333333333333,4.333333333333333,8.666666666666666,19.0,38.0,57.0,97.66666666666667,1.9320999999999995,4.397033333333332,4.637966666666666,9.044266666666665,0.0,-8.190000000000001,-4.333333333333333,-12.389999999999999,0.0,73.66666666666667,82.33333333333333,156.33333333333334,0.0,0.0,0.0,0.0,0.0,10.333333333333334,6.0,15.666666666666666,0.0,2.86,2.686666666666667,5.54,mof_primitive
538.3818,1034.8460000000007,2128.721599999999,2520.466,6246.0,13836.0,16508.0,20220.0,68.0,152.0,260.0,348.0,412.0,1040.0,1448.0,1584.0,40.34760000000004,101.67600000000006,149.05160000000012,185.13639999999987,2.4025000000000003,23.105333333333334,17.127499999999998,40.02616666666666,625.0,866.6666666666666,650.0,1508.3333333333333,1.0,4.333333333333333,4.333333333333333,8.666666666666666,19.0,38.0,57.0,97.66666666666667,1.9320999999999995,4.397033333333332,4.637966666666666,9.044266666666665,0.0,-8.190000000000001,-4.333333333333333,-12.389999999999999,0.0,73.66666666666667,82.33333333333333,156.33333333333334,0.0,0.0,0.0,0.0,0.0,10.333333333333334,6.0,15.666666666666666,0.0,2.86,2.686666666666667,5.54,mof_primitive
