f-lig-chi-0,f-lig-chi-1,f-lig-chi-2,f-lig-chi-3,f-lig-Z-0,f-lig-Z-1,f-lig-Z-2,f-lig-Z-3,f-lig-I-0,f-lig-I-1,f-lig-I-2,f-lig-I-3,f-lig-T-0,f-lig-T-1,f-lig-T-2,f-lig-T-3,f-lig-S-0,f-lig-S-1,f-lig-S-2,f-lig-S-3,name
214.74379999999996,410.57899999999995,628.9163999999998,816.7549999999999,1022.0,1928.0,2928.0,3746.0,28.0,58.0,88.0,116.0,146.0,362.0,536.0,668.0,13.385200000000001,30.140200000000007,45.10000000000001,58.00840000000002,mof_primitive
214.74379999999996,410.57899999999995,628.9163999999998,816.7549999999998,1022.0,1928.0,2928.0,3746.0,28.0,58.0,88.0,116.0,146.0,362.0,536.0,668.0,13.3852,30.14020000000001,45.099999999999994,58.00840000000002,mof_primitive
214.74379999999996,410.57899999999995,628.9164,816.7549999999998,1022.0,1928.0,2928.0,3746.0,28.0,58.0,88.0,116.0,146.0,362.0,536.0,668.0,13.3852,30.14020000000001,45.1,58.00840000000001,mof_primitive
214.74379999999996,410.57899999999995,628.9163999999998,816.7549999999999,1022.0,1928.0,2928.0,3746.0,28.0,58.0,88.0,116.0,146.0,362.0,536.0,668.0,13.385200000000001,30.140200000000007,45.1,58.008400000000016,mof_primitive
183.54980000000003,367.309,527.9861999999999,701.1172,848.0,1648.0,2460.0,3214.0,24.0,50.0,72.0,92.0,122.0,298.0,426.0,490.0,11.072799999999999,25.33780000000001,36.8408,45.62800000000001,mof_primitive
183.54980000000003,367.309,527.9861999999999,701.1172,848.0,1648.0,2460.0,3214.0,24.0,50.0,72.0,92.0,122.0,298.0,426.0,490.0,11.072799999999999,25.33780000000001,36.8408,45.62800000000001,mof_primitive
