f-chi-0-all,f-chi-1-all,f-chi-2-all,f-chi-3-all,f-Z-0-all,f-Z-1-all,f-Z-2-all,f-Z-3-all,f-I-0-all,f-I-1-all,f-I-2-all,f-I-3-all,f-T-0-all,f-T-1-all,f-T-2-all,f-T-3-all,f-S-0-all,f-S-1-all,f-S-2-all,f-S-3-all,mc-chi-0-all,mc-chi-1-all,mc-chi-2-all,mc-chi-3-all,mc-Z-0-all,mc-Z-1-all,mc-Z-2-all,mc-Z-3-all,mc-I-0-all,mc-I-1-all,mc-I-2-all,mc-I-3-all,mc-T-0-all,mc-T-1-all,mc-T-2-all,mc-T-3-all,mc-S-0-all,mc-S-1-all,mc-S-2-all,mc-S-3-all,D_mc-chi-0-all,D_mc-chi-1-all,D_mc-chi-2-all,D_mc-chi-3-all,D_mc-Z-0-all,D_mc-Z-1-all,D_mc-Z-2-all,D_mc-Z-3-all,D_mc-I-0-all,D_mc-I-1-all,D_mc-I-2-all,D_mc-I-3-all,D_mc-T-0-all,D_mc-T-1-all,D_mc-T-2-all,D_mc-T-3-all,D_mc-S-0-all,D_mc-S-1-all,D_mc-S-2-all,D_mc-S-3-all,name
379.1729999999998,793.1263999999995,2074.3124,2452.8576,15792.0,26880.0,53504.0,47232.0,42.0,112.0,220.0,312.0,356.0,1080.0,1836.0,2240.0,33.04680000000003,96.12639999999998,171.1032,225.13200000000026,2.8560999999999996,31.005866666666666,25.8232,66.61980000000001,2304.0,2048.0,5952.0,4416.0,1.0,5.333333333333333,6.666666666666667,12.666666666666666,28.666666666666668,71.33333333333333,132.66666666666666,176.0,2.1904,5.762133333333334,9.698933333333335,13.961333333333336,0.0,-9.333333333333334,-4.013333333333332,-18.013333333333332,0.0,213.33333333333334,196.0,516.0,0.0,0.0,0.0,0.0,0.0,15.333333333333334,11.333333333333334,35.333333333333336,0.0,4.0,3.313333333333333,9.313333333333334,mof_primitive
