f-chi-0-all,f-chi-1-all,f-chi-2-all,f-chi-3-all,f-Z-0-all,f-Z-1-all,f-Z-2-all,f-Z-3-all,f-I-0-all,f-I-1-all,f-I-2-all,f-I-3-all,f-T-0-all,f-T-1-all,f-T-2-all,f-T-3-all,f-S-0-all,f-S-1-all,f-S-2-all,f-S-3-all,mc-chi-0-all,mc-chi-1-all,mc-chi-2-all,mc-chi-3-all,mc-Z-0-all,mc-Z-1-all,mc-Z-2-all,mc-Z-3-all,mc-I-0-all,mc-I-1-all,mc-I-2-all,mc-I-3-all,mc-T-0-all,mc-T-1-all,mc-T-2-all,mc-T-3-all,mc-S-0-all,mc-S-1-all,mc-S-2-all,mc-S-3-all,D_mc-chi-0-all,D_mc-chi-1-all,D_mc-chi-2-all,D_mc-chi-3-all,D_mc-Z-0-all,D_mc-Z-1-all,D_mc-Z-2-all,D_mc-Z-3-all,D_mc-I-0-all,D_mc-I-1-all,D_mc-I-2-all,D_mc-I-3-all,D_mc-T-0-all,D_mc-T-1-all,D_mc-T-2-all,D_mc-T-3-all,D_mc-S-0-all,D_mc-S-1-all,D_mc-S-2-all,D_mc-S-3-all,name
356.29199999999975,749.92,1567.9199999999996,2402.4959999999996,8304.0,16128.0,35284.0,39232.0,44.0,104.0,192.0,328.0,304.0,904.0,1584.0,2272.0,31.731600000000032,82.28559999999999,152.53959999999998,219.3504,3.61,26.144000000000002,30.352499999999996,72.6275,841.0,928.0,3277.0,2581.0,1.0,4.0,7.5,11.5,16.0,48.0,84.0,122.0,1.9043999999999992,4.0296,9.535799999999998,11.667900000000001,0.0,-6.159999999999998,-1.725000000000001,-16.375,0.0,84.0,104.5,244.5,0.0,0.0,0.0,0.0,0.0,4.0,9.0,15.5,0.0,2.6000000000000005,3.4400000000000004,7.415000000000001,mof_primitive
356.2919999999998,749.9199999999998,1567.9199999999998,2402.496,8304.0,16128.0,35284.0,39232.0,44.0,104.0,192.0,328.0,304.0,904.0,1584.0,2272.0,31.73160000000003,82.28559999999997,152.53960000000006,219.35040000000004,3.61,26.144000000000002,30.352499999999996,72.6275,841.0,928.0,3277.0,2581.0,1.0,4.0,7.5,11.5,16.0,48.0,84.0,122.0,1.9043999999999992,4.0296,9.535799999999998,11.667900000000001,0.0,-6.159999999999998,-1.725000000000001,-16.375,0.0,84.0,104.5,244.5,0.0,0.0,0.0,0.0,0.0,4.0,9.0,15.5,0.0,2.6000000000000005,3.4400000000000004,7.415000000000001,mof_primitive
