f-lig-chi-0,f-lig-chi-1,f-lig-chi-2,f-lig-chi-3,f-lig-Z-0,f-lig-Z-1,f-lig-Z-2,f-lig-Z-3,f-lig-I-0,f-lig-I-1,f-lig-I-2,f-lig-I-3,f-lig-T-0,f-lig-T-1,f-lig-T-2,f-lig-T-3,f-lig-S-0,f-lig-S-1,f-lig-S-2,f-lig-S-3,name
235.46439999999996,490.926,776.9403999999998,979.987,988.0,2112.0,3088.0,3400.0,36.0,76.0,120.0,158.0,196.0,492.0,712.0,814.0,15.632400000000002,37.42200000000001,55.877600000000015,66.17740000000002,mof_primitive
86.5382,194.361,303.356,297.4872000000001,320.0,768.0,944.0,720.0,14.0,30.0,48.0,48.0,82.0,208.0,244.0,194.0,5.503800000000001,13.967799999999999,19.028799999999997,16.296,mof_primitive
157.5819,315.996,519.8504,589.112,660.0,1344.0,1958.0,2144.0,23.0,48.0,80.0,92.0,132.0,334.0,448.0,508.0,9.7487,23.284800000000004,34.3776,39.318,mof_primitive
