f-chi-0-all,f-chi-1-all,f-chi-2-all,f-chi-3-all,f-Z-0-all,f-Z-1-all,f-Z-2-all,f-Z-3-all,f-I-0-all,f-I-1-all,f-I-2-all,f-I-3-all,f-T-0-all,f-T-1-all,f-T-2-all,f-T-3-all,f-S-0-all,f-S-1-all,f-S-2-all,f-S-3-all,mc-chi-0-all,mc-chi-1-all,mc-chi-2-all,mc-chi-3-all,mc-Z-0-all,mc-Z-1-all,mc-Z-2-all,mc-Z-3-all,mc-I-0-all,mc-I-1-all,mc-I-2-all,mc-I-3-all,mc-T-0-all,mc-T-1-all,mc-T-2-all,mc-T-3-all,mc-S-0-all,mc-S-1-all,mc-S-2-all,mc-S-3-all,D_mc-chi-0-all,D_mc-chi-1-all,D_mc-chi-2-all,D_mc-chi-3-all,D_mc-Z-0-all,D_mc-Z-1-all,D_mc-Z-2-all,D_mc-Z-3-all,D_mc-I-0-all,D_mc-I-1-all,D_mc-I-2-all,D_mc-I-3-all,D_mc-T-0-all,D_mc-T-1-all,D_mc-T-2-all,D_mc-T-3-all,D_mc-S-0-all,D_mc-S-1-all,D_mc-S-2-all,D_mc-S-3-all,name
147.21699999999998,257.59360000000004,427.02879999999993,560.5887999999999,5378.0,6864.0,7600.0,5880.0,18.0,36.0,52.0,68.0,88.0,208.0,252.0,252.0,13.446399999999999,28.770000000000003,40.260000000000005,42.554,2.8560999999999996,25.4852,21.5475,45.1737,2304.0,1680.0,1440.0,2592.0,1.0,4.5,5.0,9.5,20.5,45.5,67.5,92.0,2.1904,4.891400000000001,5.6979999999999995,9.434999999999999,0.0,-7.475,-4.299999999999999,-10.674999999999997,0.0,181.0,210.0,402.0,0.0,0.0,0.0,0.0,0.0,10.5,7.5,22.0,0.0,3.355,3.55,7.684999999999999,mof_primitive
170.88419999999996,315.93600000000004,610.8623999999999,700.9407999999997,5506.0,8592.0,8592.0,6648.0,20.0,44.0,68.0,84.0,120.0,308.0,372.0,344.0,14.512199999999998,35.33999999999999,48.8448,51.54760000000002,2.8560999999999996,25.4852,21.5475,45.1737,2304.0,1680.0,1440.0,2592.0,1.0,4.5,5.0,9.5,20.5,45.5,67.5,92.0,2.1904,4.891400000000001,5.6979999999999995,9.434999999999999,0.0,-7.475,-4.299999999999999,-10.674999999999997,0.0,181.0,210.0,402.0,0.0,0.0,0.0,0.0,0.0,10.5,7.5,22.0,0.0,3.355,3.55,7.684999999999999,mof_primitive
