f-lig-chi-0,f-lig-chi-1,f-lig-chi-2,f-lig-chi-3,f-lig-Z-0,f-lig-Z-1,f-lig-Z-2,f-lig-Z-3,f-lig-I-0,f-lig-I-1,f-lig-I-2,f-lig-I-3,f-lig-T-0,f-lig-T-1,f-lig-T-2,f-lig-T-3,f-lig-S-0,f-lig-S-1,f-lig-S-2,f-lig-S-3,name
185.90650000000002,335.15520000000015,631.2108,793.2893999999999,1207.0,2598.0,3588.0,4194.0,25.0,50.0,86.0,114.0,136.0,342.0,482.0,502.0,11.785499999999997,27.613400000000006,42.27320000000002,51.6074,mof_primitive
181.0665,321.7792000000002,608.7708,751.4893999999998,1206.0,2584.0,3564.0,4166.0,24.0,48.0,82.0,106.0,130.0,324.0,454.0,470.0,11.648599999999998,27.058400000000006,41.133600000000015,49.920199999999994,mof_primitive
185.90650000000002,335.1552000000002,631.2108,793.2893999999998,1207.0,2598.0,3588.0,4194.0,25.0,50.0,86.0,114.0,136.0,342.0,482.0,502.0,11.785499999999997,27.613400000000006,42.27320000000002,51.6074,mof_primitive
181.0665,321.7792000000002,608.7708,751.4893999999998,1206.0,2584.0,3564.0,4166.0,24.0,48.0,82.0,106.0,130.0,324.0,454.0,470.0,11.648599999999998,27.058400000000006,41.133600000000015,49.9202,mof_primitive
185.90650000000002,335.1552000000002,631.2108,793.2893999999998,1207.0,2598.0,3588.0,4194.0,25.0,50.0,86.0,114.0,136.0,342.0,482.0,502.0,11.785499999999997,27.613400000000006,42.27320000000002,51.6074,mof_primitive
181.06650000000002,321.7792000000001,608.7708,751.4893999999999,1206.0,2584.0,3564.0,4166.0,24.0,48.0,82.0,106.0,130.0,324.0,454.0,470.0,11.648600000000002,27.058400000000006,41.133600000000015,49.9202,mof_primitive
185.90650000000002,335.1552,631.2107999999998,793.2893999999998,1207.0,2598.0,3588.0,4194.0,25.0,50.0,86.0,114.0,136.0,342.0,482.0,502.0,11.785500000000004,27.613400000000006,42.27319999999998,51.60739999999999,mof_primitive
181.06650000000002,321.77919999999995,608.7707999999998,751.4894,1206.0,2584.0,3564.0,4166.0,24.0,48.0,82.0,106.0,130.0,324.0,454.0,470.0,11.648600000000004,27.058400000000006,41.133599999999994,49.920199999999994,mof_primitive
