f-lig-chi-0,f-lig-chi-1,f-lig-chi-2,f-lig-chi-3,f-lig-Z-0,f-lig-Z-1,f-lig-Z-2,f-lig-Z-3,f-lig-I-0,f-lig-I-1,f-lig-I-2,f-lig-I-3,f-lig-T-0,f-lig-T-1,f-lig-T-2,f-lig-T-3,f-lig-S-0,f-lig-S-1,f-lig-S-2,f-lig-S-3,name
276.44379999999995,555.2370000000001,903.0704000000001,1174.4689999999996,1312.0,2664.0,4112.0,5330.0,38.0,82.0,132.0,176.0,214.0,546.0,852.0,1112.0,18.4022,43.19700000000001,67.5556,88.90079999999999,mof_primitive
276.44379999999995,555.2370000000001,903.0704000000001,1174.4689999999996,1312.0,2664.0,4112.0,5330.0,38.0,82.0,132.0,176.0,214.0,546.0,852.0,1112.0,18.4022,43.19700000000001,67.5556,88.90079999999999,mof_primitive
276.44379999999995,555.2370000000001,903.0704,1174.4689999999996,1312.0,2664.0,4112.0,5330.0,38.0,82.0,132.0,176.0,214.0,546.0,852.0,1112.0,18.4022,43.19700000000002,67.55560000000001,88.9008,mof_primitive
276.4437999999999,555.2370000000001,903.0704,1174.4689999999996,1312.0,2664.0,4112.0,5330.0,38.0,82.0,132.0,176.0,214.0,546.0,852.0,1112.0,18.4022,43.19700000000002,67.55560000000001,88.90079999999999,mof_primitive
276.44379999999995,555.2370000000001,903.0704,1174.4689999999996,1312.0,2664.0,4112.0,5330.0,38.0,82.0,132.0,176.0,214.0,546.0,852.0,1112.0,18.4022,43.19700000000002,67.55560000000001,88.90079999999999,mof_primitive
276.44379999999995,555.2370000000001,903.0704,1174.4689999999996,1312.0,2664.0,4112.0,5330.0,38.0,82.0,132.0,176.0,214.0,546.0,852.0,1112.0,18.4022,43.19700000000002,67.55560000000001,88.90079999999999,mof_primitive
