f-lig-chi-0,f-lig-chi-1,f-lig-chi-2,f-lig-chi-3,f-lig-Z-0,f-lig-Z-1,f-lig-Z-2,f-lig-Z-3,f-lig-I-0,f-lig-I-1,f-lig-I-2,f-lig-I-3,f-lig-T-0,f-lig-T-1,f-lig-T-2,f-lig-T-3,f-lig-S-0,f-lig-S-1,f-lig-S-2,f-lig-S-3,name
220.90229999999997,428.3702,660.4595999999999,800.889,1029.0,2006.0,2928.0,3060.0,30.0,62.0,94.0,118.0,156.0,380.0,522.0,542.0,14.1742,31.95580000000001,46.19420000000001,52.30940000000001,mof_primitive
220.9023,428.3702,660.4595999999998,800.8889999999998,1029.0,2006.0,2928.0,3060.0,30.0,62.0,94.0,118.0,156.0,380.0,522.0,542.0,14.1742,31.955800000000007,46.194200000000016,52.30940000000002,mof_primitive
220.90229999999997,428.3702,660.4596,800.8890000000001,1029.0,2006.0,2928.0,3060.0,30.0,62.0,94.0,118.0,156.0,380.0,522.0,542.0,14.174200000000004,31.955800000000007,46.19420000000001,52.30940000000001,mof_primitive
220.90229999999997,428.37020000000007,660.4596,800.889,1029.0,2006.0,2928.0,3060.0,30.0,62.0,94.0,118.0,156.0,380.0,522.0,542.0,14.174200000000004,31.95580000000001,46.19420000000001,52.30940000000002,mof_primitive
220.90229999999994,428.3702,660.4595999999999,800.889,1029.0,2006.0,2928.0,3060.0,30.0,62.0,94.0,118.0,156.0,380.0,522.0,542.0,14.1742,31.955800000000014,46.19420000000001,52.30940000000001,mof_primitive
220.9023,428.37019999999995,660.4595999999998,800.8889999999998,1029.0,2006.0,2928.0,3060.0,30.0,62.0,94.0,118.0,156.0,380.0,522.0,542.0,14.1742,31.955800000000007,46.194200000000016,52.30940000000002,mof_primitive
220.90229999999994,428.3702,660.4596,800.8890000000001,1029.0,2006.0,2928.0,3060.0,30.0,62.0,94.0,118.0,156.0,380.0,522.0,542.0,14.174200000000003,31.955800000000007,46.19420000000001,52.30940000000001,mof_primitive
220.90229999999994,428.37020000000007,660.4596,800.889,1029.0,2006.0,2928.0,3060.0,30.0,62.0,94.0,118.0,156.0,380.0,522.0,542.0,14.174200000000003,31.955800000000014,46.19420000000001,52.30940000000002,mof_primitive
