f-lig-chi-0,f-lig-chi-1,f-lig-chi-2,f-lig-chi-3,f-lig-Z-0,f-lig-Z-1,f-lig-Z-2,f-lig-Z-3,f-lig-I-0,f-lig-I-1,f-lig-I-2,f-lig-I-3,f-lig-T-0,f-lig-T-1,f-lig-T-2,f-lig-T-3,f-lig-S-0,f-lig-S-1,f-lig-S-2,f-lig-S-3,name
267.5984999999999,508.3679999999998,819.8379999999999,949.8820000000001,1260.0,2400.0,3586.0,3760.0,35.0,72.0,112.0,136.0,184.0,444.0,610.0,676.0,16.5035,37.021600000000014,54.179199999999994,61.91280000000003,mof_primitive
267.5984999999999,508.3679999999998,819.8379999999999,949.8820000000001,1260.0,2400.0,3586.0,3760.0,35.0,72.0,112.0,136.0,184.0,444.0,610.0,676.0,16.5035,37.021600000000014,54.179199999999994,61.91280000000003,mof_primitive
267.5985,508.36799999999994,819.838,949.8820000000003,1260.0,2400.0,3586.0,3760.0,35.0,72.0,112.0,136.0,184.0,444.0,610.0,676.0,16.5035,37.02160000000001,54.17920000000002,61.91280000000002,mof_primitive
267.5985,508.36799999999994,819.838,949.8820000000003,1260.0,2400.0,3586.0,3760.0,35.0,72.0,112.0,136.0,184.0,444.0,610.0,676.0,16.5035,37.02160000000001,54.17920000000002,61.91280000000002,mof_primitive
