f-chi-0-all,f-chi-1-all,f-chi-2-all,f-chi-3-all,f-Z-0-all,f-Z-1-all,f-Z-2-all,f-Z-3-all,f-I-0-all,f-I-1-all,f-I-2-all,f-I-3-all,f-T-0-all,f-T-1-all,f-T-2-all,f-T-3-all,f-S-0-all,f-S-1-all,f-S-2-all,f-S-3-all,mc-chi-0-all,mc-chi-1-all,mc-chi-2-all,mc-chi-3-all,mc-Z-0-all,mc-Z-1-all,mc-Z-2-all,mc-Z-3-all,mc-I-0-all,mc-I-1-all,mc-I-2-all,mc-I-3-all,mc-T-0-all,mc-T-1-all,mc-T-2-all,mc-T-3-all,mc-S-0-all,mc-S-1-all,mc-S-2-all,mc-S-3-all,D_mc-chi-0-all,D_mc-chi-1-all,D_mc-chi-2-all,D_mc-chi-3-all,D_mc-Z-0-all,D_mc-Z-1-all,D_mc-Z-2-all,D_mc-Z-3-all,D_mc-I-0-all,D_mc-I-1-all,D_mc-I-2-all,D_mc-I-3-all,D_mc-T-0-all,D_mc-T-1-all,D_mc-T-2-all,D_mc-T-3-all,D_mc-S-0-all,D_mc-S-1-all,D_mc-S-2-all,D_mc-S-3-all,name
269.78759999999994,401.7919999999998,1509.792,2025.4720000000002,7954.0,16128.0,18624.0,18048.0,30.0,64.0,152.0,240.0,216.0,608.0,864.0,928.0,21.353400000000008,57.46560000000001,105.58959999999996,145.64960000000008,1.2100000000000002,30.271999999999995,22.44,52.711999999999996,3249.0,3648.0,2736.0,6384.0,1.0,8.0,8.0,16.0,64.0,128.0,192.0,304.0,2.8560999999999996,9.8696,10.410399999999997,20.28,0.0,-18.72,-11.599999999999996,-30.319999999999993,0.0,392.0,408.0,800.0,0.0,0.0,0.0,0.0,0.0,48.0,40.0,90.0,0.0,7.68,7.359999999999999,15.040000000000001,mof_primitive
269.7875999999999,401.79199999999986,1509.792,2025.4720000000002,7954.0,16128.0,18624.0,18048.0,30.0,64.0,152.0,240.0,216.0,608.0,864.0,928.0,21.353400000000008,57.46560000000001,105.58959999999996,145.64960000000005,1.2100000000000002,30.271999999999995,22.44,52.711999999999996,3249.0,3648.0,2736.0,6384.0,1.0,8.0,8.0,16.0,64.0,128.0,192.0,304.0,2.8560999999999996,9.8696,10.410399999999997,20.28,0.0,-18.72,-11.599999999999996,-30.319999999999993,0.0,392.0,408.0,800.0,0.0,0.0,0.0,0.0,0.0,48.0,40.0,90.0,0.0,7.68,7.359999999999999,15.040000000000001,mof_primitive
269.78759999999994,401.79199999999986,1509.792,2025.4720000000002,7954.0,16128.0,18624.0,18048.0,30.0,64.0,152.0,240.0,216.0,608.0,864.0,928.0,21.353400000000008,57.46560000000001,105.58959999999995,145.64960000000002,1.2100000000000002,30.271999999999995,22.44,52.711999999999996,3249.0,3648.0,2736.0,6384.0,1.0,8.0,8.0,16.0,64.0,128.0,192.0,304.0,2.8560999999999996,9.8696,10.410399999999997,20.28,0.0,-18.72,-11.599999999999996,-30.319999999999993,0.0,392.0,408.0,800.0,0.0,0.0,0.0,0.0,0.0,48.0,40.0,90.0,0.0,7.68,7.359999999999999,15.040000000000001,mof_primitive
