f-chi-0-all,f-chi-1-all,f-chi-2-all,f-chi-3-all,f-Z-0-all,f-Z-1-all,f-Z-2-all,f-Z-3-all,f-I-0-all,f-I-1-all,f-I-2-all,f-I-3-all,f-T-0-all,f-T-1-all,f-T-2-all,f-T-3-all,f-S-0-all,f-S-1-all,f-S-2-all,f-S-3-all,mc-chi-0-all,mc-chi-1-all,mc-chi-2-all,mc-chi-3-all,mc-Z-0-all,mc-Z-1-all,mc-Z-2-all,mc-Z-3-all,mc-I-0-all,mc-I-1-all,mc-I-2-all,mc-I-3-all,mc-T-0-all,mc-T-1-all,mc-T-2-all,mc-T-3-all,mc-S-0-all,mc-S-1-all,mc-S-2-all,mc-S-3-all,D_mc-chi-0-all,D_mc-chi-1-all,D_mc-chi-2-all,D_mc-chi-3-all,D_mc-Z-0-all,D_mc-Z-1-all,D_mc-Z-2-all,D_mc-Z-3-all,D_mc-I-0-all,D_mc-I-1-all,D_mc-I-2-all,D_mc-I-3-all,D_mc-T-0-all,D_mc-T-1-all,D_mc-T-2-all,D_mc-T-3-all,D_mc-S-0-all,D_mc-S-1-all,D_mc-S-2-all,D_mc-S-3-all,name
767.8500000000007,1788.2496000000003,5456.8624,7681.382400000002,13344.0,36864.0,74368.0,105216.0,84.0,240.0,568.0,960.0,840.0,2784.0,5600.0,8448.0,57.37799999999991,181.15680000000015,389.91280000000006,647.5392000000002,3.6481,39.42239999999999,38.951266666666676,117.19760000000004,784.0,1344.0,3098.6666666666665,3304.0,1.0,6.0,8.666666666666666,20.0,36.0,96.0,204.0,252.0,1.4641,5.299799999999999,9.494466666666666,15.052399999999997,0.0,-9.180000000000001,-3.8399999999999985,-23.160000000000007,0.0,120.0,132.0,442.0,0.0,0.0,0.0,0.0,0.0,20.0,18.0,78.0,0.0,2.8799999999999994,2.64,11.760000000000003,mof_primitive
