f-lig-chi-0,f-lig-chi-1,f-lig-chi-2,f-lig-chi-3,f-lig-Z-0,f-lig-Z-1,f-lig-Z-2,f-lig-Z-3,f-lig-I-0,f-lig-I-1,f-lig-I-2,f-lig-I-3,f-lig-T-0,f-lig-T-1,f-lig-T-2,f-lig-T-3,f-lig-S-0,f-lig-S-1,f-lig-S-2,f-lig-S-3,name
172.8876,342.567,531.5564,622.8688000000001,792.0,1584.0,2300.0,2380.0,24.0,50.0,76.0,92.0,126.0,306.0,420.0,456.0,11.192800000000002,25.579400000000003,36.967600000000004,40.90440000000001,mof_primitive
172.8876,342.567,531.5564,622.8688000000001,792.0,1584.0,2300.0,2380.0,24.0,50.0,76.0,92.0,126.0,306.0,420.0,456.0,11.192800000000002,25.579400000000003,36.967600000000004,40.90440000000001,mof_primitive
172.8876,342.567,531.5564,622.8688000000001,792.0,1584.0,2300.0,2380.0,24.0,50.0,76.0,92.0,126.0,306.0,420.0,456.0,11.192800000000002,25.579400000000003,36.967600000000004,40.90440000000001,mof_primitive
172.8876,342.56700000000006,531.5563999999999,622.8688000000002,792.0,1584.0,2300.0,2380.0,24.0,50.0,76.0,92.0,126.0,306.0,420.0,456.0,11.1928,25.579400000000007,36.967600000000004,40.90440000000001,mof_primitive
172.8876,342.56700000000006,531.5564000000002,622.8688000000001,792.0,1584.0,2300.0,2380.0,24.0,50.0,76.0,92.0,126.0,306.0,420.0,456.0,11.192799999999998,25.579400000000007,36.9676,40.90440000000001,mof_primitive
172.8876,342.56700000000006,531.5564000000002,622.8688,792.0,1584.0,2300.0,2380.0,24.0,50.0,76.0,92.0,126.0,306.0,420.0,456.0,11.192800000000002,25.579400000000007,36.9676,40.9044,mof_primitive
