f-chi-0-all,f-chi-1-all,f-chi-2-all,f-chi-3-all,f-Z-0-all,f-Z-1-all,f-Z-2-all,f-Z-3-all,f-I-0-all,f-I-1-all,f-I-2-all,f-I-3-all,f-T-0-all,f-T-1-all,f-T-2-all,f-T-3-all,f-S-0-all,f-S-1-all,f-S-2-all,f-S-3-all,mc-chi-0-all,mc-chi-1-all,mc-chi-2-all,mc-chi-3-all,mc-Z-0-all,mc-Z-1-all,mc-Z-2-all,mc-Z-3-all,mc-I-0-all,mc-I-1-all,mc-I-2-all,mc-I-3-all,mc-T-0-all,mc-T-1-all,mc-T-2-all,mc-T-3-all,mc-S-0-all,mc-S-1-all,mc-S-2-all,mc-S-3-all,D_mc-chi-0-all,D_mc-chi-1-all,D_mc-chi-2-all,D_mc-chi-3-all,D_mc-Z-0-all,D_mc-Z-1-all,D_mc-Z-2-all,D_mc-Z-3-all,D_mc-I-0-all,D_mc-I-1-all,D_mc-I-2-all,D_mc-I-3-all,D_mc-T-0-all,D_mc-T-1-all,D_mc-T-2-all,D_mc-T-3-all,D_mc-S-0-all,D_mc-S-1-all,D_mc-S-2-all,D_mc-S-3-all,name
485.4276,1036.4796000000001,2175.3486,2964.595800000001,9132.0,16812.0,24534.0,23340.0,69.0,156.0,288.0,408.0,444.0,1218.0,1992.0,2286.0,38.04900000000003,100.22639999999993,176.34539999999973,221.35140000000004,2.8560999999999996,32.8536,38.785500000000006,62.4793,2304.0,2160.0,2592.0,3360.0,1.0,6.0,9.0,14.0,36.0,90.0,162.0,180.0,2.1904,6.571199999999998,10.2564,13.4088,0.0,-9.299999999999999,-7.739999999999996,-13.309999999999997,0.0,243.0,378.0,602.0,0.0,0.0,0.0,0.0,0.0,21.0,27.0,54.0,0.0,4.439999999999999,6.39,11.659999999999998,mof_primitive
485.4275999999997,1036.4796000000003,2175.3485999999994,2964.5958,9132.0,16812.0,24534.0,23340.0,69.0,156.0,288.0,408.0,444.0,1218.0,1992.0,2286.0,38.04900000000002,100.22639999999996,176.34539999999996,221.35139999999993,2.8560999999999996,32.8536,38.785500000000006,62.4793,2304.0,2160.0,2592.0,3360.0,1.0,6.0,9.0,14.0,36.0,90.0,162.0,180.0,2.1904,6.571199999999998,10.2564,13.4088,0.0,-9.299999999999999,-7.739999999999996,-13.309999999999997,0.0,243.0,378.0,602.0,0.0,0.0,0.0,0.0,0.0,21.0,27.0,54.0,0.0,4.439999999999999,6.39,11.659999999999998,mof_primitive
