f-chi-0-all,f-chi-1-all,f-chi-2-all,f-chi-3-all,f-Z-0-all,f-Z-1-all,f-Z-2-all,f-Z-3-all,f-I-0-all,f-I-1-all,f-I-2-all,f-I-3-all,f-T-0-all,f-T-1-all,f-T-2-all,f-T-3-all,f-S-0-all,f-S-1-all,f-S-2-all,f-S-3-all,mc-chi-0-all,mc-chi-1-all,mc-chi-2-all,mc-chi-3-all,mc-Z-0-all,mc-Z-1-all,mc-Z-2-all,mc-Z-3-all,mc-I-0-all,mc-I-1-all,mc-I-2-all,mc-I-3-all,mc-T-0-all,mc-T-1-all,mc-T-2-all,mc-T-3-all,mc-S-0-all,mc-S-1-all,mc-S-2-all,mc-S-3-all,D_mc-chi-0-all,D_mc-chi-1-all,D_mc-chi-2-all,D_mc-chi-3-all,D_mc-Z-0-all,D_mc-Z-1-all,D_mc-Z-2-all,D_mc-Z-3-all,D_mc-I-0-all,D_mc-I-1-all,D_mc-I-2-all,D_mc-I-3-all,D_mc-T-0-all,D_mc-T-1-all,D_mc-T-2-all,D_mc-T-3-all,D_mc-S-0-all,D_mc-S-1-all,D_mc-S-2-all,D_mc-S-3-all,name
209.90819999999997,386.0999999999999,1253.3763999999996,820.6680000000001,9066.0,16560.0,12592.0,8352.0,24.0,64.0,132.0,104.0,252.0,832.0,800.0,512.0,17.968599999999995,58.01599999999999,84.15559999999999,64.51200000000003,1.44,31.422,14.489999999999998,34.337999999999994,3969.0,3843.0,3685.5,4221.0,1.0,8.0,5.0,10.0,64.0,160.0,140.0,216.0,2.8223999999999996,9.911999999999999,7.232399999999999,12.700799999999997,0.0,-16.585,-6.074999999999999,-16.615,0.0,443.0,256.5,563.0,0.0,0.0,0.0,0.0,0.0,44.0,22.5,53.0,0.0,7.540000000000001,4.095,9.24,mof_primitive
196.90319999999997,364.3619999999999,1327.3855999999996,1076.04,8994.0,16920.0,22346.0,16968.0,22.0,60.0,136.0,140.0,236.0,792.0,1058.0,968.0,16.782799999999998,55.3756,93.085,95.39880000000001,1.44,31.422,14.489999999999998,34.337999999999994,3969.0,3843.0,3685.5,4221.0,1.0,8.0,5.0,10.0,64.0,160.0,140.0,216.0,2.8223999999999996,9.911999999999999,7.232399999999999,12.700799999999997,0.0,-16.585,-6.074999999999999,-16.615,0.0,443.0,256.5,563.0,0.0,0.0,0.0,0.0,0.0,44.0,22.5,53.0,0.0,7.540000000000001,4.095,9.24,mof_primitive
