f-lig-chi-0,f-lig-chi-1,f-lig-chi-2,f-lig-chi-3,f-lig-Z-0,f-lig-Z-1,f-lig-Z-2,f-lig-Z-3,f-lig-I-0,f-lig-I-1,f-lig-I-2,f-lig-I-3,f-lig-T-0,f-lig-T-1,f-lig-T-2,f-lig-T-3,f-lig-S-0,f-lig-S-1,f-lig-S-2,f-lig-S-3,name
122.20040000000002,188.62920000000003,398.3106,374.34119999999996,959.0,2016.0,2016.0,1272.0,15.0,28.0,50.0,48.0,78.0,176.0,176.0,144.0,7.740499999999999,17.1396,23.410999999999998,18.596399999999996,mof_primitive
122.20040000000002,188.62920000000003,398.31059999999985,374.3411999999999,959.0,2016.0,2016.0,1272.0,15.0,28.0,50.0,48.0,78.0,176.0,176.0,144.0,7.740499999999998,17.1396,23.411,18.596399999999996,mof_primitive
122.20040000000002,188.62920000000003,398.3106,374.34119999999996,959.0,2016.0,2016.0,1272.0,15.0,28.0,50.0,48.0,78.0,176.0,176.0,144.0,7.740499999999999,17.1396,23.410999999999998,18.596400000000003,mof_primitive
122.2004,188.62920000000003,398.31059999999997,374.3412,959.0,2016.0,2016.0,1272.0,15.0,28.0,50.0,48.0,78.0,176.0,176.0,144.0,7.7405,17.1396,23.410999999999998,18.596399999999996,mof_primitive
122.2282,268.82099999999997,406.22,458.81200000000007,466.0,1080.0,1400.0,1288.0,20.0,42.0,64.0,76.0,106.0,258.0,352.0,360.0,8.1492,19.850600000000004,27.907200000000003,28.971600000000002,mof_primitive
122.2282,268.82099999999997,406.22,458.81200000000007,466.0,1080.0,1400.0,1288.0,20.0,42.0,64.0,76.0,106.0,258.0,352.0,360.0,8.1492,19.850600000000004,27.907200000000003,28.971600000000002,mof_primitive
