f-chi-0-all,f-chi-1-all,f-chi-2-all,f-chi-3-all,f-Z-0-all,f-Z-1-all,f-Z-2-all,f-Z-3-all,f-I-0-all,f-I-1-all,f-I-2-all,f-I-3-all,f-T-0-all,f-T-1-all,f-T-2-all,f-T-3-all,f-S-0-all,f-S-1-all,f-S-2-all,f-S-3-all,mc-chi-0-all,mc-chi-1-all,mc-chi-2-all,mc-chi-3-all,mc-Z-0-all,mc-Z-1-all,mc-Z-2-all,mc-Z-3-all,mc-I-0-all,mc-I-1-all,mc-I-2-all,mc-I-3-all,mc-T-0-all,mc-T-1-all,mc-T-2-all,mc-T-3-all,mc-S-0-all,mc-S-1-all,mc-S-2-all,mc-S-3-all,D_mc-chi-0-all,D_mc-chi-1-all,D_mc-chi-2-all,D_mc-chi-3-all,D_mc-Z-0-all,D_mc-Z-1-all,D_mc-Z-2-all,D_mc-Z-3-all,D_mc-I-0-all,D_mc-I-1-all,D_mc-I-2-all,D_mc-I-3-all,D_mc-T-0-all,D_mc-T-1-all,D_mc-T-2-all,D_mc-T-3-all,D_mc-S-0-all,D_mc-S-1-all,D_mc-S-2-all,D_mc-S-3-all,name
274.2939999999999,579.3384,1410.7544,1702.4040000000007,5518.0,11492.0,20280.0,25812.0,34.0,84.0,168.0,232.0,252.0,692.0,1192.0,1540.0,25.77380000000002,67.90839999999999,121.99320000000006,169.72160000000005,3.61,25.384,24.263,66.291,841.0,899.0,1667.5,2001.0,1.0,4.0,5.5,12.0,17.0,41.5,85.5,106.0,1.9043999999999994,4.057199999999999,6.768899999999999,10.764,0.0,-5.76,-2.3200000000000003,-12.09,0.0,85.0,102.0,279.0,0.0,0.0,0.0,0.0,0.0,7.5,5.0,25.0,0.0,2.5799999999999996,2.6849999999999987,8.76,mof_primitive
274.2939999999999,579.3384,1410.7544,1702.4040000000007,5518.0,11492.0,20280.0,25812.0,34.0,84.0,168.0,232.0,252.0,692.0,1192.0,1540.0,25.77380000000002,67.90839999999999,121.99320000000006,169.72160000000005,3.61,25.384,24.263,66.291,841.0,899.0,1667.5,2001.0,1.0,4.0,5.5,12.0,17.0,41.5,85.5,106.0,1.9043999999999994,4.057199999999999,6.768899999999999,10.764,0.0,-5.76,-2.3200000000000003,-12.09,0.0,85.0,102.0,279.0,0.0,0.0,0.0,0.0,0.0,7.5,5.0,25.0,0.0,2.5799999999999996,2.6849999999999987,8.76,mof_primitive
