f-lig-chi-0,f-lig-chi-1,f-lig-chi-2,f-lig-chi-3,f-lig-Z-0,f-lig-Z-1,f-lig-Z-2,f-lig-Z-3,f-lig-I-0,f-lig-I-1,f-lig-I-2,f-lig-I-3,f-lig-T-0,f-lig-T-1,f-lig-T-2,f-lig-T-3,f-lig-S-0,f-lig-S-1,f-lig-S-2,f-lig-S-3,name
203.09939999999997,407.031,609.1503999999999,690.2960000000002,912.0,1848.0,2560.0,2408.0,30.0,62.0,92.0,112.0,154.0,370.0,500.0,544.0,13.899,31.585400000000014,44.20440000000001,47.72640000000001,mof_primitive
203.09939999999997,407.031,609.1503999999998,690.296,912.0,1848.0,2560.0,2408.0,30.0,62.0,92.0,112.0,154.0,370.0,500.0,544.0,13.899,31.585400000000014,44.20440000000001,47.72640000000002,mof_primitive
203.09939999999997,407.031,609.1503999999999,690.2960000000002,912.0,1848.0,2560.0,2408.0,30.0,62.0,92.0,112.0,154.0,370.0,500.0,544.0,13.899,31.585400000000014,44.204400000000014,47.72640000000001,mof_primitive
203.09939999999997,407.031,609.1503999999999,690.296,912.0,1848.0,2560.0,2408.0,30.0,62.0,92.0,112.0,154.0,370.0,500.0,544.0,13.899000000000001,31.585400000000014,44.204400000000014,47.72640000000001,mof_primitive
203.09939999999995,407.031,609.1504000000002,690.2960000000002,912.0,1848.0,2560.0,2408.0,30.0,62.0,92.0,112.0,154.0,370.0,500.0,544.0,13.899000000000003,31.58540000000001,44.204400000000014,47.726400000000005,mof_primitive
203.09939999999995,407.031,609.1504000000003,690.2960000000002,912.0,1848.0,2560.0,2408.0,30.0,62.0,92.0,112.0,154.0,370.0,500.0,544.0,13.899000000000003,31.58540000000001,44.204400000000014,47.726400000000005,mof_primitive
203.09939999999997,407.03100000000006,609.1504000000003,690.296,912.0,1848.0,2560.0,2408.0,30.0,62.0,92.0,112.0,154.0,370.0,500.0,544.0,13.899000000000004,31.58540000000001,44.204400000000014,47.726400000000005,mof_primitive
203.09939999999997,407.03100000000006,609.1504000000003,690.296,912.0,1848.0,2560.0,2408.0,30.0,62.0,92.0,112.0,154.0,370.0,500.0,544.0,13.899000000000004,31.58540000000001,44.204400000000014,47.7264,mof_primitive
