f-chi-0-all,f-chi-1-all,f-chi-2-all,f-chi-3-all,f-Z-0-all,f-Z-1-all,f-Z-2-all,f-Z-3-all,f-I-0-all,f-I-1-all,f-I-2-all,f-I-3-all,f-T-0-all,f-T-1-all,f-T-2-all,f-T-3-all,f-S-0-all,f-S-1-all,f-S-2-all,f-S-3-all,mc-chi-0-all,mc-chi-1-all,mc-chi-2-all,mc-chi-3-all,mc-Z-0-all,mc-Z-1-all,mc-Z-2-all,mc-Z-3-all,mc-I-0-all,mc-I-1-all,mc-I-2-all,mc-I-3-all,mc-T-0-all,mc-T-1-all,mc-T-2-all,mc-T-3-all,mc-S-0-all,mc-S-1-all,mc-S-2-all,mc-S-3-all,D_mc-chi-0-all,D_mc-chi-1-all,D_mc-chi-2-all,D_mc-chi-3-all,D_mc-Z-0-all,D_mc-Z-1-all,D_mc-Z-2-all,D_mc-Z-3-all,D_mc-I-0-all,D_mc-I-1-all,D_mc-I-2-all,D_mc-I-3-all,D_mc-T-0-all,D_mc-T-1-all,D_mc-T-2-all,D_mc-T-3-all,D_mc-S-0-all,D_mc-S-1-all,D_mc-S-2-all,D_mc-S-3-all,name
321.73199999999986,668.7359999999996,1738.7967999999987,1784.396799999999,6006.0,14496.0,27956.0,32160.0,35.0,92.0,180.0,236.0,288.0,868.0,1524.0,1864.0,25.459700000000023,73.17520000000003,131.00959999999998,177.0104000000001,3.5343999999999984,32.336000000000006,24.565333333333328,79.61173333333333,729.0,1080.0,2862.0,2664.0,1.0,5.0,6.0,13.0,25.0,61.666666666666664,123.33333333333333,136.66666666666666,1.5876000000000001,4.599000000000001,7.879200000000001,12.091800000000005,0.0,-7.799999999999998,-1.7866666666666664,-17.906666666666666,0.0,95.0,56.0,252.33333333333334,0.0,0.0,0.0,0.0,0.0,12.666666666666666,5.333333333333333,37.666666666666664,0.0,2.65,1.3066666666666669,6.783333333333335,mof_primitive
321.73199999999986,668.7359999999995,1738.7967999999992,1784.3967999999988,6006.0,14496.0,27956.0,32160.0,35.0,92.0,180.0,236.0,288.0,868.0,1524.0,1864.0,25.459700000000026,73.17520000000002,131.00960000000003,177.01040000000006,3.5343999999999984,32.336000000000006,24.565333333333328,79.61173333333333,729.0,1080.0,2862.0,2664.0,1.0,5.0,6.0,13.0,25.0,61.666666666666664,123.33333333333333,136.66666666666666,1.5876000000000001,4.599000000000001,7.879200000000001,12.091800000000005,0.0,-7.799999999999998,-1.7866666666666664,-17.906666666666666,0.0,95.0,56.0,252.33333333333334,0.0,0.0,0.0,0.0,0.0,12.666666666666666,5.333333333333333,37.666666666666664,0.0,2.65,1.3066666666666669,6.783333333333335,mof_primitive
