f-lig-chi-0,f-lig-chi-1,f-lig-chi-2,f-lig-chi-3,f-lig-Z-0,f-lig-Z-1,f-lig-Z-2,f-lig-Z-3,f-lig-I-0,f-lig-I-1,f-lig-I-2,f-lig-I-3,f-lig-T-0,f-lig-T-1,f-lig-T-2,f-lig-T-3,f-lig-S-0,f-lig-S-1,f-lig-S-2,f-lig-S-3,name
118.7144,219.09599999999995,337.32039999999995,385.387,548.0,1008.0,1456.0,1420.0,16.0,32.0,48.0,58.0,80.0,192.0,256.0,250.0,7.422399999999999,16.262400000000007,23.044800000000002,24.679399999999998,mof_primitive
104.58300000000001,227.37060000000005,320.57560000000007,296.41999999999996,465.0,1038.0,1330.0,1004.0,15.0,32.0,46.0,46.0,78.0,186.0,248.0,216.0,6.9174999999999995,16.203200000000002,21.948600000000006,19.044199999999996,mof_primitive
118.71440000000001,219.09599999999998,337.3204,385.38699999999994,548.0,1008.0,1456.0,1420.0,16.0,32.0,48.0,58.0,80.0,192.0,256.0,250.0,7.4224,16.262400000000007,23.044800000000006,24.679399999999994,mof_primitive
118.71440000000001,219.096,337.32039999999995,385.38699999999994,548.0,1008.0,1456.0,1420.0,16.0,32.0,48.0,58.0,80.0,192.0,256.0,250.0,7.422399999999999,16.262400000000003,23.044800000000002,24.679399999999994,mof_primitive
118.7144,219.096,337.3204,385.38699999999994,548.0,1008.0,1456.0,1420.0,16.0,32.0,48.0,58.0,80.0,192.0,256.0,250.0,7.4224,16.262400000000003,23.044800000000006,24.679399999999998,mof_primitive
104.58300000000001,227.37060000000002,320.57560000000007,296.42,465.0,1038.0,1330.0,1004.0,15.0,32.0,46.0,46.0,78.0,186.0,248.0,216.0,6.9174999999999995,16.203200000000002,21.948600000000006,19.0442,mof_primitive
