f-lig-chi-0,f-lig-chi-1,f-lig-chi-2,f-lig-chi-3,f-lig-Z-0,f-lig-Z-1,f-lig-Z-2,f-lig-Z-3,f-lig-I-0,f-lig-I-1,f-lig-I-2,f-lig-I-3,f-lig-T-0,f-lig-T-1,f-lig-T-2,f-lig-T-3,f-lig-S-0,f-lig-S-1,f-lig-S-2,f-lig-S-3,name
165.54999999999998,366.40520000000004,558.1594,596.0020000000001,700.0,1610.0,2224.0,2032.0,25.0,54.0,82.0,92.0,136.0,332.0,458.0,444.0,10.9929,26.719800000000006,38.15140000000001,38.02680000000001,mof_primitive
165.54999999999998,366.40520000000004,558.1594000000001,596.002,700.0,1610.0,2224.0,2032.0,25.0,54.0,82.0,92.0,136.0,332.0,458.0,444.0,10.992900000000002,26.719800000000006,38.1514,38.02680000000001,mof_primitive
165.55,366.40520000000015,558.1594000000001,596.002,700.0,1610.0,2224.0,2032.0,25.0,54.0,82.0,92.0,136.0,332.0,458.0,444.0,10.9929,26.719800000000006,38.15140000000001,38.02680000000001,mof_primitive
165.55,366.40520000000015,558.1594000000001,596.002,700.0,1610.0,2224.0,2032.0,25.0,54.0,82.0,92.0,136.0,332.0,458.0,444.0,10.9929,26.719800000000006,38.15140000000001,38.02680000000001,mof_primitive
22.4005,28.662,15.6864,0.0,341.0,276.0,224.0,0.0,3.0,4.0,2.0,0.0,6.0,8.0,2.0,0.0,2.1958,2.7258,1.53,0.0,mof_primitive
22.4005,28.662,15.6864,0.0,341.0,276.0,224.0,0.0,3.0,4.0,2.0,0.0,6.0,8.0,2.0,0.0,2.1958,2.7258,1.53,0.0,mof_primitive
22.4005,28.662,15.6864,0.0,341.0,276.0,224.0,0.0,3.0,4.0,2.0,0.0,6.0,8.0,2.0,0.0,2.1958,2.7258,1.53,0.0,mof_primitive
22.4005,28.662,15.6864,0.0,341.0,276.0,224.0,0.0,3.0,4.0,2.0,0.0,6.0,8.0,2.0,0.0,2.1958,2.7258,1.53,0.0,mof_primitive
