f-lig-chi-0,f-lig-chi-1,f-lig-chi-2,f-lig-chi-3,f-lig-Z-0,f-lig-Z-1,f-lig-Z-2,f-lig-Z-3,f-lig-I-0,f-lig-I-1,f-lig-I-2,f-lig-I-3,f-lig-T-0,f-lig-T-1,f-lig-T-2,f-lig-T-3,f-lig-S-0,f-lig-S-1,f-lig-S-2,f-lig-S-3,name
254.1364,613.0624000000001,1158.0279999999998,1659.1569999999995,934.0,2476.0,4072.0,5032.0,42.0,96.0,188.0,274.0,284.0,788.0,1288.0,1570.0,16.57220000000001,45.585600000000014,80.39159999999998,105.4594,mof_primitive
254.1364,613.0624000000003,1158.0279999999998,1659.1569999999997,934.0,2476.0,4072.0,5032.0,42.0,96.0,188.0,274.0,284.0,788.0,1288.0,1570.0,16.57220000000001,45.585600000000014,80.3916,105.45939999999999,mof_primitive
254.1364,613.0624000000001,1158.0280000000002,1659.1570000000002,934.0,2476.0,4072.0,5032.0,42.0,96.0,188.0,274.0,284.0,788.0,1288.0,1570.0,16.5722,45.58560000000002,80.39160000000004,105.45939999999999,mof_primitive
254.13640000000004,613.0624000000003,1158.0279999999998,1659.1569999999995,934.0,2476.0,4072.0,5032.0,42.0,96.0,188.0,274.0,284.0,788.0,1288.0,1570.0,16.57220000000001,45.585600000000014,80.39159999999998,105.45939999999999,mof_primitive
