f-chi-0-all,f-chi-1-all,f-chi-2-all,f-chi-3-all,f-Z-0-all,f-Z-1-all,f-Z-2-all,f-Z-3-all,f-I-0-all,f-I-1-all,f-I-2-all,f-I-3-all,f-T-0-all,f-T-1-all,f-T-2-all,f-T-3-all,f-S-0-all,f-S-1-all,f-S-2-all,f-S-3-all,mc-chi-0-all,mc-chi-1-all,mc-chi-2-all,mc-chi-3-all,mc-Z-0-all,mc-Z-1-all,mc-Z-2-all,mc-Z-3-all,mc-I-0-all,mc-I-1-all,mc-I-2-all,mc-I-3-all,mc-T-0-all,mc-T-1-all,mc-T-2-all,mc-T-3-all,mc-S-0-all,mc-S-1-all,mc-S-2-all,mc-S-3-all,D_mc-chi-0-all,D_mc-chi-1-all,D_mc-chi-2-all,D_mc-chi-3-all,D_mc-Z-0-all,D_mc-Z-1-all,D_mc-Z-2-all,D_mc-Z-3-all,D_mc-I-0-all,D_mc-I-1-all,D_mc-I-2-all,D_mc-I-3-all,D_mc-T-0-all,D_mc-T-1-all,D_mc-T-2-all,D_mc-T-3-all,D_mc-S-0-all,D_mc-S-1-all,D_mc-S-2-all,D_mc-S-3-all,name
180.33520000000001,386.4448,784.0703999999997,1001.4760000000001,5200.0,12200.0,19944.0,20832.0,24.0,56.0,104.0,136.0,160.0,440.0,728.0,744.0,20.781200000000002,52.15919999999999,94.1376,114.67759999999994,3.61,23.56,28.461999999999993,52.62999999999999,841.0,1392.0,2436.0,2436.0,1.0,4.0,6.0,10.0,16.0,40.0,80.0,120.0,1.9043999999999994,4.8024,8.004,11.177999999999999,0.0,-4.800000000000001,-3.579999999999999,-8.700000000000001,0.0,68.0,90.0,206.0,0.0,0.0,0.0,0.0,0.0,6.0,4.0,10.0,0.0,2.0399999999999996,2.48,5.6999999999999975,mof_primitive
180.33520000000004,386.4448,784.0703999999998,1001.4760000000002,5200.0,12200.0,19944.0,20832.0,24.0,56.0,104.0,136.0,160.0,440.0,728.0,744.0,20.7812,52.159199999999984,94.13759999999996,114.67759999999997,3.61,23.56,28.461999999999993,52.62999999999999,841.0,1392.0,2436.0,2436.0,1.0,4.0,6.0,10.0,16.0,40.0,80.0,120.0,1.9043999999999994,4.8024,8.004,11.177999999999999,0.0,-4.800000000000001,-3.579999999999999,-8.700000000000001,0.0,68.0,90.0,206.0,0.0,0.0,0.0,0.0,0.0,6.0,4.0,10.0,0.0,2.0399999999999996,2.48,5.6999999999999975,mof_primitive
