f-lig-chi-0,f-lig-chi-1,f-lig-chi-2,f-lig-chi-3,f-lig-Z-0,f-lig-Z-1,f-lig-Z-2,f-lig-Z-3,f-lig-I-0,f-lig-I-1,f-lig-I-2,f-lig-I-3,f-lig-T-0,f-lig-T-1,f-lig-T-2,f-lig-T-3,f-lig-S-0,f-lig-S-1,f-lig-S-2,f-lig-S-3,name
249.9346,569.5806,927.114,1019.062,958.0,2322.0,3222.0,2704.0,40.0,86.0,142.0,164.0,228.0,570.0,810.0,808.0,16.2376,40.673800000000014,61.01180000000003,61.657600000000016,mof_primitive
249.9346,569.5806000000001,927.114,1019.0620000000001,958.0,2322.0,3222.0,2704.0,40.0,86.0,142.0,164.0,228.0,570.0,810.0,808.0,16.2376,40.67380000000002,61.01180000000003,61.657600000000016,mof_primitive
249.93460000000002,569.5806000000001,927.1139999999999,1019.062,958.0,2322.0,3222.0,2704.0,40.0,86.0,142.0,164.0,228.0,570.0,810.0,808.0,16.237599999999997,40.67380000000002,61.01180000000003,61.657600000000016,mof_primitive
249.93460000000005,569.5806000000003,927.1140000000004,1019.0620000000006,958.0,2322.0,3222.0,2704.0,40.0,86.0,142.0,164.0,228.0,570.0,810.0,808.0,16.23760000000001,40.67380000000002,61.011799999999994,61.6576,mof_primitive
