f-chi-0-all,f-chi-1-all,f-chi-2-all,f-chi-3-all,f-Z-0-all,f-Z-1-all,f-Z-2-all,f-Z-3-all,f-I-0-all,f-I-1-all,f-I-2-all,f-I-3-all,f-T-0-all,f-T-1-all,f-T-2-all,f-T-3-all,f-S-0-all,f-S-1-all,f-S-2-all,f-S-3-all,mc-chi-0-all,mc-chi-1-all,mc-chi-2-all,mc-chi-3-all,mc-Z-0-all,mc-Z-1-all,mc-Z-2-all,mc-Z-3-all,mc-I-0-all,mc-I-1-all,mc-I-2-all,mc-I-3-all,mc-T-0-all,mc-T-1-all,mc-T-2-all,mc-T-3-all,mc-S-0-all,mc-S-1-all,mc-S-2-all,mc-S-3-all,D_mc-chi-0-all,D_mc-chi-1-all,D_mc-chi-2-all,D_mc-chi-3-all,D_mc-Z-0-all,D_mc-Z-1-all,D_mc-Z-2-all,D_mc-Z-3-all,D_mc-I-0-all,D_mc-I-1-all,D_mc-I-2-all,D_mc-I-3-all,D_mc-T-0-all,D_mc-T-1-all,D_mc-T-2-all,D_mc-T-3-all,D_mc-S-0-all,D_mc-S-1-all,D_mc-S-2-all,D_mc-S-3-all,name
343.80099999999993,757.4208,1645.6323999999993,2308.4752000000008,4894.0,11208.0,21882.0,24952.0,44.0,104.0,200.0,308.0,308.0,912.0,1674.0,2116.0,25.810400000000023,71.0784,132.81980000000001,185.32760000000005,3.61,31.919999999999995,38.028499999999994,81.3295,841.0,1131.0,2958.0,2769.5,1.0,5.0,8.5,14.0,25.0,70.0,137.5,167.5,1.9043999999999994,5.064599999999999,10.280999999999999,13.869,0.0,-7.299999999999999,-3.865,-16.205000000000002,0.0,106.0,144.5,310.5,0.0,0.0,0.0,0.0,0.0,11.0,15.0,36.5,0.0,3.23,4.2799999999999985,9.27,mof_primitive
343.80099999999993,757.4208,1645.6323999999993,2308.4752000000008,4894.0,11208.0,21882.0,24952.0,44.0,104.0,200.0,308.0,308.0,912.0,1674.0,2116.0,25.810400000000023,71.07839999999999,132.81980000000001,185.32760000000005,3.61,31.919999999999995,38.028499999999994,81.3295,841.0,1131.0,2958.0,2769.5,1.0,5.0,8.5,14.0,25.0,70.0,137.5,167.5,1.9043999999999994,5.064599999999999,10.280999999999999,13.869,0.0,-7.299999999999999,-3.865,-16.205000000000002,0.0,106.0,144.5,310.5,0.0,0.0,0.0,0.0,0.0,11.0,15.0,36.5,0.0,3.23,4.2799999999999985,9.27,mof_primitive
