f-lig-chi-0,f-lig-chi-1,f-lig-chi-2,f-lig-chi-3,f-lig-Z-0,f-lig-Z-1,f-lig-Z-2,f-lig-Z-3,f-lig-I-0,f-lig-I-1,f-lig-I-2,f-lig-I-3,f-lig-T-0,f-lig-T-1,f-lig-T-2,f-lig-T-3,f-lig-S-0,f-lig-S-1,f-lig-S-2,f-lig-S-3,name
479.20649999999966,946.9170000000008,1552.1082000000015,1902.7950000000003,2166.0,4320.0,6486.0,7080.0,66.0,138.0,222.0,282.0,360.0,888.0,1266.0,1458.0,30.023400000000024,69.62340000000003,104.52060000000003,124.14660000000002,mof_primitive
479.20649999999966,946.9170000000009,1552.1082000000008,1902.7950000000008,2166.0,4320.0,6486.0,7080.0,66.0,138.0,222.0,282.0,360.0,888.0,1266.0,1458.0,30.023400000000024,69.62340000000005,104.52060000000003,124.14660000000006,mof_primitive
479.2064999999997,946.9170000000008,1552.1082000000013,1902.795000000001,2166.0,4320.0,6486.0,7080.0,66.0,138.0,222.0,282.0,360.0,888.0,1266.0,1458.0,30.023400000000024,69.62340000000003,104.52060000000003,124.14660000000006,mof_primitive
479.20649999999966,946.9170000000008,1552.108200000001,1902.7950000000008,2166.0,4320.0,6486.0,7080.0,66.0,138.0,222.0,282.0,360.0,888.0,1266.0,1458.0,30.023400000000027,69.62340000000003,104.52060000000004,124.14660000000005,mof_primitive
479.2064999999997,946.9170000000007,1552.1082000000008,1902.7950000000003,2166.0,4320.0,6486.0,7080.0,66.0,138.0,222.0,282.0,360.0,888.0,1266.0,1458.0,30.02340000000002,69.62340000000002,104.52060000000003,124.14660000000003,mof_primitive
479.20649999999955,946.9170000000007,1552.1082000000008,1902.7949999999998,2166.0,4320.0,6486.0,7080.0,66.0,138.0,222.0,282.0,360.0,888.0,1266.0,1458.0,30.02340000000002,69.62339999999999,104.52060000000004,124.14660000000002,mof_primitive
479.20649999999966,946.9170000000007,1552.1082000000008,1902.7950000000003,2166.0,4320.0,6486.0,7080.0,66.0,138.0,222.0,282.0,360.0,888.0,1266.0,1458.0,30.02340000000002,69.62339999999998,104.52060000000004,124.14660000000003,mof_primitive
479.2064999999997,946.9170000000008,1552.1082000000013,1902.7950000000005,2166.0,4320.0,6486.0,7080.0,66.0,138.0,222.0,282.0,360.0,888.0,1266.0,1458.0,30.023400000000013,69.62340000000003,104.52060000000006,124.14660000000005,mof_primitive
