f-lig-chi-0,f-lig-chi-1,f-lig-chi-2,f-lig-chi-3,f-lig-Z-0,f-lig-Z-1,f-lig-Z-2,f-lig-Z-3,f-lig-I-0,f-lig-I-1,f-lig-I-2,f-lig-I-3,f-lig-T-0,f-lig-T-1,f-lig-T-2,f-lig-T-3,f-lig-S-0,f-lig-S-1,f-lig-S-2,f-lig-S-3,name
252.9727,492.3062,818.6945999999998,1015.8422000000002,1003.0,1964.0,2844.0,3296.0,37.0,74.0,128.0,154.0,202.0,490.0,670.0,902.0,14.6773,34.14500000000001,51.22000000000001,64.52820000000001,mof_primitive
252.9727,492.3062,818.6945999999998,1015.8422000000002,1003.0,1964.0,2844.0,3296.0,37.0,74.0,128.0,154.0,202.0,490.0,670.0,902.0,14.6773,34.14500000000001,51.22000000000001,64.52820000000001,mof_primitive
252.9727,492.3062,818.6945999999998,1015.8422000000002,1003.0,1964.0,2844.0,3296.0,37.0,74.0,128.0,154.0,202.0,490.0,670.0,902.0,14.6773,34.14500000000001,51.22000000000001,64.52820000000001,mof_primitive
252.9727,492.3062,818.6945999999998,1015.8422000000002,1003.0,1964.0,2844.0,3296.0,37.0,74.0,128.0,154.0,202.0,490.0,670.0,902.0,14.6773,34.14500000000001,51.22000000000001,64.52820000000001,mof_primitive
252.9727,492.3062,818.6945999999998,1015.8422000000002,1003.0,1964.0,2844.0,3296.0,37.0,74.0,128.0,154.0,202.0,490.0,670.0,902.0,14.677299999999999,34.14500000000001,51.22000000000001,64.52820000000001,mof_primitive
252.9727,492.3062,818.6945999999998,1015.8422000000002,1003.0,1964.0,2844.0,3296.0,37.0,74.0,128.0,154.0,202.0,490.0,670.0,902.0,14.677299999999999,34.14500000000001,51.22000000000001,64.52820000000001,mof_primitive
252.9727,492.3062,818.6945999999998,1015.8422000000002,1003.0,1964.0,2844.0,3296.0,37.0,74.0,128.0,154.0,202.0,490.0,670.0,902.0,14.677299999999999,34.14500000000001,51.22000000000001,64.52820000000001,mof_primitive
252.9727,492.3062,818.6945999999998,1015.8422000000002,1003.0,1964.0,2844.0,3296.0,37.0,74.0,128.0,154.0,202.0,490.0,670.0,902.0,14.677299999999999,34.14500000000001,51.22000000000001,64.52820000000001,mof_primitive
