f-chi-0-all,f-chi-1-all,f-chi-2-all,f-chi-3-all,f-Z-0-all,f-Z-1-all,f-Z-2-all,f-Z-3-all,f-I-0-all,f-I-1-all,f-I-2-all,f-I-3-all,f-T-0-all,f-T-1-all,f-T-2-all,f-T-3-all,f-S-0-all,f-S-1-all,f-S-2-all,f-S-3-all,mc-chi-0-all,mc-chi-1-all,mc-chi-2-all,mc-chi-3-all,mc-Z-0-all,mc-Z-1-all,mc-Z-2-all,mc-Z-3-all,mc-I-0-all,mc-I-1-all,mc-I-2-all,mc-I-3-all,mc-T-0-all,mc-T-1-all,mc-T-2-all,mc-T-3-all,mc-S-0-all,mc-S-1-all,mc-S-2-all,mc-S-3-all,D_mc-chi-0-all,D_mc-chi-1-all,D_mc-chi-2-all,D_mc-chi-3-all,D_mc-Z-0-all,D_mc-Z-1-all,D_mc-Z-2-all,D_mc-Z-3-all,D_mc-I-0-all,D_mc-I-1-all,D_mc-I-2-all,D_mc-I-3-all,D_mc-T-0-all,D_mc-T-1-all,D_mc-T-2-all,D_mc-T-3-all,D_mc-S-0-all,D_mc-S-1-all,D_mc-S-2-all,D_mc-S-3-all,name
252.7369,456.576,928.0187999999998,1488.9120000000007,8599.0,12048.0,21198.0,18012.0,34.0,72.0,126.0,192.0,210.0,612.0,912.0,972.0,27.657400000000003,64.05960000000002,116.15759999999999,131.99640000000008,2.3101749999999996,20.658,24.607949999999995,67.81484999999999,1818.25,1308.0,2835.0,3766.5,1.0,4.5,7.5,16.5,21.0,63.0,117.0,171.0,2.6032,5.4318,11.7432,18.247799999999998,0.0,-8.580000000000002,-6.465,-23.129999999999995,0.0,138.0,208.5,564.0,0.0,0.0,0.0,0.0,0.0,7.5,9.0,37.5,0.0,4.065,4.98,15.345000000000002,mof_primitive
252.73690000000002,456.5759999999999,928.0187999999997,1488.9120000000005,8599.0,12048.0,21198.0,18012.0,34.0,72.0,126.0,192.0,210.0,612.0,912.0,972.0,27.657400000000003,64.05960000000002,116.15759999999999,131.99640000000005,2.3101749999999996,20.658,24.607949999999995,67.81484999999999,1818.25,1308.0,2835.0,3766.5,1.0,4.5,7.5,16.5,21.0,63.0,117.0,171.0,2.6032,5.4318,11.7432,18.247799999999998,0.0,-8.580000000000002,-6.465,-23.129999999999995,0.0,138.0,208.5,564.0,0.0,0.0,0.0,0.0,0.0,7.5,9.0,37.5,0.0,4.065,4.98,15.345000000000002,mof_primitive
