f-lig-chi-0,f-lig-chi-1,f-lig-chi-2,f-lig-chi-3,f-lig-Z-0,f-lig-Z-1,f-lig-Z-2,f-lig-Z-3,f-lig-I-0,f-lig-I-1,f-lig-I-2,f-lig-I-3,f-lig-T-0,f-lig-T-1,f-lig-T-2,f-lig-T-3,f-lig-S-0,f-lig-S-1,f-lig-S-2,f-lig-S-3,name
118.7144,219.096,337.32039999999995,385.38699999999994,548.0,1008.0,1456.0,1420.0,16.0,32.0,48.0,58.0,80.0,192.0,256.0,250.0,7.4224,16.262400000000003,23.044800000000002,24.6794,mof_primitive
201.73879999999994,392.40099999999984,581.7124,783.2292,950.0,1792.0,2800.0,3522.0,26.0,54.0,80.0,108.0,134.0,334.0,496.0,606.0,12.199400000000004,27.709400000000002,41.524800000000006,53.08600000000001,mof_primitive
179.09549999999996,347.51400000000007,573.1744000000001,671.9859999999998,726.0,1416.0,2014.0,2134.0,26.0,52.0,86.0,104.0,138.0,334.0,430.0,438.0,10.5554,24.301200000000005,35.227000000000004,39.09760000000001,mof_primitive
179.09549999999996,347.51400000000007,573.1744000000001,671.9859999999998,726.0,1416.0,2014.0,2134.0,26.0,52.0,86.0,104.0,138.0,334.0,430.0,438.0,10.5554,24.301200000000005,35.227000000000004,39.09760000000001,mof_primitive
118.7144,219.09599999999998,337.3204,385.387,548.0,1008.0,1456.0,1420.0,16.0,32.0,48.0,58.0,80.0,192.0,256.0,250.0,7.4224,16.262400000000003,23.0448,24.679399999999998,mof_primitive
118.7144,219.09599999999998,337.32039999999995,385.38699999999994,548.0,1008.0,1456.0,1420.0,16.0,32.0,48.0,58.0,80.0,192.0,256.0,250.0,7.4224000000000006,16.262400000000003,23.0448,24.679399999999994,mof_primitive
