f-lig-chi-0,f-lig-chi-1,f-lig-chi-2,f-lig-chi-3,f-lig-Z-0,f-lig-Z-1,f-lig-Z-2,f-lig-Z-3,f-lig-I-0,f-lig-I-1,f-lig-I-2,f-lig-I-3,f-lig-T-0,f-lig-T-1,f-lig-T-2,f-lig-T-3,f-lig-S-0,f-lig-S-1,f-lig-S-2,f-lig-S-3,name
251.11409999999992,518.3639999999999,846.4055999999996,1083.3630000000003,1149.0,2412.0,3768.0,4326.0,36.0,78.0,126.0,168.0,204.0,522.0,798.0,960.0,16.880400000000005,40.33260000000001,62.88780000000001,77.65200000000003,mof_primitive
251.11409999999992,518.3639999999999,846.4055999999996,1083.3630000000003,1149.0,2412.0,3768.0,4326.0,36.0,78.0,126.0,168.0,204.0,522.0,798.0,960.0,16.880400000000005,40.33260000000001,62.88780000000001,77.65200000000003,mof_primitive
