f-chi-0-all,f-chi-1-all,f-chi-2-all,f-chi-3-all,f-Z-0-all,f-Z-1-all,f-Z-2-all,f-Z-3-all,f-I-0-all,f-I-1-all,f-I-2-all,f-I-3-all,f-T-0-all,f-T-1-all,f-T-2-all,f-T-3-all,f-S-0-all,f-S-1-all,f-S-2-all,f-S-3-all,mc-chi-0-all,mc-chi-1-all,mc-chi-2-all,mc-chi-3-all,mc-Z-0-all,mc-Z-1-all,mc-Z-2-all,mc-Z-3-all,mc-I-0-all,mc-I-1-all,mc-I-2-all,mc-I-3-all,mc-T-0-all,mc-T-1-all,mc-T-2-all,mc-T-3-all,mc-S-0-all,mc-S-1-all,mc-S-2-all,mc-S-3-all,D_mc-chi-0-all,D_mc-chi-1-all,D_mc-chi-2-all,D_mc-chi-3-all,D_mc-Z-0-all,D_mc-Z-1-all,D_mc-Z-2-all,D_mc-Z-3-all,D_mc-I-0-all,D_mc-I-1-all,D_mc-I-2-all,D_mc-I-3-all,D_mc-T-0-all,D_mc-T-1-all,D_mc-T-2-all,D_mc-T-3-all,D_mc-S-0-all,D_mc-S-1-all,D_mc-S-2-all,D_mc-S-3-all,name
239.4703999999999,414.2539999999999,1429.1272,1590.2799999999995,7686.0,15496.0,14532.0,13872.0,28.0,68.0,152.0,204.0,248.0,776.0,964.0,972.0,18.463600000000003,57.7716,96.3416,109.67320000000002,1.2100000000000002,29.293,18.865,31.966,3249.0,3534.0,1824.0,3876.0,1.0,8.0,7.0,10.0,64.0,152.0,136.0,208.0,2.8561,9.9372,7.757099999999999,12.7426,0.0,-17.83,-9.449999999999998,-18.059999999999995,0.0,394.0,367.0,502.0,0.0,0.0,0.0,0.0,0.0,45.0,39.0,54.0,0.0,7.64,7.24,9.36,mof_primitive
239.4703999999999,414.25399999999985,1429.1272,1590.2799999999995,7686.0,15496.0,14532.0,13872.0,28.0,68.0,152.0,204.0,248.0,776.0,964.0,972.0,18.463600000000003,57.7716,96.34160000000001,109.67320000000002,1.2100000000000002,29.293,18.865000000000002,31.966,3249.0,3534.0,1824.0,3876.0,1.0,8.0,7.0,10.0,64.0,152.0,136.0,208.0,2.8560999999999996,9.9372,7.757099999999999,12.7426,0.0,-17.83,-9.449999999999998,-18.059999999999995,0.0,394.0,367.0,502.0,0.0,0.0,0.0,0.0,0.0,45.0,39.0,54.0,0.0,7.64,7.24,9.36,mof_primitive
