f-lig-chi-0,f-lig-chi-1,f-lig-chi-2,f-lig-chi-3,f-lig-Z-0,f-lig-Z-1,f-lig-Z-2,f-lig-Z-3,f-lig-I-0,f-lig-I-1,f-lig-I-2,f-lig-I-3,f-lig-T-0,f-lig-T-1,f-lig-T-2,f-lig-T-3,f-lig-S-0,f-lig-S-1,f-lig-S-2,f-lig-S-3,name
409.33419999999995,824.6700000000004,1323.8301999999999,1704.9923999999994,1834.0,3744.0,5680.0,6396.0,58.0,122.0,192.0,254.0,314.0,784.0,1114.0,1226.0,26.431400000000004,61.677000000000035,92.47759999999998,110.38659999999999,mof_primitive
409.3341999999999,824.6700000000004,1323.8302000000008,1704.9924000000003,1834.0,3744.0,5680.0,6396.0,58.0,122.0,192.0,254.0,314.0,784.0,1114.0,1226.0,26.43140000000002,61.677000000000035,92.4776,110.38659999999997,mof_primitive
204.66709999999995,403.5630000000001,629.0966000000002,762.3870000000001,917.0,1824.0,2660.0,2772.0,29.0,60.0,92.0,116.0,152.0,372.0,512.0,532.0,13.215700000000005,30.27640000000001,43.95960000000001,49.514,mof_primitive
409.3341999999997,824.6700000000008,1323.8302000000006,1704.992400000001,1834.0,3744.0,5680.0,6396.0,58.0,122.0,192.0,254.0,314.0,784.0,1114.0,1226.0,26.43140000000003,61.67700000000003,92.47760000000002,110.38660000000009,mof_primitive
409.3341999999997,824.6700000000004,1323.8302000000006,1704.9924000000005,1834.0,3744.0,5680.0,6396.0,58.0,122.0,192.0,254.0,314.0,784.0,1114.0,1226.0,26.43140000000002,61.677000000000035,92.4776,110.38660000000004,mof_primitive
204.66709999999995,403.563,629.0966000000001,762.3870000000001,917.0,1824.0,2660.0,2772.0,29.0,60.0,92.0,116.0,152.0,372.0,512.0,532.0,13.2157,30.27640000000001,43.95960000000001,49.51400000000002,mof_primitive
204.66709999999998,403.5630000000001,629.0966000000001,762.387,917.0,1824.0,2660.0,2772.0,29.0,60.0,92.0,116.0,152.0,372.0,512.0,532.0,13.215700000000005,30.27640000000001,43.95960000000001,49.514,mof_primitive
204.6671,403.563,629.0966,762.3869999999998,917.0,1824.0,2660.0,2772.0,29.0,60.0,92.0,116.0,152.0,372.0,512.0,532.0,13.215700000000002,30.276400000000006,43.959600000000016,49.514000000000024,mof_primitive
