f-lig-chi-0,f-lig-chi-1,f-lig-chi-2,f-lig-chi-3,f-lig-Z-0,f-lig-Z-1,f-lig-Z-2,f-lig-Z-3,f-lig-I-0,f-lig-I-1,f-lig-I-2,f-lig-I-3,f-lig-T-0,f-lig-T-1,f-lig-T-2,f-lig-T-3,f-lig-S-0,f-lig-S-1,f-lig-S-2,f-lig-S-3,name
200.60909999999998,399.87999999999994,754.0456000000001,1171.337,792.0,1588.0,2698.0,3392.0,29.0,60.0,116.0,186.0,176.0,494.0,838.0,980.0,11.3621,27.7828,48.7028,69.28500000000001,mof_primitive
105.7094,180.08100000000002,259.2904,266.095,476.0,792.0,1024.0,742.0,14.0,26.0,36.0,40.0,62.0,138.0,148.0,128.0,6.2366,12.705000000000002,15.93,14.455199999999998,mof_primitive
202.80439999999996,392.751,662.0903999999999,799.6009999999999,704.0,1368.0,1836.0,1898.0,32.0,62.0,108.0,136.0,170.0,414.0,520.0,566.0,11.4368,26.65740000000001,38.410799999999995,43.80560000000001,mof_primitive
166.04879999999997,284.0989999999999,406.38079999999985,474.1949999999999,804.0,1328.0,1928.0,1986.0,20.0,38.0,52.0,64.0,90.0,206.0,252.0,280.0,9.554,19.514200000000006,26.161999999999995,29.89280000000001,mof_primitive
105.7094,180.08100000000002,259.2904,266.095,476.0,792.0,1024.0,742.0,14.0,26.0,36.0,40.0,62.0,138.0,148.0,128.0,6.236599999999998,12.705000000000002,15.930000000000005,14.455200000000001,mof_primitive
105.7094,180.08100000000002,259.2903999999999,266.095,476.0,792.0,1024.0,742.0,14.0,26.0,36.0,40.0,62.0,138.0,148.0,128.0,6.236599999999998,12.705000000000002,15.930000000000005,14.455200000000001,mof_primitive
