f-chi-0-all,f-chi-1-all,f-chi-2-all,f-chi-3-all,f-Z-0-all,f-Z-1-all,f-Z-2-all,f-Z-3-all,f-I-0-all,f-I-1-all,f-I-2-all,f-I-3-all,f-T-0-all,f-T-1-all,f-T-2-all,f-T-3-all,f-S-0-all,f-S-1-all,f-S-2-all,f-S-3-all,mc-chi-0-all,mc-chi-1-all,mc-chi-2-all,mc-chi-3-all,mc-Z-0-all,mc-Z-1-all,mc-Z-2-all,mc-Z-3-all,mc-I-0-all,mc-I-1-all,mc-I-2-all,mc-I-3-all,mc-T-0-all,mc-T-1-all,mc-T-2-all,mc-T-3-all,mc-S-0-all,mc-S-1-all,mc-S-2-all,mc-S-3-all,D_mc-chi-0-all,D_mc-chi-1-all,D_mc-chi-2-all,D_mc-chi-3-all,D_mc-Z-0-all,D_mc-Z-1-all,D_mc-Z-2-all,D_mc-Z-3-all,D_mc-I-0-all,D_mc-I-1-all,D_mc-I-2-all,D_mc-I-3-all,D_mc-T-0-all,D_mc-T-1-all,D_mc-T-2-all,D_mc-T-3-all,D_mc-S-0-all,D_mc-S-1-all,D_mc-S-2-all,D_mc-S-3-all,name
336.1039999999998,662.3431999999999,2554.3752000000004,2785.7576,17672.0,32984.0,79644.0,62888.0,40.0,112.0,278.0,378.0,440.0,1610.0,3012.0,3354.0,31.552400000000024,104.84499999999998,215.37959999999993,283.37500000000006,1.4399999999999997,32.02799999999999,23.195999999999998,74.88,3969.0,3906.0,14238.0,8883.0,1.0,7.875,9.125,20.0,62.125,173.625,330.75,370.625,2.822399999999999,9.691499999999998,16.3821,24.326399999999982,0.0,-17.240000000000006,-8.38,-38.40000000000002,0.0,434.125,348.875,1119.0,0.0,0.0,0.0,0.0,0.0,40.125,29.875,110.25,0.0,7.46125,5.57875,19.119999999999994,mof_primitive
336.1039999999998,646.9319999999998,2638.0359999999996,2752.5959999999986,17672.0,33864.0,79132.0,62712.0,40.0,112.0,284.0,376.0,448.0,1624.0,3016.0,3336.0,31.552400000000024,106.23199999999997,217.2192,282.3967999999999,1.4399999999999997,32.02799999999999,23.195999999999998,74.88,3969.0,3906.0,14238.0,8883.0,1.0,7.875,9.125,20.0,62.125,173.625,330.75,370.625,2.822399999999999,9.691499999999998,16.3821,24.326399999999982,0.0,-17.240000000000006,-8.38,-38.40000000000002,0.0,434.125,348.875,1119.0,0.0,0.0,0.0,0.0,0.0,40.125,29.875,110.25,0.0,7.46125,5.57875,19.119999999999994,mof_primitive
