f-lig-chi-0,f-lig-chi-1,f-lig-chi-2,f-lig-chi-3,f-lig-Z-0,f-lig-Z-1,f-lig-Z-2,f-lig-Z-3,f-lig-I-0,f-lig-I-1,f-lig-I-2,f-lig-I-3,f-lig-T-0,f-lig-T-1,f-lig-T-2,f-lig-T-3,f-lig-S-0,f-lig-S-1,f-lig-S-2,f-lig-S-3,name
395.3469999999999,820.4880000000005,1352.6908000000008,1766.1060000000002,1708.0,3624.0,5416.0,6096.0,58.0,124.0,204.0,280.0,332.0,868.0,1304.0,1604.0,25.639400000000016,61.815600000000025,95.15639999999998,118.1856,mof_primitive
395.3469999999999,820.4880000000005,1352.6908000000008,1766.1060000000002,1708.0,3624.0,5416.0,6096.0,58.0,124.0,204.0,280.0,332.0,868.0,1304.0,1604.0,25.639400000000016,61.815600000000025,95.15639999999998,118.18560000000001,mof_primitive
