f-chi-0-all,f-chi-1-all,f-chi-2-all,f-chi-3-all,f-Z-0-all,f-Z-1-all,f-Z-2-all,f-Z-3-all,f-I-0-all,f-I-1-all,f-I-2-all,f-I-3-all,f-T-0-all,f-T-1-all,f-T-2-all,f-T-3-all,f-S-0-all,f-S-1-all,f-S-2-all,f-S-3-all,mc-chi-0-all,mc-chi-1-all,mc-chi-2-all,mc-chi-3-all,mc-Z-0-all,mc-Z-1-all,mc-Z-2-all,mc-Z-3-all,mc-I-0-all,mc-I-1-all,mc-I-2-all,mc-I-3-all,mc-T-0-all,mc-T-1-all,mc-T-2-all,mc-T-3-all,mc-S-0-all,mc-S-1-all,mc-S-2-all,mc-S-3-all,D_mc-chi-0-all,D_mc-chi-1-all,D_mc-chi-2-all,D_mc-chi-3-all,D_mc-Z-0-all,D_mc-Z-1-all,D_mc-Z-2-all,D_mc-Z-3-all,D_mc-I-0-all,D_mc-I-1-all,D_mc-I-2-all,D_mc-I-3-all,D_mc-T-0-all,D_mc-T-1-all,D_mc-T-2-all,D_mc-T-3-all,D_mc-S-0-all,D_mc-S-1-all,D_mc-S-2-all,D_mc-S-3-all,name
434.9085999999999,907.6207999999996,2755.8759999999997,3069.844399999999,11926.0,25328.0,35574.0,39888.0,52.0,136.0,306.0,396.0,490.0,1576.0,2484.0,3216.0,36.6488,110.8424,206.2031999999999,266.34,2.525,32.862,31.1035,59.5195,2405.0,2727.0,3741.5,4073.0,1.0,7.0,7.5,14.0,53.5,135.0,172.0,244.0,2.3633999999999995,8.1261,9.399299999999998,15.099,0.0,-12.685000000000002,-6.79,-17.35000000000001,0.0,303.0,245.0,561.0,0.0,0.0,0.0,0.0,0.0,35.5,25.5,63.5,0.0,5.84,5.039999999999999,11.62,mof_primitive
434.90859999999986,907.6207999999996,2755.8759999999993,3069.844399999999,11926.0,25328.0,35574.0,39888.0,52.0,136.0,306.0,396.0,490.0,1576.0,2484.0,3216.0,36.648799999999994,110.8424,206.2031999999999,266.34,2.525,32.862,31.1035,59.519499999999994,2405.0,2727.0,3741.5,4073.0,1.0,7.0,7.5,14.0,53.5,135.0,172.0,244.0,2.3633999999999995,8.1261,9.399299999999998,15.099,0.0,-12.685000000000002,-6.79,-17.35000000000001,0.0,303.0,245.0,561.0,0.0,0.0,0.0,0.0,0.0,35.5,25.5,63.5,0.0,5.84,5.039999999999999,11.62,mof_primitive
