f-chi-0-all,f-chi-1-all,f-chi-2-all,f-chi-3-all,f-Z-0-all,f-Z-1-all,f-Z-2-all,f-Z-3-all,f-I-0-all,f-I-1-all,f-I-2-all,f-I-3-all,f-T-0-all,f-T-1-all,f-T-2-all,f-T-3-all,f-S-0-all,f-S-1-all,f-S-2-all,f-S-3-all,mc-chi-0-all,mc-chi-1-all,mc-chi-2-all,mc-chi-3-all,mc-Z-0-all,mc-Z-1-all,mc-Z-2-all,mc-Z-3-all,mc-I-0-all,mc-I-1-all,mc-I-2-all,mc-I-3-all,mc-T-0-all,mc-T-1-all,mc-T-2-all,mc-T-3-all,mc-S-0-all,mc-S-1-all,mc-S-2-all,mc-S-3-all,D_mc-chi-0-all,D_mc-chi-1-all,D_mc-chi-2-all,D_mc-chi-3-all,D_mc-Z-0-all,D_mc-Z-1-all,D_mc-Z-2-all,D_mc-Z-3-all,D_mc-I-0-all,D_mc-I-1-all,D_mc-I-2-all,D_mc-I-3-all,D_mc-T-0-all,D_mc-T-1-all,D_mc-T-2-all,D_mc-T-3-all,D_mc-S-0-all,D_mc-S-1-all,D_mc-S-2-all,D_mc-S-3-all,name
260.9493999999999,472.1691999999998,1305.5304,1276.1167999999998,10937.0,17792.0,15840.0,16640.0,29.0,72.0,136.0,160.0,236.0,688.0,796.0,864.0,21.937600000000018,62.81999999999998,92.47280000000003,104.5032,2.1956,27.575866666666663,16.83,38.81013333333333,3184.333333333333,2685.333333333333,1552.0,3533.333333333333,1.0,6.0,4.666666666666667,9.333333333333334,38.0,85.33333333333333,86.0,148.0,2.4940666666666664,7.076866666666667,5.703133333333334,11.154533333333331,0.0,-11.82,-5.3,-14.159999999999998,0.0,300.0,230.66666666666663,453.3333333333333,0.0,0.0,0.0,0.0,0.0,24.666666666666668,14.666666666666666,33.333333333333336,0.0,5.226666666666666,3.813333333333333,7.786666666666666,mof_primitive
260.9493999999999,472.1691999999998,1305.5303999999999,1276.1167999999998,10937.0,17792.0,15840.0,16640.0,29.0,72.0,136.0,160.0,236.0,688.0,796.0,864.0,21.937600000000018,62.81999999999998,92.47280000000003,104.5032,2.1956,27.575866666666666,16.83,38.81013333333333,3184.3333333333335,2685.3333333333335,1552.0,3533.3333333333335,1.0,6.0,4.666666666666667,9.333333333333334,38.0,85.33333333333333,86.0,148.0,2.4940666666666664,7.076866666666667,5.703133333333334,11.154533333333333,0.0,-11.819999999999999,-5.3,-14.159999999999998,0.0,300.0,230.66666666666666,453.3333333333333,0.0,0.0,0.0,0.0,0.0,24.666666666666668,14.666666666666666,33.333333333333336,0.0,5.226666666666666,3.813333333333333,7.786666666666666,mof_primitive
