f-lig-chi-0,f-lig-chi-1,f-lig-chi-2,f-lig-chi-3,f-lig-Z-0,f-lig-Z-1,f-lig-Z-2,f-lig-Z-3,f-lig-I-0,f-lig-I-1,f-lig-I-2,f-lig-I-3,f-lig-T-0,f-lig-T-1,f-lig-T-2,f-lig-T-3,f-lig-S-0,f-lig-S-1,f-lig-S-2,f-lig-S-3,name
334.6274,749.19,1178.8520000000003,1374.7090000000003,1762.0,3600.0,5196.0,5356.0,54.0,116.0,184.0,222.0,300.0,736.0,1028.0,1114.0,23.609200000000005,57.62680000000001,84.99799999999999,93.56220000000002,mof_primitive
334.6274,749.1900000000006,1178.8520000000003,1374.7090000000005,1762.0,3600.0,5196.0,5356.0,54.0,116.0,184.0,222.0,300.0,736.0,1028.0,1114.0,23.609200000000005,57.62680000000002,84.99799999999999,93.56219999999998,mof_primitive
334.6274,749.1900000000005,1178.8520000000003,1374.7089999999996,1762.0,3600.0,5196.0,5356.0,54.0,116.0,184.0,222.0,300.0,736.0,1028.0,1114.0,23.609200000000016,57.626800000000024,84.99799999999999,93.5622,mof_primitive
334.62739999999997,749.1900000000005,1178.8520000000005,1374.7089999999998,1762.0,3600.0,5196.0,5356.0,54.0,116.0,184.0,222.0,300.0,736.0,1028.0,1114.0,23.609200000000016,57.626800000000024,84.998,93.5622,mof_primitive
