f-lig-chi-0,f-lig-chi-1,f-lig-chi-2,f-lig-chi-3,f-lig-Z-0,f-lig-Z-1,f-lig-Z-2,f-lig-Z-3,f-lig-I-0,f-lig-I-1,f-lig-I-2,f-lig-I-3,f-lig-T-0,f-lig-T-1,f-lig-T-2,f-lig-T-3,f-lig-S-0,f-lig-S-1,f-lig-S-2,f-lig-S-3,name
83.02439999999999,131.63099999999997,188.4004,175.84500000000003,402.0,624.0,832.0,546.0,10.0,18.0,24.0,24.0,42.0,90.0,88.0,64.0,4.777,9.1938,11.2792,9.256800000000002,mof_primitive
248.46939999999995,529.9410000000001,854.9703999999997,1096.7870000000003,1060.0,2328.0,3520.0,3998.0,38.0,82.0,132.0,176.0,214.0,546.0,820.0,968.0,16.818200000000004,40.97940000000001,62.99240000000001,76.52960000000003,mof_primitive
18.4832,18.4832,0.0,0.0,98.0,98.0,0.0,0.0,2.0,2.0,0.0,0.0,2.0,2.0,0.0,0.0,1.125,1.125,0.0,0.0,mof_primitive
