f-lig-chi-0,f-lig-chi-1,f-lig-chi-2,f-lig-chi-3,f-lig-Z-0,f-lig-Z-1,f-lig-Z-2,f-lig-Z-3,f-lig-I-0,f-lig-I-1,f-lig-I-2,f-lig-I-3,f-lig-T-0,f-lig-T-1,f-lig-T-2,f-lig-T-3,f-lig-S-0,f-lig-S-1,f-lig-S-2,f-lig-S-3,name
250.4337999999999,485.0389999999999,730.2307999999999,901.811,1168.0,2240.0,3320.0,3536.0,34.0,70.0,104.0,134.0,174.0,424.0,588.0,638.0,16.0306,36.023,52.0648,61.15580000000003,mof_primitive
250.4337999999999,485.0389999999999,730.2307999999999,901.811,1168.0,2240.0,3320.0,3536.0,34.0,70.0,104.0,134.0,174.0,424.0,588.0,638.0,16.0306,36.023,52.0648,61.15580000000003,mof_primitive
