f-lig-chi-0,f-lig-chi-1,f-lig-chi-2,f-lig-chi-3,f-lig-Z-0,f-lig-Z-1,f-lig-Z-2,f-lig-Z-3,f-lig-I-0,f-lig-I-1,f-lig-I-2,f-lig-I-3,f-lig-T-0,f-lig-T-1,f-lig-T-2,f-lig-T-3,f-lig-S-0,f-lig-S-1,f-lig-S-2,f-lig-S-3,name
248.46939999999998,529.9410000000003,854.9704000000003,1096.787,1060.0,2328.0,3520.0,3998.0,38.0,82.0,132.0,176.0,214.0,546.0,820.0,968.0,16.81820000000001,40.97940000000001,62.99240000000002,76.52960000000003,mof_primitive
248.46939999999998,529.9410000000003,854.9704000000003,1096.787,1060.0,2328.0,3520.0,3998.0,38.0,82.0,132.0,176.0,214.0,546.0,820.0,968.0,16.81820000000001,40.97940000000001,62.99240000000002,76.52960000000003,mof_primitive
193.6082,443.7510000000002,704.4030000000004,876.7129999999997,758.0,1848.0,2658.0,2900.0,32.0,70.0,112.0,144.0,182.0,462.0,684.0,776.0,13.44000000000001,33.987800000000014,51.4224,59.69920000000001,mof_primitive
