f-chi-0-all,f-chi-1-all,f-chi-2-all,f-chi-3-all,f-Z-0-all,f-Z-1-all,f-Z-2-all,f-Z-3-all,f-I-0-all,f-I-1-all,f-I-2-all,f-I-3-all,f-T-0-all,f-T-1-all,f-T-2-all,f-T-3-all,f-S-0-all,f-S-1-all,f-S-2-all,f-S-3-all,mc-chi-0-all,mc-chi-1-all,mc-chi-2-all,mc-chi-3-all,mc-Z-0-all,mc-Z-1-all,mc-Z-2-all,mc-Z-3-all,mc-I-0-all,mc-I-1-all,mc-I-2-all,mc-I-3-all,mc-T-0-all,mc-T-1-all,mc-T-2-all,mc-T-3-all,mc-S-0-all,mc-S-1-all,mc-S-2-all,mc-S-3-all,D_mc-chi-0-all,D_mc-chi-1-all,D_mc-chi-2-all,D_mc-chi-3-all,D_mc-Z-0-all,D_mc-Z-1-all,D_mc-Z-2-all,D_mc-Z-3-all,D_mc-I-0-all,D_mc-I-1-all,D_mc-I-2-all,D_mc-I-3-all,D_mc-T-0-all,D_mc-T-1-all,D_mc-T-2-all,D_mc-T-3-all,D_mc-S-0-all,D_mc-S-1-all,D_mc-S-2-all,D_mc-S-3-all,name
275.0382,584.98,1492.154,1381.1512000000005,17844.0,43392.0,55236.0,58000.0,38.0,96.0,184.0,220.0,304.0,856.0,1276.0,1612.0,32.87360000000001,97.26800000000006,150.1628,181.34360000000007,2.8561,25.237333333333336,11.458199999999998,44.77373333333333,2304.0,3520.0,4992.0,4288.0,1.0,4.666666666666667,3.333333333333333,9.333333333333334,22.0,47.333333333333336,70.0,95.33333333333331,2.1904,6.581066666666666,5.900266666666667,10.281066666666666,0.0,-7.046666666666668,-1.1466666666666665,-10.72,0.0,150.66666666666666,56.0,358.6666666666667,0.0,0.0,0.0,0.0,0.0,12.0,1.3333333333333333,24.666666666666668,0.0,2.4600000000000004,0.9466666666666668,6.866666666666666,mof_primitive
275.0382,584.98,1492.154,1381.1512000000005,17844.0,43392.0,55236.0,58000.0,38.0,96.0,184.0,220.0,304.0,856.0,1276.0,1612.0,32.87360000000001,97.26800000000006,150.1628,181.34360000000012,2.8560999999999996,25.237333333333336,11.458199999999998,44.77373333333333,2304.0,3520.0,4992.0,4288.0,1.0,4.666666666666667,3.3333333333333335,9.333333333333334,22.0,47.333333333333336,70.0,95.33333333333333,2.1904,6.581066666666666,5.900266666666667,10.281066666666666,0.0,-7.046666666666668,-1.1466666666666665,-10.72,0.0,150.66666666666666,56.0,358.6666666666667,0.0,0.0,0.0,0.0,0.0,12.0,1.3333333333333333,24.666666666666668,0.0,2.4600000000000004,0.9466666666666667,6.866666666666666,mof_primitive
