f-chi-0-all,f-chi-1-all,f-chi-2-all,f-chi-3-all,f-Z-0-all,f-Z-1-all,f-Z-2-all,f-Z-3-all,f-I-0-all,f-I-1-all,f-I-2-all,f-I-3-all,f-T-0-all,f-T-1-all,f-T-2-all,f-T-3-all,f-S-0-all,f-S-1-all,f-S-2-all,f-S-3-all,mc-chi-0-all,mc-chi-1-all,mc-chi-2-all,mc-chi-3-all,mc-Z-0-all,mc-Z-1-all,mc-Z-2-all,mc-Z-3-all,mc-I-0-all,mc-I-1-all,mc-I-2-all,mc-I-3-all,mc-T-0-all,mc-T-1-all,mc-T-2-all,mc-T-3-all,mc-S-0-all,mc-S-1-all,mc-S-2-all,mc-S-3-all,D_mc-chi-0-all,D_mc-chi-1-all,D_mc-chi-2-all,D_mc-chi-3-all,D_mc-Z-0-all,D_mc-Z-1-all,D_mc-Z-2-all,D_mc-Z-3-all,D_mc-I-0-all,D_mc-I-1-all,D_mc-I-2-all,D_mc-I-3-all,D_mc-T-0-all,D_mc-T-1-all,D_mc-T-2-all,D_mc-T-3-all,D_mc-S-0-all,D_mc-S-1-all,D_mc-S-2-all,D_mc-S-3-all,name
315.4503999999999,607.6991999999998,2299.9264000000003,2011.528000000001,3336.0,9958.0,16872.0,20992.0,36.0,102.0,254.0,294.0,404.0,1376.0,2204.0,2648.0,27.508800000000036,88.52200000000002,158.4688,204.5387999999999,1.8496000000000004,33.3064,18.3192,65.892,441.0,1044.75,1391.25,2220.75,1.0,7.75,6.25,15.75,60.25,147.75,216.5,302.0,2.89,8.54675,11.173249999999998,18.74675,0.0,-13.95,-4.969999999999999,-27.03,0.0,113.0,65.0,225.0,0.0,0.0,0.0,0.0,0.0,41.25,20.25,83.0,0.0,8.1475,4.052499999999999,15.747500000000002,mof_primitive
315.4503999999999,607.6991999999998,2299.9264000000003,2011.528000000001,3336.0,9958.0,16872.0,20992.0,36.0,102.0,254.0,294.0,404.0,1376.0,2204.0,2648.0,27.508800000000033,88.52200000000002,158.4688,204.5387999999999,1.8496000000000004,33.3064,18.319200000000002,65.892,441.0,1044.75,1391.25,2220.75,1.0,7.75,6.25,15.75,60.25,147.75,216.5,302.0,2.8899999999999997,8.54675,11.173249999999998,18.74675,0.0,-13.95,-4.969999999999999,-27.03,0.0,113.0,65.0,225.0,0.0,0.0,0.0,0.0,0.0,41.25,20.25,83.0,0.0,8.1475,4.052499999999999,15.747500000000002,mof_primitive
