f-lig-chi-0,f-lig-chi-1,f-lig-chi-2,f-lig-chi-3,f-lig-Z-0,f-lig-Z-1,f-lig-Z-2,f-lig-Z-3,f-lig-I-0,f-lig-I-1,f-lig-I-2,f-lig-I-3,f-lig-T-0,f-lig-T-1,f-lig-T-2,f-lig-T-3,f-lig-S-0,f-lig-S-1,f-lig-S-2,f-lig-S-3,name
259.13159999999993,546.8509999999999,893.4663999999999,1160.189,1116.0,2384.0,3820.0,4850.0,38.0,82.0,136.0,176.0,218.0,554.0,856.0,1114.0,16.6982,40.79700000000002,64.57360000000003,83.97280000000002,mof_primitive
259.13159999999993,546.851,893.4663999999999,1160.1889999999996,1116.0,2384.0,3820.0,4850.0,38.0,82.0,136.0,176.0,218.0,554.0,856.0,1114.0,16.6982,40.79700000000002,64.57360000000003,83.97280000000002,mof_primitive
259.13159999999993,546.8509999999999,893.4663999999999,1160.1889999999996,1116.0,2384.0,3820.0,4850.0,38.0,82.0,136.0,176.0,218.0,554.0,856.0,1114.0,16.6982,40.79700000000001,64.57360000000003,83.97280000000002,mof_primitive
259.13159999999993,546.8509999999999,893.4663999999997,1160.1889999999999,1116.0,2384.0,3820.0,4850.0,38.0,82.0,136.0,176.0,218.0,554.0,856.0,1114.0,16.6982,40.79700000000001,64.57360000000003,83.97280000000003,mof_primitive
259.13159999999993,546.8509999999999,893.4663999999999,1160.1889999999999,1116.0,2384.0,3820.0,4850.0,38.0,82.0,136.0,176.0,218.0,554.0,856.0,1114.0,16.6982,40.79700000000001,64.57360000000003,83.97280000000003,mof_primitive
259.13159999999993,546.8509999999999,893.4663999999999,1160.1889999999999,1116.0,2384.0,3820.0,4850.0,38.0,82.0,136.0,176.0,218.0,554.0,856.0,1114.0,16.6982,40.79700000000002,64.57360000000003,83.97280000000003,mof_primitive
