f-lig-chi-0,f-lig-chi-1,f-lig-chi-2,f-lig-chi-3,f-lig-Z-0,f-lig-Z-1,f-lig-Z-2,f-lig-Z-3,f-lig-I-0,f-lig-I-1,f-lig-I-2,f-lig-I-3,f-lig-T-0,f-lig-T-1,f-lig-T-2,f-lig-T-3,f-lig-S-0,f-lig-S-1,f-lig-S-2,f-lig-S-3,name
144.91320000000002,317.27100000000013,477.1100000000001,548.8170000000002,540.0,1248.0,1592.0,1434.0,24.0,50.0,76.0,92.0,126.0,306.0,412.0,416.0,9.608800000000002,23.361800000000006,32.55800000000001,33.85000000000001,mof_primitive
144.91320000000002,317.2710000000001,477.10999999999996,548.817,540.0,1248.0,1592.0,1434.0,24.0,50.0,76.0,92.0,126.0,306.0,412.0,416.0,9.6088,23.36180000000001,32.558,33.85,mof_primitive
177.08939999999998,355.0110000000001,557.1304000000001,682.4419999999999,768.0,1560.0,2272.0,2360.0,26.0,54.0,84.0,108.0,138.0,342.0,484.0,524.0,11.527400000000002,26.842200000000005,39.46120000000001,45.10840000000001,mof_primitive
177.08939999999998,355.011,557.1304000000001,682.4419999999998,768.0,1560.0,2272.0,2360.0,26.0,54.0,84.0,108.0,138.0,342.0,484.0,524.0,11.527400000000004,26.84220000000001,39.46120000000001,45.108399999999996,mof_primitive
177.08939999999998,355.0110000000001,557.1304000000001,682.442,768.0,1560.0,2272.0,2360.0,26.0,54.0,84.0,108.0,138.0,342.0,484.0,524.0,11.527400000000004,26.84220000000001,39.461200000000005,45.1084,mof_primitive
177.08939999999998,355.0110000000001,557.1304000000001,682.442,768.0,1560.0,2272.0,2360.0,26.0,54.0,84.0,108.0,138.0,342.0,484.0,524.0,11.527400000000002,26.84220000000001,39.4612,45.10840000000002,mof_primitive
144.91320000000002,317.2710000000002,477.11,548.8170000000001,540.0,1248.0,1592.0,1434.0,24.0,50.0,76.0,92.0,126.0,306.0,412.0,416.0,9.6088,23.36180000000001,32.558,33.85,mof_primitive
