f-lig-chi-0,f-lig-chi-1,f-lig-chi-2,f-lig-chi-3,f-lig-Z-0,f-lig-Z-1,f-lig-Z-2,f-lig-Z-3,f-lig-I-0,f-lig-I-1,f-lig-I-2,f-lig-I-3,f-lig-T-0,f-lig-T-1,f-lig-T-2,f-lig-T-3,f-lig-S-0,f-lig-S-1,f-lig-S-2,f-lig-S-3,name
177.08939999999998,355.011,557.1304,682.4420000000001,768.0,1560.0,2272.0,2360.0,26.0,54.0,84.0,108.0,138.0,342.0,484.0,524.0,11.5274,26.84220000000001,39.461200000000005,45.10840000000001,mof_primitive
177.08939999999998,355.011,557.1304,682.4419999999999,768.0,1560.0,2272.0,2360.0,26.0,54.0,84.0,108.0,138.0,342.0,484.0,524.0,11.5274,26.84220000000001,39.46120000000002,45.1084,mof_primitive
154.6459,330.749,500.62620000000004,587.5530000000001,616.0,1358.0,1812.0,1752.0,24.0,50.0,76.0,92.0,126.0,306.0,412.0,416.0,9.9744,23.839800000000007,33.545200000000015,35.62680000000001,mof_primitive
177.08939999999998,355.0110000000001,557.1304,682.4420000000001,768.0,1560.0,2272.0,2360.0,26.0,54.0,84.0,108.0,138.0,342.0,484.0,524.0,11.5274,26.842200000000005,39.461200000000005,45.10840000000001,mof_primitive
154.6459,330.7490000000001,500.62620000000015,587.5530000000001,616.0,1358.0,1812.0,1752.0,24.0,50.0,76.0,92.0,126.0,306.0,412.0,416.0,9.9744,23.839800000000004,33.5452,35.62680000000001,mof_primitive
177.08939999999998,355.0110000000001,557.1304,682.4420000000001,768.0,1560.0,2272.0,2360.0,26.0,54.0,84.0,108.0,138.0,342.0,484.0,524.0,11.5274,26.842200000000005,39.461200000000005,45.1084,mof_primitive
