f-lig-chi-0,f-lig-chi-1,f-lig-chi-2,f-lig-chi-3,f-lig-Z-0,f-lig-Z-1,f-lig-Z-2,f-lig-Z-3,f-lig-I-0,f-lig-I-1,f-lig-I-2,f-lig-I-3,f-lig-T-0,f-lig-T-1,f-lig-T-2,f-lig-T-3,f-lig-S-0,f-lig-S-1,f-lig-S-2,f-lig-S-3,name
211.0671,484.24500000000006,770.7396000000002,832.458,846.0,2052.0,2910.0,2514.0,33.0,72.0,114.0,132.0,186.0,468.0,690.0,684.0,13.911300000000002,34.83480000000001,52.07700000000002,52.896000000000015,mof_primitive
211.0671,484.24500000000006,770.7396000000002,832.4579999999999,846.0,2052.0,2910.0,2514.0,33.0,72.0,114.0,132.0,186.0,468.0,690.0,684.0,13.911300000000002,34.83480000000001,52.07700000000002,52.89600000000002,mof_primitive
211.0671,484.24500000000006,770.7396000000002,832.458,846.0,2052.0,2910.0,2514.0,33.0,72.0,114.0,132.0,186.0,468.0,690.0,684.0,13.911300000000002,34.83480000000001,52.07700000000002,52.896000000000015,mof_primitive
211.0671,484.24500000000006,770.7396000000002,832.4579999999999,846.0,2052.0,2910.0,2514.0,33.0,72.0,114.0,132.0,186.0,468.0,690.0,684.0,13.911300000000002,34.83480000000001,52.07700000000002,52.89600000000002,mof_primitive
134.40079999999998,234.59999999999997,368.32839999999993,447.5853999999999,5444.0,2640.0,4720.0,11212.0,16.0,32.0,48.0,58.0,80.0,192.0,256.0,250.0,12.073199999999998,21.005600000000005,32.531200000000005,43.5598,mof_primitive
134.40079999999998,234.59999999999997,368.32839999999993,447.5853999999999,5444.0,2640.0,4720.0,11212.0,16.0,32.0,48.0,58.0,80.0,192.0,256.0,250.0,12.0732,21.005600000000005,32.531200000000005,43.5598,mof_primitive
134.40079999999998,234.59999999999997,368.32839999999993,447.5853999999999,5444.0,2640.0,4720.0,11212.0,16.0,32.0,48.0,58.0,80.0,192.0,256.0,250.0,12.073200000000002,21.005600000000005,32.531200000000005,43.559799999999996,mof_primitive
134.40079999999998,234.59999999999997,368.32839999999993,447.5853999999999,5444.0,2640.0,4720.0,11212.0,16.0,32.0,48.0,58.0,80.0,192.0,256.0,250.0,12.0732,21.005600000000005,32.5312,43.55980000000001,mof_primitive
