f-lig-chi-0,f-lig-chi-1,f-lig-chi-2,f-lig-chi-3,f-lig-Z-0,f-lig-Z-1,f-lig-Z-2,f-lig-Z-3,f-lig-I-0,f-lig-I-1,f-lig-I-2,f-lig-I-3,f-lig-T-0,f-lig-T-1,f-lig-T-2,f-lig-T-3,f-lig-S-0,f-lig-S-1,f-lig-S-2,f-lig-S-3,name
107.863,192.72899999999998,297.5913999999999,301.69679999999994,538.0,960.0,1432.0,1266.0,13.0,26.0,38.0,38.0,64.0,150.0,190.0,146.0,6.495699999999999,13.8138,19.3334,17.136599999999998,mof_primitive
107.863,192.72899999999993,297.59139999999996,301.69679999999994,538.0,960.0,1432.0,1266.0,13.0,26.0,38.0,38.0,64.0,150.0,190.0,146.0,6.495699999999999,13.813800000000002,19.3334,17.1366,mof_primitive
107.86299999999999,192.72899999999998,297.5913999999999,301.6968,538.0,960.0,1432.0,1266.0,13.0,26.0,38.0,38.0,64.0,150.0,190.0,146.0,6.4957,13.8138,19.3334,17.1366,mof_primitive
170.77570000000003,375.15600000000023,608.9150000000002,741.7820000000002,580.0,1368.0,1766.0,1640.0,29.0,60.0,100.0,128.0,160.0,400.0,550.0,584.0,10.749300000000005,26.82680000000001,39.12360000000001,42.65040000000001,mof_primitive
107.863,192.72899999999998,297.59139999999996,301.69679999999994,538.0,960.0,1432.0,1266.0,13.0,26.0,38.0,38.0,64.0,150.0,190.0,146.0,6.4957,13.8138,19.3334,17.1366,mof_primitive
107.86299999999999,192.72899999999998,297.5914,301.69679999999994,538.0,960.0,1432.0,1266.0,13.0,26.0,38.0,38.0,64.0,150.0,190.0,146.0,6.4957,13.8138,19.3334,17.136600000000005,mof_primitive
107.86299999999999,192.72899999999998,297.59139999999996,301.69679999999994,538.0,960.0,1432.0,1266.0,13.0,26.0,38.0,38.0,64.0,150.0,190.0,146.0,6.4957,13.8138,19.3334,17.136600000000005,mof_primitive
170.7757,375.1560000000002,608.9150000000001,741.7820000000002,580.0,1368.0,1766.0,1640.0,29.0,60.0,100.0,128.0,160.0,400.0,550.0,584.0,10.749300000000002,26.826800000000013,39.12360000000002,42.6504,mof_primitive
