f-lig-chi-0,f-lig-chi-1,f-lig-chi-2,f-lig-chi-3,f-lig-Z-0,f-lig-Z-1,f-lig-Z-2,f-lig-Z-3,f-lig-I-0,f-lig-I-1,f-lig-I-2,f-lig-I-3,f-lig-T-0,f-lig-T-1,f-lig-T-2,f-lig-T-3,f-lig-S-0,f-lig-S-1,f-lig-S-2,f-lig-S-3,name
363.0233,793.7640000000004,1298.546,1606.8519999999994,1376.0,3168.0,4328.0,4624.0,57.0,120.0,196.0,248.0,316.0,784.0,1112.0,1232.0,22.489700000000003,55.62480000000002,81.65159999999999,93.68079999999999,mof_primitive
146.8776,281.16799999999995,418.69639999999987,508.243,648.0,1208.0,1796.0,1972.0,20.0,40.0,60.0,74.0,100.0,240.0,332.0,378.0,8.8212,19.652800000000003,28.212400000000002,33.311400000000006,mof_primitive
146.8776,281.1679999999999,418.69639999999987,509.65419999999995,648.0,1208.0,1796.0,2044.0,20.0,40.0,60.0,74.0,100.0,240.0,332.0,386.0,8.8212,19.652800000000003,28.212399999999995,33.6002,mof_primitive
146.8776,281.16799999999995,418.6964,508.24300000000005,648.0,1208.0,1796.0,1972.0,20.0,40.0,60.0,74.0,100.0,240.0,332.0,378.0,8.821200000000001,19.652800000000003,28.212400000000002,33.311400000000006,mof_primitive
363.0232999999998,793.7640000000005,1298.5460000000005,1606.8520000000003,1376.0,3168.0,4328.0,4624.0,57.0,120.0,196.0,248.0,316.0,784.0,1112.0,1232.0,22.489700000000024,55.62480000000003,81.65159999999997,93.68079999999999,mof_primitive
146.8776,281.16799999999995,418.69640000000004,509.65419999999995,648.0,1208.0,1796.0,2044.0,20.0,40.0,60.0,74.0,100.0,240.0,332.0,386.0,8.8212,19.652800000000003,28.212400000000002,33.6002,mof_primitive
