f-lig-chi-0,f-lig-chi-1,f-lig-chi-2,f-lig-chi-3,f-lig-Z-0,f-lig-Z-1,f-lig-Z-2,f-lig-Z-3,f-lig-I-0,f-lig-I-1,f-lig-I-2,f-lig-I-3,f-lig-T-0,f-lig-T-1,f-lig-T-2,f-lig-T-3,f-lig-S-0,f-lig-S-1,f-lig-S-2,f-lig-S-3,name
190.09439999999998,394.026,635.1603999999999,799.9770000000001,840.0,1776.0,2704.0,3108.0,28.0,60.0,96.0,126.0,156.0,396.0,592.0,702.0,12.713200000000002,30.39960000000001,46.57600000000001,56.42060000000002,mof_primitive
190.09439999999998,394.026,635.1603999999999,799.9770000000001,840.0,1776.0,2704.0,3108.0,28.0,60.0,96.0,126.0,156.0,396.0,592.0,702.0,12.7132,30.39960000000001,46.57600000000001,56.42060000000002,mof_primitive
105.7094,180.08100000000002,259.2904,266.095,476.0,792.0,1024.0,742.0,14.0,26.0,36.0,40.0,62.0,138.0,148.0,128.0,6.236599999999999,12.705000000000005,15.93,14.455200000000001,mof_primitive
105.7094,180.08100000000002,259.2904,266.095,476.0,792.0,1024.0,742.0,14.0,26.0,36.0,40.0,62.0,138.0,148.0,128.0,6.236599999999999,12.705000000000005,15.929999999999996,14.455200000000001,mof_primitive
166.2376,313.729,485.65239999999994,521.7262,652.0,1204.0,1600.0,1570.0,24.0,46.0,72.0,80.0,118.0,270.0,320.0,368.0,9.3688,20.7142,27.894399999999997,30.293600000000005,mof_primitive
166.2376,313.729,485.65239999999994,521.7262,652.0,1204.0,1600.0,1570.0,24.0,46.0,72.0,80.0,118.0,270.0,320.0,368.0,9.3688,20.7142,27.894399999999997,30.293600000000005,mof_primitive
