f-lig-chi-0,f-lig-chi-1,f-lig-chi-2,f-lig-chi-3,f-lig-Z-0,f-lig-Z-1,f-lig-Z-2,f-lig-Z-3,f-lig-I-0,f-lig-I-1,f-lig-I-2,f-lig-I-3,f-lig-T-0,f-lig-T-1,f-lig-T-2,f-lig-T-3,f-lig-S-0,f-lig-S-1,f-lig-S-2,f-lig-S-3,name
463.5907999999998,1030.1490000000006,1659.6040000000016,1916.917999999999,1778.0,4176.0,5848.0,7088.0,74.0,158.0,256.0,300.0,414.0,1006.0,1424.0,1764.0,29.83300000000003,74.45900000000002,110.05759999999991,132.38679999999985,mof_primitive
463.59079999999955,1030.1490000000006,1659.6040000000012,1916.9179999999994,1778.0,4176.0,5848.0,7088.0,74.0,158.0,256.0,300.0,414.0,1006.0,1424.0,1764.0,29.83300000000003,74.45899999999996,110.0575999999999,132.3867999999999,mof_primitive
463.5907999999996,1030.1490000000006,1659.604000000001,1916.918,1778.0,4176.0,5848.0,7088.0,74.0,158.0,256.0,300.0,414.0,1006.0,1424.0,1764.0,29.83300000000002,74.45899999999997,110.05759999999994,132.38679999999997,mof_primitive
463.59079999999966,1030.1490000000006,1659.6040000000012,1916.9180000000006,1778.0,4176.0,5848.0,7088.0,74.0,158.0,256.0,300.0,414.0,1006.0,1424.0,1764.0,29.83300000000003,74.45899999999997,110.05759999999998,132.38679999999997,mof_primitive
463.5907999999997,1030.1490000000003,1659.6040000000014,1916.9179999999997,1778.0,4176.0,5848.0,7088.0,74.0,158.0,256.0,300.0,414.0,1006.0,1424.0,1764.0,29.83300000000002,74.45899999999996,110.05759999999991,132.38679999999985,mof_primitive
463.5907999999992,1030.1490000000003,1659.6040000000014,1916.9179999999985,1778.0,4176.0,5848.0,7088.0,74.0,158.0,256.0,300.0,414.0,1006.0,1424.0,1764.0,29.83300000000003,74.45899999999989,110.0575999999999,132.3867999999999,mof_primitive
463.59079999999983,1030.1490000000006,1659.604000000001,1916.918,1778.0,4176.0,5848.0,7088.0,74.0,158.0,256.0,300.0,414.0,1006.0,1424.0,1764.0,29.833000000000016,74.45900000000002,110.05759999999992,132.38679999999994,mof_primitive
463.5907999999999,1030.1490000000008,1659.6040000000012,1916.9180000000008,1778.0,4176.0,5848.0,7088.0,74.0,158.0,256.0,300.0,414.0,1006.0,1424.0,1764.0,29.833000000000023,74.45900000000002,110.05759999999997,132.3868,mof_primitive
