f-lig-chi-0,f-lig-chi-1,f-lig-chi-2,f-lig-chi-3,f-lig-Z-0,f-lig-Z-1,f-lig-Z-2,f-lig-Z-3,f-lig-I-0,f-lig-I-1,f-lig-I-2,f-lig-I-3,f-lig-T-0,f-lig-T-1,f-lig-T-2,f-lig-T-3,f-lig-S-0,f-lig-S-1,f-lig-S-2,f-lig-S-3,name
475.18159999999983,1009.1880000000009,1681.9052000000001,2311.7889999999998,7058.0,6408.0,10952.0,15028.0,66.0,148.0,244.0,338.0,392.0,1028.0,1636.0,2042.0,36.796599999999984,83.1292,135.502,182.36419999999998,mof_primitive
475.18159999999983,1009.1880000000009,1681.9052000000001,2311.7889999999998,7058.0,6408.0,10952.0,15028.0,66.0,148.0,244.0,338.0,392.0,1028.0,1636.0,2042.0,36.796599999999984,83.1292,135.502,182.36419999999998,mof_primitive
247.59259999999995,516.069,822.2284,1082.0979999999997,1154.0,2448.0,3736.0,4468.0,36.0,78.0,124.0,168.0,202.0,518.0,796.0,960.0,17.395600000000005,41.01020000000001,63.11560000000002,79.91919999999999,mof_primitive
247.59259999999995,516.069,822.2283999999999,1082.0979999999997,1154.0,2448.0,3736.0,4468.0,36.0,78.0,124.0,168.0,202.0,518.0,796.0,960.0,17.395600000000005,41.01020000000001,63.11560000000002,79.91919999999999,mof_primitive
