f-chi-0-all,f-chi-1-all,f-chi-2-all,f-chi-3-all,f-Z-0-all,f-Z-1-all,f-Z-2-all,f-Z-3-all,f-I-0-all,f-I-1-all,f-I-2-all,f-I-3-all,f-T-0-all,f-T-1-all,f-T-2-all,f-T-3-all,f-S-0-all,f-S-1-all,f-S-2-all,f-S-3-all,mc-chi-0-all,mc-chi-1-all,mc-chi-2-all,mc-chi-3-all,mc-Z-0-all,mc-Z-1-all,mc-Z-2-all,mc-Z-3-all,mc-I-0-all,mc-I-1-all,mc-I-2-all,mc-I-3-all,mc-T-0-all,mc-T-1-all,mc-T-2-all,mc-T-3-all,mc-S-0-all,mc-S-1-all,mc-S-2-all,mc-S-3-all,D_mc-chi-0-all,D_mc-chi-1-all,D_mc-chi-2-all,D_mc-chi-3-all,D_mc-Z-0-all,D_mc-Z-1-all,D_mc-Z-2-all,D_mc-Z-3-all,D_mc-I-0-all,D_mc-I-1-all,D_mc-I-2-all,D_mc-I-3-all,D_mc-T-0-all,D_mc-T-1-all,D_mc-T-2-all,D_mc-T-3-all,D_mc-S-0-all,D_mc-S-1-all,D_mc-S-2-all,D_mc-S-3-all,name
376.45139999999986,719.6480000000003,1802.5951999999997,2223.615999999999,5718.0,13504.0,21848.0,27200.0,42.0,104.0,196.0,288.0,300.0,832.0,1412.0,1792.0,31.49700000000002,83.80400000000006,145.73639999999997,201.71359999999996,2.4025000000000003,24.882666666666665,21.648333333333337,57.54633333333333,625.0,933.3333333333334,1533.3333333333333,2166.6666666666665,1.0,4.666666666666667,6.0,12.0,22.666666666666668,52.0,100.0,142.66666666666666,1.9321,4.735266666666667,7.570866666666665,12.435866666666662,0.0,-8.82,-4.666666666666666,-18.526666666666667,0.0,79.33333333333333,88.66666666666667,213.33333333333334,0.0,0.0,0.0,0.0,0.0,12.0,8.666666666666666,27.333333333333332,0.0,3.08,2.8933333333333326,7.733333333333334,mof_primitive
