f-lig-chi-0,f-lig-chi-1,f-lig-chi-2,f-lig-chi-3,f-lig-Z-0,f-lig-Z-1,f-lig-Z-2,f-lig-Z-3,f-lig-I-0,f-lig-I-1,f-lig-I-2,f-lig-I-3,f-lig-T-0,f-lig-T-1,f-lig-T-2,f-lig-T-3,f-lig-S-0,f-lig-S-1,f-lig-S-2,f-lig-S-3,name
686.4996000000003,1485.444,2399.7407999999987,3001.7336,2871.0,6384.0,9516.0,10268.0,103.0,222.0,358.0,452.0,580.0,1454.0,2080.0,2366.0,44.26709999999998,108.74300000000001,164.89659999999992,191.3516,mof_primitive
686.4996000000003,1485.444,2399.7407999999987,3001.7336,2871.0,6384.0,9516.0,10268.0,103.0,222.0,358.0,452.0,580.0,1454.0,2080.0,2366.0,44.26709999999998,108.74300000000001,164.89659999999992,191.3516,mof_primitive
