f-lig-chi-0,f-lig-chi-1,f-lig-chi-2,f-lig-chi-3,f-lig-Z-0,f-lig-Z-1,f-lig-Z-2,f-lig-Z-3,f-lig-I-0,f-lig-I-1,f-lig-I-2,f-lig-I-3,f-lig-T-0,f-lig-T-1,f-lig-T-2,f-lig-T-3,f-lig-S-0,f-lig-S-1,f-lig-S-2,f-lig-S-3,name
92.70439999999999,154.07099999999997,252.64039999999997,287.8690000000001,404.0,648.0,884.0,640.0,12.0,22.0,36.0,42.0,58.0,136.0,144.0,98.0,5.050800000000001,10.333400000000001,14.105999999999996,13.378599999999999,mof_primitive
92.70439999999999,154.07099999999997,252.64039999999997,287.8690000000001,404.0,648.0,884.0,640.0,12.0,22.0,36.0,42.0,58.0,136.0,144.0,98.0,5.050800000000001,10.333400000000001,14.105999999999996,13.378599999999999,mof_primitive
92.7044,154.07099999999994,252.64039999999994,287.8690000000001,404.0,648.0,884.0,640.0,12.0,22.0,36.0,42.0,58.0,136.0,144.0,98.0,5.050799999999998,10.333400000000005,14.106000000000002,13.3786,mof_primitive
92.7044,154.07099999999997,252.64039999999994,287.869,404.0,648.0,884.0,640.0,12.0,22.0,36.0,42.0,58.0,136.0,144.0,98.0,5.050799999999999,10.333400000000001,14.106,13.3786,mof_primitive
73.3444,109.19099999999997,143.52039999999997,83.18099999999998,400.0,600.0,784.0,456.0,8.0,14.0,16.0,10.0,30.0,56.0,44.0,34.0,4.5032,8.054200000000002,9.0,5.682600000000001,mof_primitive
73.3444,109.19099999999997,143.52039999999997,83.18099999999998,400.0,600.0,784.0,456.0,8.0,14.0,16.0,10.0,30.0,56.0,44.0,34.0,4.5032000000000005,8.054200000000002,9.0,5.682600000000001,mof_primitive
