f-chi-0-all,f-chi-1-all,f-chi-2-all,f-chi-3-all,f-Z-0-all,f-Z-1-all,f-Z-2-all,f-Z-3-all,f-I-0-all,f-I-1-all,f-I-2-all,f-I-3-all,f-T-0-all,f-T-1-all,f-T-2-all,f-T-3-all,f-S-0-all,f-S-1-all,f-S-2-all,f-S-3-all,mc-chi-0-all,mc-chi-1-all,mc-chi-2-all,mc-chi-3-all,mc-Z-0-all,mc-Z-1-all,mc-Z-2-all,mc-Z-3-all,mc-I-0-all,mc-I-1-all,mc-I-2-all,mc-I-3-all,mc-T-0-all,mc-T-1-all,mc-T-2-all,mc-T-3-all,mc-S-0-all,mc-S-1-all,mc-S-2-all,mc-S-3-all,D_mc-chi-0-all,D_mc-chi-1-all,D_mc-chi-2-all,D_mc-chi-3-all,D_mc-Z-0-all,D_mc-Z-1-all,D_mc-Z-2-all,D_mc-Z-3-all,D_mc-I-0-all,D_mc-I-1-all,D_mc-I-2-all,D_mc-I-3-all,D_mc-T-0-all,D_mc-T-1-all,D_mc-T-2-all,D_mc-T-3-all,D_mc-S-0-all,D_mc-S-1-all,D_mc-S-2-all,D_mc-S-3-all,name
337.7852999999999,609.4304,1344.3953999999997,1891.7936000000002,13222.0,19392.0,44416.0,39840.0,38.0,84.0,152.0,246.0,236.0,664.0,1128.0,1432.0,28.344100000000015,69.77339999999998,121.45820000000002,170.63020000000003,2.856099999999999,26.742560000000005,26.63102,71.02394000000001,2304.0,1766.4,6604.8,4704.0,1.0,4.6,7.0,13.2,21.4,54.0,105.0,143.8,2.1904,4.9698400000000005,9.765039999999999,14.48624,0.0,-8.05,-3.9279999999999995,-19.717999999999996,0.0,184.0,198.4,535.6,0.0,0.0,0.0,0.0,0.0,9.8,10.0,29.8,0.0,3.45,3.7619999999999996,9.748000000000001,mof_primitive
337.7852999999999,609.4303999999998,1344.3953999999999,1891.7936000000002,13222.0,19392.0,44416.0,39840.0,38.0,84.0,152.0,246.0,236.0,664.0,1128.0,1432.0,28.34410000000002,69.77339999999998,121.45820000000002,170.63020000000006,2.856099999999999,26.742560000000005,26.63102,71.02394000000001,2304.0,1766.4,6604.8,4704.0,1.0,4.6,7.0,13.2,21.4,54.0,105.0,143.8,2.1904,4.9698400000000005,9.765039999999999,14.48624,0.0,-8.05,-3.9279999999999995,-19.717999999999996,0.0,184.0,198.4,535.6,0.0,0.0,0.0,0.0,0.0,9.8,10.0,29.8,0.0,3.45,3.7619999999999996,9.748000000000001,mof_primitive
