f-lig-chi-0,f-lig-chi-1,f-lig-chi-2,f-lig-chi-3,f-lig-Z-0,f-lig-Z-1,f-lig-Z-2,f-lig-Z-3,f-lig-I-0,f-lig-I-1,f-lig-I-2,f-lig-I-3,f-lig-T-0,f-lig-T-1,f-lig-T-2,f-lig-T-3,f-lig-S-0,f-lig-S-1,f-lig-S-2,f-lig-S-3,name
114.45989999999999,217.76999999999998,345.71419999999995,366.33320000000003,498.0,948.0,1304.0,1274.0,16.0,32.0,50.0,54.0,82.0,192.0,244.0,240.0,6.996,15.646400000000003,22.101799999999997,22.607800000000005,mof_primitive
114.45989999999998,217.76999999999998,345.7142,366.33320000000003,498.0,948.0,1304.0,1274.0,16.0,32.0,50.0,54.0,82.0,192.0,244.0,240.0,6.996000000000001,15.6464,22.101799999999997,22.607800000000005,mof_primitive
114.45990000000002,217.77,345.7141999999999,366.3332,498.0,948.0,1304.0,1274.0,16.0,32.0,50.0,54.0,82.0,192.0,244.0,240.0,6.995999999999999,15.646400000000003,22.1018,22.6078,mof_primitive
114.4599,217.77000000000004,345.7142,366.3331999999999,498.0,948.0,1304.0,1274.0,16.0,32.0,50.0,54.0,82.0,192.0,244.0,240.0,6.995999999999999,15.646400000000003,22.101799999999997,22.607800000000008,mof_primitive
114.4599,217.77000000000004,345.7142,366.3332,498.0,948.0,1304.0,1274.0,16.0,32.0,50.0,54.0,82.0,192.0,244.0,240.0,6.995999999999999,15.646400000000003,22.101799999999997,22.607800000000005,mof_primitive
114.4599,217.76999999999998,345.7142,366.33320000000003,498.0,948.0,1304.0,1274.0,16.0,32.0,50.0,54.0,82.0,192.0,244.0,240.0,6.996000000000001,15.6464,22.1018,22.607800000000005,mof_primitive
114.4599,217.77,345.7142,366.33320000000003,498.0,948.0,1304.0,1274.0,16.0,32.0,50.0,54.0,82.0,192.0,244.0,240.0,6.9959999999999996,15.646400000000002,22.1018,22.6078,mof_primitive
114.45990000000002,217.77,345.71420000000006,366.3332,498.0,948.0,1304.0,1274.0,16.0,32.0,50.0,54.0,82.0,192.0,244.0,240.0,6.995999999999999,15.646400000000002,22.1018,22.607800000000005,mof_primitive
