f-chi-0-all,f-chi-1-all,f-chi-2-all,f-chi-3-all,f-Z-0-all,f-Z-1-all,f-Z-2-all,f-Z-3-all,f-I-0-all,f-I-1-all,f-I-2-all,f-I-3-all,f-T-0-all,f-T-1-all,f-T-2-all,f-T-3-all,f-S-0-all,f-S-1-all,f-S-2-all,f-S-3-all,mc-chi-0-all,mc-chi-1-all,mc-chi-2-all,mc-chi-3-all,mc-Z-0-all,mc-Z-1-all,mc-Z-2-all,mc-Z-3-all,mc-I-0-all,mc-I-1-all,mc-I-2-all,mc-I-3-all,mc-T-0-all,mc-T-1-all,mc-T-2-all,mc-T-3-all,mc-S-0-all,mc-S-1-all,mc-S-2-all,mc-S-3-all,D_mc-chi-0-all,D_mc-chi-1-all,D_mc-chi-2-all,D_mc-chi-3-all,D_mc-Z-0-all,D_mc-Z-1-all,D_mc-Z-2-all,D_mc-Z-3-all,D_mc-I-0-all,D_mc-I-1-all,D_mc-I-2-all,D_mc-I-3-all,D_mc-T-0-all,D_mc-T-1-all,D_mc-T-2-all,D_mc-T-3-all,D_mc-S-0-all,D_mc-S-1-all,D_mc-S-2-all,D_mc-S-3-all,name
1848.322199999998,4160.608799999998,9625.699200000012,12860.248799999987,23880.0,56664.0,88200.0,92376.0,234.0,576.0,1188.0,1632.0,1764.0,5064.0,8904.0,9504.0,144.06540000000024,392.93039999999957,746.7108000000029,913.1736000000004,3.6227,33.40213333333333,41.21766666666667,60.581599999999995,822.0,1164.6666666666667,1293.3333333333333,1412.0,1.0,5.333333333333333,8.666666666666666,12.0,28.666666666666668,76.66666666666667,147.33333333333334,122.0,1.7576333333333323,5.175266666666668,7.952999999999999,8.644066666666665,0.0,-7.393333333333333,-5.119999999999999,-8.919999999999998,0.0,112.0,201.33333333333334,291.3333333333333,0.0,0.0,0.0,0.0,0.0,14.666666666666666,21.333333333333332,45.333333333333336,0.0,3.086666666666665,5.026666666666664,8.62,mof_primitive
