f-lig-chi-0,f-lig-chi-1,f-lig-chi-2,f-lig-chi-3,f-lig-Z-0,f-lig-Z-1,f-lig-Z-2,f-lig-Z-3,f-lig-I-0,f-lig-I-1,f-lig-I-2,f-lig-I-3,f-lig-T-0,f-lig-T-1,f-lig-T-2,f-lig-T-3,f-lig-S-0,f-lig-S-1,f-lig-S-2,f-lig-S-3,name
173.07640000000004,402.6874000000001,721.4879999999999,961.3019999999999,640.0,1612.0,2460.0,2784.0,28.0,62.0,116.0,156.0,178.0,474.0,712.0,760.0,11.007600000000002,29.123,48.15080000000002,57.577200000000026,mof_primitive
173.07640000000004,402.6874000000001,721.4879999999999,961.3019999999999,640.0,1612.0,2460.0,2784.0,28.0,62.0,116.0,156.0,178.0,474.0,712.0,760.0,11.007600000000002,29.123,48.15080000000002,57.577200000000026,mof_primitive
173.07640000000004,402.6874000000001,721.4879999999999,961.3019999999999,640.0,1612.0,2460.0,2784.0,28.0,62.0,116.0,156.0,178.0,474.0,712.0,760.0,11.007600000000002,29.123,48.15080000000002,57.577200000000026,mof_primitive
173.07640000000004,402.6874000000001,721.4879999999999,961.3019999999999,640.0,1612.0,2460.0,2784.0,28.0,62.0,116.0,156.0,178.0,474.0,712.0,760.0,11.007600000000002,29.123,48.15080000000002,57.577200000000026,mof_primitive
