f-chi-0-all,f-chi-1-all,f-chi-2-all,f-chi-3-all,f-Z-0-all,f-Z-1-all,f-Z-2-all,f-Z-3-all,f-I-0-all,f-I-1-all,f-I-2-all,f-I-3-all,f-T-0-all,f-T-1-all,f-T-2-all,f-T-3-all,f-S-0-all,f-S-1-all,f-S-2-all,f-S-3-all,mc-chi-0-all,mc-chi-1-all,mc-chi-2-all,mc-chi-3-all,mc-Z-0-all,mc-Z-1-all,mc-Z-2-all,mc-Z-3-all,mc-I-0-all,mc-I-1-all,mc-I-2-all,mc-I-3-all,mc-T-0-all,mc-T-1-all,mc-T-2-all,mc-T-3-all,mc-S-0-all,mc-S-1-all,mc-S-2-all,mc-S-3-all,D_mc-chi-0-all,D_mc-chi-1-all,D_mc-chi-2-all,D_mc-chi-3-all,D_mc-Z-0-all,D_mc-Z-1-all,D_mc-Z-2-all,D_mc-Z-3-all,D_mc-I-0-all,D_mc-I-1-all,D_mc-I-2-all,D_mc-I-3-all,D_mc-T-0-all,D_mc-T-1-all,D_mc-T-2-all,D_mc-T-3-all,D_mc-S-0-all,D_mc-S-1-all,D_mc-S-2-all,D_mc-S-3-all,name
175.43920000000003,380.36479999999995,754.8223999999999,969.3479999999995,8944.0,20552.0,31464.0,34656.0,24.0,56.0,104.0,136.0,160.0,440.0,728.0,744.0,22.059199999999997,55.471199999999975,100.29360000000001,123.48559999999998,3.61,22.799999999999997,28.461999999999996,51.87,841.0,2436.0,2436.0,3480.0,1.0,4.0,6.0,10.0,16.0,40.0,80.0,120.0,1.9043999999999994,5.216399999999999,8.004,11.591999999999999,0.0,-4.3999999999999995,-3.579999999999999,-8.300000000000002,0.0,32.0,90.0,170.0,0.0,0.0,0.0,0.0,0.0,6.0,4.0,10.0,0.0,1.74,2.48,5.399999999999999,mof_primitive
175.43920000000003,380.36479999999995,754.8223999999999,969.3479999999995,8944.0,20552.0,31464.0,34656.0,24.0,56.0,104.0,136.0,160.0,440.0,728.0,744.0,22.059199999999997,55.471199999999975,100.29360000000001,123.48559999999998,3.61,22.799999999999997,28.461999999999996,51.87,841.0,2436.0,2436.0,3480.0,1.0,4.0,6.0,10.0,16.0,40.0,80.0,120.0,1.9043999999999994,5.216399999999999,8.004,11.591999999999999,0.0,-4.3999999999999995,-3.579999999999999,-8.300000000000002,0.0,32.0,90.0,170.0,0.0,0.0,0.0,0.0,0.0,6.0,4.0,10.0,0.0,1.74,2.48,5.399999999999999,mof_primitive
