f-lig-chi-0,f-lig-chi-1,f-lig-chi-2,f-lig-chi-3,f-lig-Z-0,f-lig-Z-1,f-lig-Z-2,f-lig-Z-3,f-lig-I-0,f-lig-I-1,f-lig-I-2,f-lig-I-3,f-lig-T-0,f-lig-T-1,f-lig-T-2,f-lig-T-3,f-lig-S-0,f-lig-S-1,f-lig-S-2,f-lig-S-3,name
196.17199999999997,366.4151999999998,760.8396000000001,902.0404000000002,1160.0,2592.0,2928.0,2530.0,28.0,56.0,108.0,138.0,164.0,416.0,576.0,654.0,11.769799999999996,28.68960000000002,44.053599999999975,48.12739999999999,mof_primitive
205.85199999999995,393.1671999999999,828.1596000000003,1082.3524,1162.0,2620.0,3000.0,2662.0,30.0,60.0,120.0,174.0,180.0,480.0,696.0,768.0,12.043599999999998,29.79960000000002,47.47239999999997,55.260999999999974,mof_primitive
