f-lig-chi-0,f-lig-chi-1,f-lig-chi-2,f-lig-chi-3,f-lig-Z-0,f-lig-Z-1,f-lig-Z-2,f-lig-Z-3,f-lig-I-0,f-lig-I-1,f-lig-I-2,f-lig-I-3,f-lig-T-0,f-lig-T-1,f-lig-T-2,f-lig-T-3,f-lig-S-0,f-lig-S-1,f-lig-S-2,f-lig-S-3,name
696.1014000000007,1381.7391999999995,2632.9571999999976,3158.4873999999977,4714.0,10792.0,13698.0,15844.0,96.0,204.0,364.0,466.0,568.0,1440.0,2098.0,2628.0,45.71119999999995,113.4156,178.84720000000019,222.90979999999988,mof_primitive
486.5501999999998,908.4158,1773.542,2018.8560000000007,5684.0,8096.0,9922.0,10916.0,66.0,134.0,240.0,292.0,374.0,918.0,1222.0,1398.0,32.45060000000002,75.44900000000003,115.31799999999997,134.89839999999998,mof_primitive
