f-lig-chi-0,f-lig-chi-1,f-lig-chi-2,f-lig-chi-3,f-lig-Z-0,f-lig-Z-1,f-lig-Z-2,f-lig-Z-3,f-lig-I-0,f-lig-I-1,f-lig-I-2,f-lig-I-3,f-lig-T-0,f-lig-T-1,f-lig-T-2,f-lig-T-3,f-lig-S-0,f-lig-S-1,f-lig-S-2,f-lig-S-3,name
165.55,366.4052000000001,558.1594000000001,596.0020000000002,700.0,1610.0,2224.0,2032.0,25.0,54.0,82.0,92.0,136.0,332.0,458.0,444.0,10.992900000000004,26.719800000000006,38.1514,38.0268,mof_primitive
165.55,366.4052000000001,558.1594,596.0020000000001,700.0,1610.0,2224.0,2032.0,25.0,54.0,82.0,92.0,136.0,332.0,458.0,444.0,10.992900000000002,26.719800000000006,38.1514,38.0268,mof_primitive
165.55,366.4052000000001,558.1594,596.0020000000001,700.0,1610.0,2224.0,2032.0,25.0,54.0,82.0,92.0,136.0,332.0,458.0,444.0,10.992900000000002,26.719800000000003,38.1514,38.0268,mof_primitive
165.55,366.40520000000004,558.1594,596.0020000000001,700.0,1610.0,2224.0,2032.0,25.0,54.0,82.0,92.0,136.0,332.0,458.0,444.0,10.992900000000002,26.719800000000003,38.15140000000001,38.0268,mof_primitive
165.55000000000004,366.40520000000004,558.1594,596.002,700.0,1610.0,2224.0,2032.0,25.0,54.0,82.0,92.0,136.0,332.0,458.0,444.0,10.992899999999999,26.719800000000006,38.15140000000002,38.02680000000001,mof_primitive
165.55000000000004,366.4052000000002,558.1594000000001,596.002,700.0,1610.0,2224.0,2032.0,25.0,54.0,82.0,92.0,136.0,332.0,458.0,444.0,10.992900000000004,26.719800000000006,38.15140000000001,38.02680000000001,mof_primitive
165.55,366.4052000000002,558.1594000000001,596.002,700.0,1610.0,2224.0,2032.0,25.0,54.0,82.0,92.0,136.0,332.0,458.0,444.0,10.992900000000004,26.719800000000006,38.15140000000001,38.02680000000001,mof_primitive
165.55,366.4052000000001,558.1594000000002,596.0020000000002,700.0,1610.0,2224.0,2032.0,25.0,54.0,82.0,92.0,136.0,332.0,458.0,444.0,10.992900000000004,26.71980000000001,38.15140000000001,38.02680000000001,mof_primitive
