f-chi-0-all,f-chi-1-all,f-chi-2-all,f-chi-3-all,f-Z-0-all,f-Z-1-all,f-Z-2-all,f-Z-3-all,f-I-0-all,f-I-1-all,f-I-2-all,f-I-3-all,f-T-0-all,f-T-1-all,f-T-2-all,f-T-3-all,f-S-0-all,f-S-1-all,f-S-2-all,f-S-3-all,mc-chi-0-all,mc-chi-1-all,mc-chi-2-all,mc-chi-3-all,mc-Z-0-all,mc-Z-1-all,mc-Z-2-all,mc-Z-3-all,mc-I-0-all,mc-I-1-all,mc-I-2-all,mc-I-3-all,mc-T-0-all,mc-T-1-all,mc-T-2-all,mc-T-3-all,mc-S-0-all,mc-S-1-all,mc-S-2-all,mc-S-3-all,D_mc-chi-0-all,D_mc-chi-1-all,D_mc-chi-2-all,D_mc-chi-3-all,D_mc-Z-0-all,D_mc-Z-1-all,D_mc-Z-2-all,D_mc-Z-3-all,D_mc-I-0-all,D_mc-I-1-all,D_mc-I-2-all,D_mc-I-3-all,D_mc-T-0-all,D_mc-T-1-all,D_mc-T-2-all,D_mc-T-3-all,D_mc-S-0-all,D_mc-S-1-all,D_mc-S-2-all,D_mc-S-3-all,name
226.25869999999992,431.6511999999999,1119.6835999999998,1413.7024,8096.0,13632.0,23680.0,23232.0,25.0,60.0,118.0,176.0,178.0,496.0,822.0,1000.0,18.775000000000006,50.3116,88.92660000000002,121.7348,2.8560999999999996,31.005866666666666,26.79213333333333,73.36853333333333,2304.0,2048.0,4608.0,4864.0,1.0,5.333333333333333,6.666666666666667,14.0,28.666666666666668,64.66666666666667,126.0,175.33333333333334,2.1904,5.762133333333334,8.998399999999998,15.441333333333333,0.0,-9.333333333333334,-4.586666666666665,-19.75333333333333,0.0,213.33333333333334,224.0,570.6666666666666,0.0,0.0,0.0,0.0,0.0,16.666666666666668,12.666666666666666,42.666666666666664,0.0,4.0,3.7866666666666666,10.286666666666667,mof_primitive
