f-lig-chi-0,f-lig-chi-1,f-lig-chi-2,f-lig-chi-3,f-lig-Z-0,f-lig-Z-1,f-lig-Z-2,f-lig-Z-3,f-lig-I-0,f-lig-I-1,f-lig-I-2,f-lig-I-3,f-lig-T-0,f-lig-T-1,f-lig-T-2,f-lig-T-3,f-lig-S-0,f-lig-S-1,f-lig-S-2,f-lig-S-3,name
190.09439999999995,394.02599999999995,635.1604,799.4869999999999,840.0,1776.0,2704.0,3008.0,28.0,60.0,96.0,126.0,156.0,396.0,592.0,686.0,12.7132,30.39960000000001,46.57600000000001,55.78060000000002,mof_primitive
185.59799999999996,412.53899999999993,728.1733999999999,882.0940000000003,762.0,1776.0,2672.0,2908.0,27.0,62.0,110.0,134.0,196.0,600.0,836.0,762.0,11.1483,30.230200000000004,47.22700000000001,52.56300000000002,mof_primitive
141.39939999999999,319.566,553.5604,667.9380000000001,622.0,1464.0,2152.0,2172.0,20.0,48.0,84.0,104.0,156.0,504.0,708.0,560.0,8.882000000000001,24.516800000000007,38.229200000000006,40.66640000000001,mof_primitive
190.09439999999995,394.02599999999995,635.1604,799.4869999999999,840.0,1776.0,2704.0,3008.0,28.0,60.0,96.0,126.0,156.0,396.0,592.0,686.0,12.7132,30.39960000000001,46.57600000000001,55.78060000000002,mof_primitive
