f-lig-chi-0,f-lig-chi-1,f-lig-chi-2,f-lig-chi-3,f-lig-Z-0,f-lig-Z-1,f-lig-Z-2,f-lig-Z-3,f-lig-I-0,f-lig-I-1,f-lig-I-2,f-lig-I-3,f-lig-T-0,f-lig-T-1,f-lig-T-2,f-lig-T-3,f-lig-S-0,f-lig-S-1,f-lig-S-2,f-lig-S-3,name
237.80640000000002,535.5000000000001,930.5059999999999,1161.5151999999996,792.0,1944.0,2660.0,2686.0,40.0,84.0,148.0,194.0,232.0,592.0,872.0,990.0,14.474400000000001,37.17560000000002,57.092400000000026,66.66340000000001,mof_primitive
237.80640000000002,535.5000000000002,930.5060000000001,1161.5151999999998,792.0,1944.0,2660.0,2686.0,40.0,84.0,148.0,194.0,232.0,592.0,872.0,990.0,14.4744,37.17560000000002,57.092400000000026,66.66340000000001,mof_primitive
237.80640000000005,535.5000000000002,930.5060000000003,1161.5151999999998,792.0,1944.0,2660.0,2686.0,40.0,84.0,148.0,194.0,232.0,592.0,872.0,990.0,14.47440000000001,37.17560000000002,57.09240000000002,66.6634,mof_primitive
237.80640000000005,535.5000000000002,930.5060000000003,1161.5151999999996,792.0,1944.0,2660.0,2686.0,40.0,84.0,148.0,194.0,232.0,592.0,872.0,990.0,14.47440000000001,37.17560000000002,57.09240000000001,66.6634,mof_primitive
