f-lig-chi-0,f-lig-chi-1,f-lig-chi-2,f-lig-chi-3,f-lig-Z-0,f-lig-Z-1,f-lig-Z-2,f-lig-Z-3,f-lig-I-0,f-lig-I-1,f-lig-I-2,f-lig-I-3,f-lig-T-0,f-lig-T-1,f-lig-T-2,f-lig-T-3,f-lig-S-0,f-lig-S-1,f-lig-S-2,f-lig-S-3,name
554.4370000000001,1230.9359999999997,2052.369199999999,2771.3809999999985,2434.0,5592.0,8912.0,11144.0,84.0,188.0,312.0,430.0,500.0,1308.0,2056.0,2542.0,38.31879999999999,96.00359999999996,154.0744,198.41340000000002,mof_primitive
60.528200000000005,116.8112,169.34399999999997,93.26100000000001,176.0,338.0,264.0,156.0,10.0,18.0,28.0,14.0,46.0,88.0,68.0,56.0,3.132199999999999,6.8538000000000014,7.2828,4.5158,mof_primitive
115.38940000000001,202.52099999999996,320.9404,327.01199999999994,478.0,816.0,1156.0,1200.0,16.0,30.0,48.0,48.0,78.0,174.0,208.0,226.0,6.5104,13.844600000000002,18.8048,20.574399999999997,mof_primitive
