f-chi-0-all,f-chi-1-all,f-chi-2-all,f-chi-3-all,f-Z-0-all,f-Z-1-all,f-Z-2-all,f-Z-3-all,f-I-0-all,f-I-1-all,f-I-2-all,f-I-3-all,f-T-0-all,f-T-1-all,f-T-2-all,f-T-3-all,f-S-0-all,f-S-1-all,f-S-2-all,f-S-3-all,mc-chi-0-all,mc-chi-1-all,mc-chi-2-all,mc-chi-3-all,mc-Z-0-all,mc-Z-1-all,mc-Z-2-all,mc-Z-3-all,mc-I-0-all,mc-I-1-all,mc-I-2-all,mc-I-3-all,mc-T-0-all,mc-T-1-all,mc-T-2-all,mc-T-3-all,mc-S-0-all,mc-S-1-all,mc-S-2-all,mc-S-3-all,D_mc-chi-0-all,D_mc-chi-1-all,D_mc-chi-2-all,D_mc-chi-3-all,D_mc-Z-0-all,D_mc-Z-1-all,D_mc-Z-2-all,D_mc-Z-3-all,D_mc-I-0-all,D_mc-I-1-all,D_mc-I-2-all,D_mc-I-3-all,D_mc-T-0-all,D_mc-T-1-all,D_mc-T-2-all,D_mc-T-3-all,D_mc-S-0-all,D_mc-S-1-all,D_mc-S-2-all,D_mc-S-3-all,name
101.05259999999998,159.60319999999993,293.2749999999999,426.38079999999985,1434.0,2906.0,3520.0,2320.0,12.0,22.0,34.0,48.0,56.0,138.0,158.0,104.0,7.9372,16.392200000000003,23.981800000000007,26.987199999999998,2.7224999999999997,27.719999999999995,26.0535,57.353999999999985,900.0,1170.0,1110.0,2850.0,1.0,5.0,6.0,13.0,25.0,55.0,95.0,160.0,1.7161000000000002,4.8077000000000005,6.026000000000001,12.038900000000002,0.0,-8.55,-5.890000000000001,-13.310000000000004,0.0,111.0,143.0,295.0,0.0,0.0,0.0,0.0,0.0,14.0,11.0,33.0,0.0,2.8800000000000003,3.2600000000000002,7.84,mof_primitive
101.05259999999998,159.60319999999993,293.27499999999986,426.3807999999999,1434.0,2906.0,3520.0,2320.0,12.0,22.0,34.0,48.0,56.0,138.0,158.0,104.0,7.9372,16.392200000000003,23.981800000000007,26.987199999999998,2.7224999999999997,27.719999999999995,26.0535,57.353999999999985,900.0,1170.0,1110.0,2850.0,1.0,5.0,6.0,13.0,25.0,55.0,95.0,160.0,1.7161000000000002,4.8077000000000005,6.026000000000001,12.038900000000002,0.0,-8.55,-5.890000000000001,-13.310000000000004,0.0,111.0,143.0,295.0,0.0,0.0,0.0,0.0,0.0,14.0,11.0,33.0,0.0,2.8800000000000003,3.2600000000000002,7.84,mof_primitive
