f-lig-chi-0,f-lig-chi-1,f-lig-chi-2,f-lig-chi-3,f-lig-Z-0,f-lig-Z-1,f-lig-Z-2,f-lig-Z-3,f-lig-I-0,f-lig-I-1,f-lig-I-2,f-lig-I-3,f-lig-T-0,f-lig-T-1,f-lig-T-2,f-lig-T-3,f-lig-S-0,f-lig-S-1,f-lig-S-2,f-lig-S-3,name
98.4827,148.3636,273.381,307.3184,683.0,1288.0,1578.0,1532.0,11.0,20.0,32.0,36.0,52.0,120.0,126.0,80.0,5.780599999999999,11.9436,16.6526,16.1258,mof_primitive
93.64269999999999,133.2276,262.16099999999994,276.7824,682.0,1272.0,1566.0,1488.0,10.0,18.0,30.0,30.0,48.0,108.0,102.0,54.0,5.6437,11.4034,16.0828,14.497799999999998,mof_primitive
98.4827,148.36359999999996,273.381,307.3184,683.0,1288.0,1578.0,1532.0,11.0,20.0,32.0,36.0,52.0,120.0,126.0,80.0,5.780599999999999,11.943600000000002,16.652600000000003,16.1258,mof_primitive
93.64269999999999,133.2276,262.16099999999994,276.7824,682.0,1272.0,1566.0,1488.0,10.0,18.0,30.0,30.0,48.0,108.0,102.0,54.0,5.643699999999999,11.4034,16.082800000000002,14.497800000000002,mof_primitive
