f-chi-0-all,f-chi-1-all,f-chi-2-all,f-chi-3-all,f-Z-0-all,f-Z-1-all,f-Z-2-all,f-Z-3-all,f-I-0-all,f-I-1-all,f-I-2-all,f-I-3-all,f-T-0-all,f-T-1-all,f-T-2-all,f-T-3-all,f-S-0-all,f-S-1-all,f-S-2-all,f-S-3-all,mc-chi-0-all,mc-chi-1-all,mc-chi-2-all,mc-chi-3-all,mc-Z-0-all,mc-Z-1-all,mc-Z-2-all,mc-Z-3-all,mc-I-0-all,mc-I-1-all,mc-I-2-all,mc-I-3-all,mc-T-0-all,mc-T-1-all,mc-T-2-all,mc-T-3-all,mc-S-0-all,mc-S-1-all,mc-S-2-all,mc-S-3-all,D_mc-chi-0-all,D_mc-chi-1-all,D_mc-chi-2-all,D_mc-chi-3-all,D_mc-Z-0-all,D_mc-Z-1-all,D_mc-Z-2-all,D_mc-Z-3-all,D_mc-I-0-all,D_mc-I-1-all,D_mc-I-2-all,D_mc-I-3-all,D_mc-T-0-all,D_mc-T-1-all,D_mc-T-2-all,D_mc-T-3-all,D_mc-S-0-all,D_mc-S-1-all,D_mc-S-2-all,D_mc-S-3-all,name
320.88639999999987,672.2263999999999,1471.1631999999995,1565.4912000000002,7798.0,15704.0,24856.0,28044.0,38.0,100.0,168.0,216.0,292.0,828.0,1260.0,1564.0,29.280200000000033,80.18400000000001,123.90560000000008,159.21320000000003,2.7224999999999997,22.703999999999997,15.862,40.61199999999999,900.0,960.0,1750.0,1780.0,1.0,4.0,4.333333333333333,8.0,16.0,38.666666666666664,61.333333333333336,85.33333333333333,1.7161000000000002,3.8252,5.427766666666668,7.759566666666667,0.0,-7.159999999999999,-2.4633333333333334,-11.413333333333334,0.0,88.0,71.66666666666667,180.66666666666666,0.0,0.0,0.0,0.0,0.0,6.333333333333333,2.0,10.666666666666666,0.0,2.3200000000000003,1.5333333333333332,4.5566666666666675,mof_primitive
