f-chi-0-all,f-chi-1-all,f-chi-2-all,f-chi-3-all,f-Z-0-all,f-Z-1-all,f-Z-2-all,f-Z-3-all,f-I-0-all,f-I-1-all,f-I-2-all,f-I-3-all,f-T-0-all,f-T-1-all,f-T-2-all,f-T-3-all,f-S-0-all,f-S-1-all,f-S-2-all,f-S-3-all,mc-chi-0-all,mc-chi-1-all,mc-chi-2-all,mc-chi-3-all,mc-Z-0-all,mc-Z-1-all,mc-Z-2-all,mc-Z-3-all,mc-I-0-all,mc-I-1-all,mc-I-2-all,mc-I-3-all,mc-T-0-all,mc-T-1-all,mc-T-2-all,mc-T-3-all,mc-S-0-all,mc-S-1-all,mc-S-2-all,mc-S-3-all,D_mc-chi-0-all,D_mc-chi-1-all,D_mc-chi-2-all,D_mc-chi-3-all,D_mc-Z-0-all,D_mc-Z-1-all,D_mc-Z-2-all,D_mc-Z-3-all,D_mc-I-0-all,D_mc-I-1-all,D_mc-I-2-all,D_mc-I-3-all,D_mc-T-0-all,D_mc-T-1-all,D_mc-T-2-all,D_mc-T-3-all,D_mc-S-0-all,D_mc-S-1-all,D_mc-S-2-all,D_mc-S-3-all,name
401.37960000000004,924.6856,2429.1831999999995,3489.7124,5742.0,15152.0,32088.0,43684.0,50.0,140.0,304.0,480.0,476.0,1612.0,3312.0,4652.0,34.65140000000001,106.47000000000001,219.0424000000001,332.89040000000006,2.4025000000000003,28.12733333333334,34.42033333333334,77.13833333333336,625.0,1016.6666666666666,2650.0,3150.0,1.0,5.666666666666667,9.333333333333334,17.0,32.333333333333336,96.66666666666667,200.33333333333334,271.3333333333333,1.9320999999999995,5.648033333333333,11.842800000000002,17.759566666666668,0.0,-9.363333333333335,-7.740000000000001,-23.416666666666668,0.0,101.0,127.33333333333333,299.0,0.0,0.0,0.0,0.0,0.0,15.333333333333334,18.333333333333332,49.666666666666664,0.0,3.813333333333333,4.453333333333332,10.853333333333332,mof_primitive
401.37960000000004,924.6856,2429.183199999999,3489.7124000000003,5742.0,15152.0,32088.0,43684.0,50.0,140.0,304.0,480.0,476.0,1612.0,3312.0,4652.0,34.65140000000001,106.47000000000003,219.0424000000001,332.8904,2.4025000000000003,28.12733333333334,34.42033333333334,77.13833333333336,625.0,1016.6666666666666,2650.0,3150.0,1.0,5.666666666666667,9.333333333333334,17.0,32.333333333333336,96.66666666666667,200.33333333333334,271.3333333333333,1.9320999999999995,5.648033333333333,11.842800000000002,17.759566666666668,0.0,-9.363333333333335,-7.740000000000001,-23.416666666666668,0.0,101.0,127.33333333333333,299.0,0.0,0.0,0.0,0.0,0.0,15.333333333333334,18.333333333333332,49.666666666666664,0.0,3.813333333333333,4.453333333333332,10.853333333333332,mof_primitive
