f-chi-0-all,f-chi-1-all,f-chi-2-all,f-chi-3-all,f-Z-0-all,f-Z-1-all,f-Z-2-all,f-Z-3-all,f-I-0-all,f-I-1-all,f-I-2-all,f-I-3-all,f-T-0-all,f-T-1-all,f-T-2-all,f-T-3-all,f-S-0-all,f-S-1-all,f-S-2-all,f-S-3-all,mc-chi-0-all,mc-chi-1-all,mc-chi-2-all,mc-chi-3-all,mc-Z-0-all,mc-Z-1-all,mc-Z-2-all,mc-Z-3-all,mc-I-0-all,mc-I-1-all,mc-I-2-all,mc-I-3-all,mc-T-0-all,mc-T-1-all,mc-T-2-all,mc-T-3-all,mc-S-0-all,mc-S-1-all,mc-S-2-all,mc-S-3-all,D_mc-chi-0-all,D_mc-chi-1-all,D_mc-chi-2-all,D_mc-chi-3-all,D_mc-Z-0-all,D_mc-Z-1-all,D_mc-Z-2-all,D_mc-Z-3-all,D_mc-I-0-all,D_mc-I-1-all,D_mc-I-2-all,D_mc-I-3-all,D_mc-T-0-all,D_mc-T-1-all,D_mc-T-2-all,D_mc-T-3-all,D_mc-S-0-all,D_mc-S-1-all,D_mc-S-2-all,D_mc-S-3-all,name
260.5263999999999,463.8207999999999,1300.9403999999997,1271.1631999999995,9187.0,16280.0,15000.0,15744.0,29.0,72.0,136.0,160.0,236.0,688.0,796.0,864.0,22.555000000000017,64.67399999999998,93.85880000000004,105.55440000000002,2.0545999999999998,26.184466666666662,16.064999999999998,37.06653333333333,2601.0,2433.3333333333335,1412.0,3216.0,1.0,6.0,4.666666666666667,9.333333333333334,38.0,85.33333333333333,86.0,148.0,2.6998666666666664,7.385866666666666,5.934133333333333,11.606933333333332,0.0,-12.24,-5.599999999999999,-14.759999999999998,0.0,267.3333333333333,207.33333333333334,406.6666666666667,0.0,0.0,0.0,0.0,0.0,24.666666666666668,14.666666666666666,33.333333333333336,0.0,5.646666666666667,4.113333333333333,8.386666666666667,mof_primitive
