f-lig-chi-0,f-lig-chi-1,f-lig-chi-2,f-lig-chi-3,f-lig-Z-0,f-lig-Z-1,f-lig-Z-2,f-lig-Z-3,f-lig-I-0,f-lig-I-1,f-lig-I-2,f-lig-I-3,f-lig-T-0,f-lig-T-1,f-lig-T-2,f-lig-T-3,f-lig-S-0,f-lig-S-1,f-lig-S-2,f-lig-S-3,name
219.42860000000002,463.5670000000001,733.7883999999999,896.2371999999998,842.0,1828.0,2452.0,2518.0,34.0,70.0,112.0,142.0,182.0,448.0,596.0,602.0,13.533,32.47980000000001,46.66320000000002,51.47900000000002,mof_primitive
219.42860000000005,463.5670000000001,733.7884000000001,896.2371999999996,842.0,1828.0,2452.0,2518.0,34.0,70.0,112.0,142.0,182.0,448.0,596.0,602.0,13.533000000000012,32.47980000000001,46.6632,51.479,mof_primitive
219.42860000000005,463.5670000000001,733.7884000000001,896.2371999999996,842.0,1828.0,2452.0,2518.0,34.0,70.0,112.0,142.0,182.0,448.0,596.0,602.0,13.533000000000012,32.47980000000001,46.6632,51.479,mof_primitive
219.42860000000005,463.5670000000001,733.7884000000001,896.2371999999996,842.0,1828.0,2452.0,2518.0,34.0,70.0,112.0,142.0,182.0,448.0,596.0,602.0,13.533000000000012,32.47980000000001,46.6632,51.479,mof_primitive
