f-lig-chi-0,f-lig-chi-1,f-lig-chi-2,f-lig-chi-3,f-lig-Z-0,f-lig-Z-1,f-lig-Z-2,f-lig-Z-3,f-lig-I-0,f-lig-I-1,f-lig-I-2,f-lig-I-3,f-lig-T-0,f-lig-T-1,f-lig-T-2,f-lig-T-3,f-lig-S-0,f-lig-S-1,f-lig-S-2,f-lig-S-3,name
590.4138000000004,1272.8580000000006,2217.5664000000006,2850.78,2070.0,4728.0,6864.0,8328.0,96.0,200.0,356.0,464.0,556.0,1400.0,1956.0,2312.0,35.46239999999999,89.50480000000003,138.44199999999998,171.41599999999997,mof_primitive
590.4138000000004,1272.8580000000006,2217.5664000000006,2850.78,2070.0,4728.0,6864.0,8328.0,96.0,200.0,356.0,464.0,556.0,1400.0,1956.0,2312.0,35.46239999999999,89.50480000000003,138.44199999999998,171.41599999999997,mof_primitive
590.4138000000007,1272.8580000000006,2217.5664,2850.78,2070.0,4728.0,6864.0,8328.0,96.0,200.0,356.0,464.0,556.0,1400.0,1956.0,2312.0,35.46240000000001,89.50480000000002,138.442,171.41600000000003,mof_primitive
590.4137999999996,1272.8580000000004,2217.5663999999997,2850.780000000001,2070.0,4728.0,6864.0,8328.0,96.0,200.0,356.0,464.0,556.0,1400.0,1956.0,2312.0,35.462400000000045,89.50479999999999,138.44200000000006,171.41599999999994,mof_primitive
590.4137999999991,1272.8579999999984,2217.5663999999992,2850.780000000001,2070.0,4728.0,6864.0,8328.0,96.0,200.0,356.0,464.0,556.0,1400.0,1956.0,2312.0,35.462400000000024,89.50479999999972,138.442,171.4159999999999,mof_primitive
590.4138000000004,1272.8580000000009,2217.5663999999997,2850.78,2070.0,4728.0,6864.0,8328.0,96.0,200.0,356.0,464.0,556.0,1400.0,1956.0,2312.0,35.46240000000001,89.50480000000002,138.44199999999998,171.416,mof_primitive
590.4138,1272.857999999999,2217.5664,2850.7800000000007,2070.0,4728.0,6864.0,8328.0,96.0,200.0,356.0,464.0,556.0,1400.0,1956.0,2312.0,35.46239999999999,89.5047999999999,138.44199999999998,171.41599999999994,mof_primitive
590.4138000000004,1272.8580000000006,2217.5664000000006,2850.78,2070.0,4728.0,6864.0,8328.0,96.0,200.0,356.0,464.0,556.0,1400.0,1956.0,2312.0,35.46239999999999,89.50480000000003,138.44199999999998,171.41599999999997,mof_primitive
