f-chi-0-all,f-chi-1-all,f-chi-2-all,f-chi-3-all,f-Z-0-all,f-Z-1-all,f-Z-2-all,f-Z-3-all,f-I-0-all,f-I-1-all,f-I-2-all,f-I-3-all,f-T-0-all,f-T-1-all,f-T-2-all,f-T-3-all,f-S-0-all,f-S-1-all,f-S-2-all,f-S-3-all,mc-chi-0-all,mc-chi-1-all,mc-chi-2-all,mc-chi-3-all,mc-Z-0-all,mc-Z-1-all,mc-Z-2-all,mc-Z-3-all,mc-I-0-all,mc-I-1-all,mc-I-2-all,mc-I-3-all,mc-T-0-all,mc-T-1-all,mc-T-2-all,mc-T-3-all,mc-S-0-all,mc-S-1-all,mc-S-2-all,mc-S-3-all,D_mc-chi-0-all,D_mc-chi-1-all,D_mc-chi-2-all,D_mc-chi-3-all,D_mc-Z-0-all,D_mc-Z-1-all,D_mc-Z-2-all,D_mc-Z-3-all,D_mc-I-0-all,D_mc-I-1-all,D_mc-I-2-all,D_mc-I-3-all,D_mc-T-0-all,D_mc-T-1-all,D_mc-T-2-all,D_mc-T-3-all,D_mc-S-0-all,D_mc-S-1-all,D_mc-S-2-all,D_mc-S-3-all,name
379.17299999999983,839.6351999999996,2358.318800000001,2523.0335999999998,15792.0,29952.0,55040.0,47616.0,42.0,120.0,244.0,320.0,420.0,1392.0,2300.0,2608.0,33.04680000000003,104.76959999999998,183.89279999999997,229.62880000000018,2.8560999999999996,34.8816,25.8232,66.61980000000001,2304.0,2304.0,5952.0,4416.0,1.0,6.0,6.666666666666667,12.666666666666666,36.0,96.0,156.0,204.0,2.1904,6.482399999999999,9.698933333333335,13.961333333333336,0.0,-10.5,-4.013333333333332,-18.013333333333332,0.0,240.0,196.0,516.0,0.0,0.0,0.0,0.0,0.0,20.0,14.0,42.0,0.0,4.5,3.313333333333333,9.313333333333334,mof_primitive
