f-chi-0-all,f-chi-1-all,f-chi-2-all,f-chi-3-all,f-Z-0-all,f-Z-1-all,f-Z-2-all,f-Z-3-all,f-I-0-all,f-I-1-all,f-I-2-all,f-I-3-all,f-T-0-all,f-T-1-all,f-T-2-all,f-T-3-all,f-S-0-all,f-S-1-all,f-S-2-all,f-S-3-all,mc-chi-0-all,mc-chi-1-all,mc-chi-2-all,mc-chi-3-all,mc-Z-0-all,mc-Z-1-all,mc-Z-2-all,mc-Z-3-all,mc-I-0-all,mc-I-1-all,mc-I-2-all,mc-I-3-all,mc-T-0-all,mc-T-1-all,mc-T-2-all,mc-T-3-all,mc-S-0-all,mc-S-1-all,mc-S-2-all,mc-S-3-all,D_mc-chi-0-all,D_mc-chi-1-all,D_mc-chi-2-all,D_mc-chi-3-all,D_mc-Z-0-all,D_mc-Z-1-all,D_mc-Z-2-all,D_mc-Z-3-all,D_mc-I-0-all,D_mc-I-1-all,D_mc-I-2-all,D_mc-I-3-all,D_mc-T-0-all,D_mc-T-1-all,D_mc-T-2-all,D_mc-T-3-all,D_mc-S-0-all,D_mc-S-1-all,D_mc-S-2-all,D_mc-S-3-all,name
376.45139999999986,708.9840000000002,1624.1669999999995,1762.312,5718.0,13104.0,18630.0,20576.0,42.0,102.0,174.0,226.0,288.0,780.0,1174.0,1312.0,31.497000000000025,81.77460000000005,126.91500000000008,156.00100000000012,2.4025000000000003,23.549666666666663,17.48270833333333,40.80762500000001,625.0,883.3333333333334,1108.3333333333333,1537.5,1.0,4.416666666666667,4.75,8.666666666666666,20.583333333333332,45.25,73.33333333333333,97.66666666666667,1.9320999999999995,4.481591666666666,5.802091666666666,9.01183333333333,0.0,-8.347500000000002,-3.916666666666666,-12.894166666666665,0.0,75.08333333333333,74.41666666666667,155.16666666666666,0.0,0.0,0.0,0.0,0.0,10.916666666666666,6.25,18.083333333333332,0.0,2.9150000000000005,2.4283333333333332,5.563333333333333,mof_primitive
376.45139999999986,698.3200000000002,1493.1209999999992,1547.3119999999997,5718.0,12704.0,16440.0,17008.0,42.0,100.0,160.0,196.0,272.0,710.0,1000.0,1064.0,31.497000000000018,79.74520000000005,115.58120000000007,132.80160000000004,2.4025000000000003,23.549666666666663,17.48270833333333,40.80762500000001,625.0,883.3333333333334,1108.3333333333333,1537.5,1.0,4.416666666666667,4.75,8.666666666666666,20.583333333333332,45.25,73.33333333333333,97.66666666666667,1.9320999999999995,4.481591666666666,5.802091666666666,9.01183333333333,0.0,-8.347500000000002,-3.916666666666666,-12.894166666666665,0.0,75.08333333333333,74.41666666666667,155.16666666666666,0.0,0.0,0.0,0.0,0.0,10.916666666666666,6.25,18.083333333333332,0.0,2.9150000000000005,2.4283333333333332,5.563333333333333,mof_primitive
