f-lig-chi-0,f-lig-chi-1,f-lig-chi-2,f-lig-chi-3,f-lig-Z-0,f-lig-Z-1,f-lig-Z-2,f-lig-Z-3,f-lig-I-0,f-lig-I-1,f-lig-I-2,f-lig-I-3,f-lig-T-0,f-lig-T-1,f-lig-T-2,f-lig-T-3,f-lig-S-0,f-lig-S-1,f-lig-S-2,f-lig-S-3,name
290.5144,623.2710000000002,1051.7503999999997,1345.587000000001,1138.0,2544.0,3896.0,4662.0,46.0,98.0,168.0,220.0,266.0,678.0,1000.0,1238.0,18.82540000000001,46.76980000000002,73.3448,91.62520000000004,mof_primitive
124.04550000000002,210.62999999999997,306.7603999999999,331.7639999999999,576.0,960.0,1268.0,1188.0,16.0,30.0,42.0,48.0,72.0,162.0,186.0,176.0,7.362399999999998,15.015000000000006,19.396200000000004,19.9232,mof_primitive
276.48549999999994,582.9300000000003,965.3853999999995,1240.4850000000008,1162.0,2520.0,3856.0,4638.0,42.0,90.0,150.0,198.0,240.0,612.0,918.0,1134.0,18.21780000000001,44.429000000000016,69.30940000000001,87.01020000000001,mof_primitive
105.7094,180.08100000000002,259.2904,266.095,476.0,792.0,1024.0,742.0,14.0,26.0,36.0,40.0,62.0,138.0,148.0,128.0,6.236599999999999,12.705000000000004,15.930000000000003,14.4552,mof_primitive
290.51439999999997,623.2710000000002,1051.7503999999997,1345.5870000000007,1138.0,2544.0,3896.0,4662.0,46.0,98.0,168.0,220.0,266.0,678.0,1000.0,1238.0,18.82540000000001,46.76980000000002,73.3448,91.62520000000004,mof_primitive
124.04550000000002,210.62999999999994,306.7603999999999,331.7639999999999,576.0,960.0,1268.0,1188.0,16.0,30.0,42.0,48.0,72.0,162.0,186.0,176.0,7.362399999999998,15.015000000000006,19.396200000000004,19.9232,mof_primitive
276.48549999999994,582.9300000000003,965.3853999999997,1240.4850000000008,1162.0,2520.0,3856.0,4638.0,42.0,90.0,150.0,198.0,240.0,612.0,918.0,1134.0,18.21780000000001,44.429000000000016,69.30940000000001,87.01020000000001,mof_primitive
105.7094,180.08100000000002,259.2904,266.095,476.0,792.0,1024.0,742.0,14.0,26.0,36.0,40.0,62.0,138.0,148.0,128.0,6.236599999999999,12.705000000000004,15.930000000000003,14.4552,mof_primitive
