f-lig-chi-0,f-lig-chi-1,f-lig-chi-2,f-lig-chi-3,f-lig-Z-0,f-lig-Z-1,f-lig-Z-2,f-lig-Z-3,f-lig-I-0,f-lig-I-1,f-lig-I-2,f-lig-I-3,f-lig-T-0,f-lig-T-1,f-lig-T-2,f-lig-T-3,f-lig-S-0,f-lig-S-1,f-lig-S-2,f-lig-S-3,name
103.1174,196.91619999999995,296.9531999999999,338.932,461.0,880.0,1212.0,1108.0,14.0,28.0,42.0,50.0,70.0,168.0,218.0,194.0,6.2661999999999995,13.8616,19.516199999999998,19.939799999999998,mof_primitive
92.70439999999999,154.07099999999997,252.64039999999997,287.8690000000001,404.0,648.0,884.0,640.0,12.0,22.0,36.0,42.0,58.0,136.0,144.0,98.0,5.050800000000001,10.333400000000001,14.105999999999996,13.378599999999999,mof_primitive
103.1174,196.91619999999998,296.9531999999999,338.93199999999996,461.0,880.0,1212.0,1108.0,14.0,28.0,42.0,50.0,70.0,168.0,218.0,194.0,6.2661999999999995,13.861600000000003,19.5162,19.9398,mof_primitive
92.7044,154.07099999999994,252.64039999999994,287.8690000000001,404.0,648.0,884.0,640.0,12.0,22.0,36.0,42.0,58.0,136.0,144.0,98.0,5.050799999999998,10.333400000000005,14.106000000000002,13.3786,mof_primitive
