f-lig-chi-0,f-lig-chi-1,f-lig-chi-2,f-lig-chi-3,f-lig-Z-0,f-lig-Z-1,f-lig-Z-2,f-lig-Z-3,f-lig-I-0,f-lig-I-1,f-lig-I-2,f-lig-I-3,f-lig-T-0,f-lig-T-1,f-lig-T-2,f-lig-T-3,f-lig-S-0,f-lig-S-1,f-lig-S-2,f-lig-S-3,name
132.7016,231.74399999999991,362.6163999999999,434.243,674.0,1176.0,1792.0,1952.0,16.0,32.0,48.0,58.0,80.0,192.0,256.0,250.0,8.2144,17.371200000000005,25.2624,28.538599999999995,mof_primitive
132.7016,231.74399999999991,362.6163999999999,434.243,674.0,1176.0,1792.0,1952.0,16.0,32.0,48.0,58.0,80.0,192.0,256.0,250.0,8.2144,17.371200000000005,25.2624,28.5386,mof_primitive
123.0216,222.3089999999999,317.7363999999999,323.6459999999999,672.0,1224.0,1744.0,1776.0,14.0,30.0,40.0,40.0,78.0,198.0,232.0,192.0,7.9406,17.4174,22.9832,22.8536,mof_primitive
132.7016,231.74399999999991,362.6163999999999,434.24299999999994,674.0,1176.0,1792.0,1952.0,16.0,32.0,48.0,58.0,80.0,192.0,256.0,250.0,8.2144,17.371200000000005,25.2624,28.538599999999995,mof_primitive
132.7016,231.74399999999991,362.6163999999999,434.24299999999994,674.0,1176.0,1792.0,1952.0,16.0,32.0,48.0,58.0,80.0,192.0,256.0,250.0,8.2144,17.371200000000005,25.2624,28.5386,mof_primitive
123.02159999999999,222.3089999999999,317.7363999999999,323.6459999999999,672.0,1224.0,1744.0,1776.0,14.0,30.0,40.0,40.0,78.0,198.0,232.0,192.0,7.9406,17.4174,22.9832,22.8536,mof_primitive
