f-chi-0-all,f-chi-1-all,f-chi-2-all,f-chi-3-all,f-Z-0-all,f-Z-1-all,f-Z-2-all,f-Z-3-all,f-I-0-all,f-I-1-all,f-I-2-all,f-I-3-all,f-T-0-all,f-T-1-all,f-T-2-all,f-T-3-all,f-S-0-all,f-S-1-all,f-S-2-all,f-S-3-all,mc-chi-0-all,mc-chi-1-all,mc-chi-2-all,mc-chi-3-all,mc-Z-0-all,mc-Z-1-all,mc-Z-2-all,mc-Z-3-all,mc-I-0-all,mc-I-1-all,mc-I-2-all,mc-I-3-all,mc-T-0-all,mc-T-1-all,mc-T-2-all,mc-T-3-all,mc-S-0-all,mc-S-1-all,mc-S-2-all,mc-S-3-all,D_mc-chi-0-all,D_mc-chi-1-all,D_mc-chi-2-all,D_mc-chi-3-all,D_mc-Z-0-all,D_mc-Z-1-all,D_mc-Z-2-all,D_mc-Z-3-all,D_mc-I-0-all,D_mc-I-1-all,D_mc-I-2-all,D_mc-I-3-all,D_mc-T-0-all,D_mc-T-1-all,D_mc-T-2-all,D_mc-T-3-all,D_mc-S-0-all,D_mc-S-1-all,D_mc-S-2-all,D_mc-S-3-all,name
168.16879999999998,334.02099999999996,745.2567999999999,797.3829999999998,2534.0,5296.0,7744.0,6808.0,22.0,50.0,92.0,112.0,148.0,402.0,570.0,584.0,12.0742,31.751399999999997,50.71840000000001,57.57560000000001,2.7224999999999997,27.356999999999996,21.656249999999996,49.92075,900.0,1095.0,1710.0,1935.0,1.0,5.0,5.5,10.5,26.0,60.0,96.0,123.0,1.7161000000000002,4.5457,6.25525,9.569550000000001,0.0,-8.33,-4.05,-12.930000000000001,0.0,113.5,108.0,250.5,0.0,0.0,0.0,0.0,0.0,14.5,9.0,28.5,0.0,3.08,2.43,6.450000000000001,mof_primitive
168.16879999999998,334.0209999999999,745.2567999999999,797.3829999999997,2534.0,5296.0,7744.0,6808.0,22.0,50.0,92.0,112.0,148.0,402.0,570.0,584.0,12.0742,31.751400000000004,50.71840000000001,57.57560000000001,2.7224999999999997,27.356999999999996,21.656249999999996,49.92075,900.0,1095.0,1710.0,1935.0,1.0,5.0,5.5,10.5,26.0,60.0,96.0,123.0,1.7161000000000002,4.5457,6.25525,9.569550000000001,0.0,-8.33,-4.05,-12.930000000000001,0.0,113.5,108.0,250.5,0.0,0.0,0.0,0.0,0.0,14.5,9.0,28.5,0.0,3.08,2.43,6.450000000000001,mof_primitive
