f-lig-chi-0,f-lig-chi-1,f-lig-chi-2,f-lig-chi-3,f-lig-Z-0,f-lig-Z-1,f-lig-Z-2,f-lig-Z-3,f-lig-I-0,f-lig-I-1,f-lig-I-2,f-lig-I-3,f-lig-T-0,f-lig-T-1,f-lig-T-2,f-lig-T-3,f-lig-S-0,f-lig-S-1,f-lig-S-2,f-lig-S-3,name
439.2509999999999,892.3980000000006,1510.1648000000012,1935.8630000000007,1746.0,3624.0,5468.0,6236.0,66.0,136.0,232.0,302.0,368.0,920.0,1280.0,1478.0,26.675400000000018,63.87920000000004,97.38800000000003,118.96620000000004,mof_primitive
439.2509999999999,892.3980000000006,1510.1648000000012,1935.8630000000007,1746.0,3624.0,5468.0,6236.0,66.0,136.0,232.0,302.0,368.0,920.0,1280.0,1478.0,26.675400000000018,63.87920000000004,97.38800000000003,118.96620000000004,mof_primitive
439.2509999999999,892.3980000000006,1510.1648000000012,1935.8630000000007,1746.0,3624.0,5468.0,6236.0,66.0,136.0,232.0,302.0,368.0,920.0,1280.0,1478.0,26.675400000000018,63.87920000000004,97.38800000000003,118.96620000000004,mof_primitive
439.2509999999999,892.3980000000006,1510.1648000000012,1935.8630000000007,1746.0,3624.0,5468.0,6236.0,66.0,136.0,232.0,302.0,368.0,920.0,1280.0,1478.0,26.675400000000018,63.87920000000004,97.38800000000003,118.96620000000003,mof_primitive
439.2509999999999,892.3980000000006,1510.1648000000012,1935.8630000000007,1746.0,3624.0,5468.0,6236.0,66.0,136.0,232.0,302.0,368.0,920.0,1280.0,1478.0,26.675400000000018,63.87920000000004,97.38800000000003,118.96620000000003,mof_primitive
439.2509999999999,892.3980000000006,1510.1648000000012,1935.8630000000007,1746.0,3624.0,5468.0,6236.0,66.0,136.0,232.0,302.0,368.0,920.0,1280.0,1478.0,26.675400000000018,63.87920000000004,97.38800000000003,118.96620000000003,mof_primitive
