f-lig-chi-0,f-lig-chi-1,f-lig-chi-2,f-lig-chi-3,f-lig-Z-0,f-lig-Z-1,f-lig-Z-2,f-lig-Z-3,f-lig-I-0,f-lig-I-1,f-lig-I-2,f-lig-I-3,f-lig-T-0,f-lig-T-1,f-lig-T-2,f-lig-T-3,f-lig-S-0,f-lig-S-1,f-lig-S-2,f-lig-S-3,name
257.31390000000005,587.5200000000003,1004.3514,1215.368,900.0,2232.0,3318.0,3380.0,43.0,92.0,160.0,196.0,252.0,640.0,926.0,1040.0,16.253100000000007,41.91880000000002,65.10000000000002,73.20680000000003,mof_primitive
257.31390000000005,587.5200000000003,1004.3514,1215.368,900.0,2232.0,3318.0,3380.0,43.0,92.0,160.0,196.0,252.0,640.0,926.0,1040.0,16.25310000000001,41.91880000000002,65.10000000000004,73.20680000000002,mof_primitive
257.31390000000005,587.5200000000002,1004.3513999999999,1215.3679999999997,900.0,2232.0,3318.0,3380.0,43.0,92.0,160.0,196.0,252.0,640.0,926.0,1040.0,16.253100000000003,41.91880000000002,65.10000000000004,73.2068,mof_primitive
257.31390000000005,587.5200000000002,1004.3513999999998,1215.368,900.0,2232.0,3318.0,3380.0,43.0,92.0,160.0,196.0,252.0,640.0,926.0,1040.0,16.253100000000003,41.91880000000002,65.10000000000004,73.20680000000002,mof_primitive
144.0441,255.969,399.64559999999994,462.2129999999999,711.0,1260.0,1896.0,1944.0,18.0,36.0,54.0,66.0,90.0,216.0,294.0,306.0,8.9442,19.126800000000006,27.590999999999998,31.000200000000014,mof_primitive
144.04410000000001,255.969,399.6455999999999,462.2129999999999,711.0,1260.0,1896.0,1944.0,18.0,36.0,54.0,66.0,90.0,216.0,294.0,306.0,8.944199999999999,19.126800000000006,27.591000000000005,31.000200000000007,mof_primitive
144.0441,255.96899999999994,399.6455999999999,462.2129999999999,711.0,1260.0,1896.0,1944.0,18.0,36.0,54.0,66.0,90.0,216.0,294.0,306.0,8.9442,19.1268,27.591,31.000200000000007,mof_primitive
144.04410000000001,255.96899999999994,399.64559999999994,462.21299999999985,711.0,1260.0,1896.0,1944.0,18.0,36.0,54.0,66.0,90.0,216.0,294.0,306.0,8.9442,19.126800000000006,27.591,31.000200000000014,mof_primitive
