f-lig-chi-0,f-lig-chi-1,f-lig-chi-2,f-lig-chi-3,f-lig-Z-0,f-lig-Z-1,f-lig-Z-2,f-lig-Z-3,f-lig-I-0,f-lig-I-1,f-lig-I-2,f-lig-I-3,f-lig-T-0,f-lig-T-1,f-lig-T-2,f-lig-T-3,f-lig-S-0,f-lig-S-1,f-lig-S-2,f-lig-S-3,name
494.2940999999999,1071.4590000000005,1718.5056000000006,2244.5429999999983,2031.0,4572.0,6792.0,7584.0,78.0,168.0,270.0,366.0,438.0,1116.0,1662.0,1950.0,33.574200000000005,82.6056,126.08939999999994,153.5741999999999,mof_primitive
494.2940999999999,1071.4590000000005,1718.5056000000009,2244.5429999999983,2031.0,4572.0,6792.0,7584.0,78.0,168.0,270.0,366.0,438.0,1116.0,1662.0,1950.0,33.574200000000005,82.6056,126.08939999999993,153.57419999999988,mof_primitive
494.2940999999999,1071.4590000000005,1718.5056000000006,2244.5429999999983,2031.0,4572.0,6792.0,7584.0,78.0,168.0,270.0,366.0,438.0,1116.0,1662.0,1950.0,33.574200000000005,82.6056,126.08939999999994,153.5741999999999,mof_primitive
494.29409999999996,1071.4590000000007,1718.505600000001,2244.542999999998,2031.0,4572.0,6792.0,7584.0,78.0,168.0,270.0,366.0,438.0,1116.0,1662.0,1950.0,33.574200000000005,82.60559999999998,126.08939999999994,153.57419999999985,mof_primitive
494.2941,1071.4590000000007,1718.505600000001,2244.5429999999974,2031.0,4572.0,6792.0,7584.0,78.0,168.0,270.0,366.0,438.0,1116.0,1662.0,1950.0,33.5742,82.6056,126.08939999999996,153.57419999999988,mof_primitive
494.2940999999992,1071.459000000001,1718.5056000000013,2244.5430000000024,2031.0,4572.0,6792.0,7584.0,78.0,168.0,270.0,366.0,438.0,1116.0,1662.0,1950.0,33.574200000000026,82.60559999999982,126.0894,153.5742000000001,mof_primitive
494.2940999999992,1071.459,1718.5056000000013,2244.5430000000015,2031.0,4572.0,6792.0,7584.0,78.0,168.0,270.0,366.0,438.0,1116.0,1662.0,1950.0,33.57419999999999,82.60559999999984,126.08939999999998,153.5742000000001,mof_primitive
494.2941,1071.4590000000007,1718.5056000000013,2244.5429999999974,2031.0,4572.0,6792.0,7584.0,78.0,168.0,270.0,366.0,438.0,1116.0,1662.0,1950.0,33.5742,82.6056,126.08939999999994,153.57419999999985,mof_primitive
