f-chi-0-all,f-chi-1-all,f-chi-2-all,f-chi-3-all,f-Z-0-all,f-Z-1-all,f-Z-2-all,f-Z-3-all,f-I-0-all,f-I-1-all,f-I-2-all,f-I-3-all,f-T-0-all,f-T-1-all,f-T-2-all,f-T-3-all,f-S-0-all,f-S-1-all,f-S-2-all,f-S-3-all,mc-chi-0-all,mc-chi-1-all,mc-chi-2-all,mc-chi-3-all,mc-Z-0-all,mc-Z-1-all,mc-Z-2-all,mc-Z-3-all,mc-I-0-all,mc-I-1-all,mc-I-2-all,mc-I-3-all,mc-T-0-all,mc-T-1-all,mc-T-2-all,mc-T-3-all,mc-S-0-all,mc-S-1-all,mc-S-2-all,mc-S-3-all,D_mc-chi-0-all,D_mc-chi-1-all,D_mc-chi-2-all,D_mc-chi-3-all,D_mc-Z-0-all,D_mc-Z-1-all,D_mc-Z-2-all,D_mc-Z-3-all,D_mc-I-0-all,D_mc-I-1-all,D_mc-I-2-all,D_mc-I-3-all,D_mc-T-0-all,D_mc-T-1-all,D_mc-T-2-all,D_mc-T-3-all,D_mc-S-0-all,D_mc-S-1-all,D_mc-S-2-all,D_mc-S-3-all,name
450.51079999999973,867.5679999999993,1927.4895999999987,2446.5280000000002,9428.0,18688.0,32344.0,37024.0,52.0,124.0,220.0,332.0,344.0,944.0,1568.0,1980.0,36.31240000000001,94.17000000000002,158.04360000000003,215.64200000000014,2.722499999999999,24.8325,24.079687499999995,65.1255,900.0,1050.0,2718.75,2760.0,1.0,4.375,6.75,12.25,19.625,51.125,97.375,134.375,1.7161000000000006,4.183812500000001,7.7683,11.871875000000003,0.0,-7.831249999999998,-3.4562500000000003,-19.257499999999997,0.0,96.25,111.875,275.5,0.0,0.0,0.0,0.0,0.0,8.375,9.25,25.375,0.0,2.5375000000000005,2.9124999999999996,6.985000000000002,mof_primitive
450.51079999999973,890.2719999999994,2171.3493999999996,2970.783999999999,9428.0,19648.0,39016.0,49120.0,52.0,128.0,248.0,412.0,380.0,1136.0,2096.0,2928.0,36.31240000000001,97.99520000000001,179.87119999999987,272.5236000000001,2.722499999999999,24.8325,24.079687499999995,65.1255,900.0,1050.0,2718.75,2760.0,1.0,4.375,6.75,12.25,19.625,51.125,97.375,134.375,1.7161000000000006,4.183812500000001,7.7683,11.871875000000003,0.0,-7.831249999999998,-3.4562500000000003,-19.257499999999997,0.0,96.25,111.875,275.5,0.0,0.0,0.0,0.0,0.0,8.375,9.25,25.375,0.0,2.5375000000000005,2.9124999999999996,6.985000000000002,mof_primitive
