f-chi-0-all,f-chi-1-all,f-chi-2-all,f-chi-3-all,f-Z-0-all,f-Z-1-all,f-Z-2-all,f-Z-3-all,f-I-0-all,f-I-1-all,f-I-2-all,f-I-3-all,f-T-0-all,f-T-1-all,f-T-2-all,f-T-3-all,f-S-0-all,f-S-1-all,f-S-2-all,f-S-3-all,mc-chi-0-all,mc-chi-1-all,mc-chi-2-all,mc-chi-3-all,mc-Z-0-all,mc-Z-1-all,mc-Z-2-all,mc-Z-3-all,mc-I-0-all,mc-I-1-all,mc-I-2-all,mc-I-3-all,mc-T-0-all,mc-T-1-all,mc-T-2-all,mc-T-3-all,mc-S-0-all,mc-S-1-all,mc-S-2-all,mc-S-3-all,D_mc-chi-0-all,D_mc-chi-1-all,D_mc-chi-2-all,D_mc-chi-3-all,D_mc-Z-0-all,D_mc-Z-1-all,D_mc-Z-2-all,D_mc-Z-3-all,D_mc-I-0-all,D_mc-I-1-all,D_mc-I-2-all,D_mc-I-3-all,D_mc-T-0-all,D_mc-T-1-all,D_mc-T-2-all,D_mc-T-3-all,D_mc-S-0-all,D_mc-S-1-all,D_mc-S-2-all,D_mc-S-3-all,name
537.9202999999999,1207.0104000000003,4025.979599999999,5008.720799999999,11550.0,28404.0,54918.0,75516.0,65.0,180.0,450.0,672.0,654.0,2112.0,4314.0,6456.0,41.32009999999998,134.90280000000016,292.62900000000013,444.4583999999998,2.67286,36.35903999999999,40.19519999999999,111.62544000000004,1770.0,2414.4,5491.2,5704.8,1.0,7.2,10.8,22.8,54.0,140.4,302.4,406.8,2.0209,7.650239999999999,13.04028,21.23508,0.0,-13.452000000000002,-6.899999999999997,-32.64000000000001,0.0,249.6,260.4,740.4,0.0,0.0,0.0,0.0,0.0,34.8,32.4,108.0,0.0,5.16,5.327999999999999,16.560000000000006,mof_primitive
537.9202999999999,1207.0104000000003,4025.979599999999,5008.720799999999,11550.0,28404.0,54918.0,75516.0,65.0,180.0,450.0,672.0,654.0,2112.0,4314.0,6456.0,41.32009999999998,134.90280000000016,292.62900000000013,444.4583999999998,2.67286,36.35903999999999,40.19519999999999,111.62544000000005,1770.0,2414.4,5491.2,5704.8,1.0,7.2,10.8,22.8,54.0,140.4,302.4,406.8,2.0209,7.650239999999999,13.04028,21.235079999999996,0.0,-13.452000000000002,-6.899999999999997,-32.64000000000001,0.0,249.6,260.4,740.4,0.0,0.0,0.0,0.0,0.0,34.8,32.4,108.0,0.0,5.16,5.3279999999999985,16.560000000000006,mof_primitive
