f-chi-0-all,f-chi-1-all,f-chi-2-all,f-chi-3-all,f-Z-0-all,f-Z-1-all,f-Z-2-all,f-Z-3-all,f-I-0-all,f-I-1-all,f-I-2-all,f-I-3-all,f-T-0-all,f-T-1-all,f-T-2-all,f-T-3-all,f-S-0-all,f-S-1-all,f-S-2-all,f-S-3-all,mc-chi-0-all,mc-chi-1-all,mc-chi-2-all,mc-chi-3-all,mc-Z-0-all,mc-Z-1-all,mc-Z-2-all,mc-Z-3-all,mc-I-0-all,mc-I-1-all,mc-I-2-all,mc-I-3-all,mc-T-0-all,mc-T-1-all,mc-T-2-all,mc-T-3-all,mc-S-0-all,mc-S-1-all,mc-S-2-all,mc-S-3-all,D_mc-chi-0-all,D_mc-chi-1-all,D_mc-chi-2-all,D_mc-chi-3-all,D_mc-Z-0-all,D_mc-Z-1-all,D_mc-Z-2-all,D_mc-Z-3-all,D_mc-I-0-all,D_mc-I-1-all,D_mc-I-2-all,D_mc-I-3-all,D_mc-T-0-all,D_mc-T-1-all,D_mc-T-2-all,D_mc-T-3-all,D_mc-S-0-all,D_mc-S-1-all,D_mc-S-2-all,D_mc-S-3-all,name
947.1128000000015,2243.0463999999965,6698.599200000008,6805.78239999999,137822.0,145656.0,614788.0,421920.0,100.0,284.0,660.0,866.0,992.0,3028.0,5860.0,8940.0,96.62559999999985,290.65679999999935,568.1367999999998,874.8447999999989,5.418861538461537,38.7392,26.53944615384615,113.1965846153846,5119.461538461538,2753.6923076923076,21650.153846153848,7918.615384615385,1.0,4.846153846153846,5.0,14.384615384615385,23.923076923076923,53.30769230769231,114.53846153846153,159.0,2.114123076923076,5.151307692307689,9.989907692307689,15.119123076923072,0.0,-5.313846153846155,0.11846153846153847,-15.469230769230775,0.0,306.15384615384613,48.61538461538461,890.0,0.0,0.0,0.0,0.0,0.0,13.153846153846153,1.1538461538461537,37.30769230769231,0.0,3.5100000000000007,0.3953846153846155,10.485384615384618,mof_primitive
