f-chi-0-all,f-chi-1-all,f-chi-2-all,f-chi-3-all,f-Z-0-all,f-Z-1-all,f-Z-2-all,f-Z-3-all,f-I-0-all,f-I-1-all,f-I-2-all,f-I-3-all,f-T-0-all,f-T-1-all,f-T-2-all,f-T-3-all,f-S-0-all,f-S-1-all,f-S-2-all,f-S-3-all,mc-chi-0-all,mc-chi-1-all,mc-chi-2-all,mc-chi-3-all,mc-Z-0-all,mc-Z-1-all,mc-Z-2-all,mc-Z-3-all,mc-I-0-all,mc-I-1-all,mc-I-2-all,mc-I-3-all,mc-T-0-all,mc-T-1-all,mc-T-2-all,mc-T-3-all,mc-S-0-all,mc-S-1-all,mc-S-2-all,mc-S-3-all,D_mc-chi-0-all,D_mc-chi-1-all,D_mc-chi-2-all,D_mc-chi-3-all,D_mc-Z-0-all,D_mc-Z-1-all,D_mc-Z-2-all,D_mc-Z-3-all,D_mc-I-0-all,D_mc-I-1-all,D_mc-I-2-all,D_mc-I-3-all,D_mc-T-0-all,D_mc-T-1-all,D_mc-T-2-all,D_mc-T-3-all,D_mc-S-0-all,D_mc-S-1-all,D_mc-S-2-all,D_mc-S-3-all,name
220.42819999999995,393.3816000000001,1617.0256,1549.0241999999998,8872.0,18032.0,25680.0,20568.0,24.0,64.0,162.0,194.0,252.0,828.0,1268.0,1212.0,18.120600000000003,59.752600000000044,112.227,127.58560000000008,1.3688999999999998,32.944275,20.761649999999996,44.623799999999996,3844.0,4061.0,6262.0,5270.0,1.0,8.25,7.5,13.0,68.25,157.5,229.25,258.5,2.9583999999999997,10.375900000000001,11.567000000000004,16.1164,0.0,-18.505,-8.969999999999999,-22.929999999999996,0.0,446.0,364.0,721.0,0.0,0.0,0.0,0.0,0.0,49.25,34.25,76.25,0.0,8.1575,6.175000000000001,12.99,mof_primitive
213.92569999999992,374.40959999999995,1476.6735999999999,1465.0271999999998,8836.0,17216.0,24912.0,19392.0,23.0,60.0,146.0,180.0,222.0,696.0,1122.0,1056.0,17.5277,55.918000000000035,103.23339999999999,117.82200000000007,1.3688999999999998,32.944275,20.761649999999996,44.623799999999996,3844.0,4061.0,6262.0,5270.0,1.0,8.25,7.5,13.0,68.25,157.5,229.25,258.5,2.9583999999999997,10.375900000000001,11.567000000000004,16.1164,0.0,-18.505,-8.969999999999999,-22.929999999999996,0.0,446.0,364.0,721.0,0.0,0.0,0.0,0.0,0.0,49.25,34.25,76.25,0.0,8.1575,6.175000000000001,12.99,mof_primitive
