f-lig-chi-0,f-lig-chi-1,f-lig-chi-2,f-lig-chi-3,f-lig-Z-0,f-lig-Z-1,f-lig-Z-2,f-lig-Z-3,f-lig-I-0,f-lig-I-1,f-lig-I-2,f-lig-I-3,f-lig-T-0,f-lig-T-1,f-lig-T-2,f-lig-T-3,f-lig-S-0,f-lig-S-1,f-lig-S-2,f-lig-S-3,name
229.79659999999993,466.4969999999998,795.7264,918.731,902.0,1872.0,2812.0,3374.0,34.0,70.0,120.0,138.0,194.0,482.0,670.0,848.0,13.4146,32.3862,48.760000000000005,60.20980000000002,mof_primitive
170.58649999999997,366.9450000000001,615.7862,573.3810000000002,626.0,1416.0,1868.0,2010.0,26.0,54.0,90.0,82.0,148.0,350.0,428.0,470.0,9.702599999999999,24.131800000000013,33.757000000000005,34.522200000000005,mof_primitive
363.71129999999994,769.4879999999998,1312.404400000001,1478.796000000001,1434.0,3144.0,4798.0,6456.0,55.0,116.0,200.0,220.0,316.0,760.0,1096.0,1496.0,22.097500000000014,54.48520000000003,83.92560000000002,108.01560000000003,mof_primitive
