f-lig-chi-0,f-lig-chi-1,f-lig-chi-2,f-lig-chi-3,f-lig-Z-0,f-lig-Z-1,f-lig-Z-2,f-lig-Z-3,f-lig-I-0,f-lig-I-1,f-lig-I-2,f-lig-I-3,f-lig-T-0,f-lig-T-1,f-lig-T-2,f-lig-T-3,f-lig-S-0,f-lig-S-1,f-lig-S-2,f-lig-S-3,name
141.39939999999999,280.55099999999993,453.58039999999994,514.8969999999999,622.0,1248.0,1796.0,1882.0,20.0,42.0,68.0,80.0,114.0,292.0,388.0,412.0,8.882000000000001,20.95940000000001,30.6148,33.7552,mof_primitive
141.39939999999999,280.55099999999993,453.58039999999994,514.8969999999999,622.0,1248.0,1796.0,1882.0,20.0,42.0,68.0,80.0,114.0,292.0,388.0,412.0,8.882000000000001,20.95940000000001,30.6148,33.7552,mof_primitive
141.39939999999999,280.55099999999993,453.58039999999994,514.8969999999999,622.0,1248.0,1796.0,1882.0,20.0,42.0,68.0,80.0,114.0,292.0,388.0,412.0,8.882000000000001,20.95940000000001,30.6148,33.7552,mof_primitive
141.39939999999999,280.551,453.58039999999994,514.8969999999999,622.0,1248.0,1796.0,1882.0,20.0,42.0,68.0,80.0,114.0,292.0,388.0,412.0,8.882000000000001,20.959400000000006,30.614799999999995,33.7552,mof_primitive
141.39939999999999,280.551,453.58039999999994,514.8969999999999,622.0,1248.0,1796.0,1882.0,20.0,42.0,68.0,80.0,114.0,292.0,388.0,412.0,8.882000000000001,20.959400000000006,30.614799999999995,33.7552,mof_primitive
141.39939999999999,280.551,453.58039999999994,514.8969999999999,622.0,1248.0,1796.0,1882.0,20.0,42.0,68.0,80.0,114.0,292.0,388.0,412.0,8.882000000000001,20.959400000000006,30.614799999999995,33.7552,mof_primitive
