f-chi-0-all,f-chi-1-all,f-chi-2-all,f-chi-3-all,f-Z-0-all,f-Z-1-all,f-Z-2-all,f-Z-3-all,f-I-0-all,f-I-1-all,f-I-2-all,f-I-3-all,f-T-0-all,f-T-1-all,f-T-2-all,f-T-3-all,f-S-0-all,f-S-1-all,f-S-2-all,f-S-3-all,mc-chi-0-all,mc-chi-1-all,mc-chi-2-all,mc-chi-3-all,mc-Z-0-all,mc-Z-1-all,mc-Z-2-all,mc-Z-3-all,mc-I-0-all,mc-I-1-all,mc-I-2-all,mc-I-3-all,mc-T-0-all,mc-T-1-all,mc-T-2-all,mc-T-3-all,mc-S-0-all,mc-S-1-all,mc-S-2-all,mc-S-3-all,D_mc-chi-0-all,D_mc-chi-1-all,D_mc-chi-2-all,D_mc-chi-3-all,D_mc-Z-0-all,D_mc-Z-1-all,D_mc-Z-2-all,D_mc-Z-3-all,D_mc-I-0-all,D_mc-I-1-all,D_mc-I-2-all,D_mc-I-3-all,D_mc-T-0-all,D_mc-T-1-all,D_mc-T-2-all,D_mc-T-3-all,D_mc-S-0-all,D_mc-S-1-all,D_mc-S-2-all,D_mc-S-3-all,name
374.03689999999983,697.2191999999998,1693.7944000000005,1739.4015999999997,9168.0,16512.0,18848.0,19968.0,41.0,100.0,176.0,220.0,292.0,796.0,1160.0,1248.0,30.33980000000003,81.8476,125.19640000000004,148.77399999999997,2.4000999999999997,27.616319999999995,18.794919999999998,43.594359999999995,1440.0,1420.8,1296.0,2025.6,1.0,5.2,5.2,9.6,27.6,59.6,92.4,122.0,2.08708,5.486679999999999,6.5214,10.309759999999995,0.0,-9.86,-4.5440000000000005,-14.707999999999998,0.0,136.0,112.8,220.0,0.0,0.0,0.0,0.0,0.0,16.4,9.6,26.0,0.0,3.72,2.944,6.592000000000001,mof_primitive
374.03689999999983,697.2191999999997,1693.7944000000005,1739.4015999999997,9168.0,16512.0,18848.0,19968.0,41.0,100.0,176.0,220.0,292.0,796.0,1160.0,1248.0,30.339800000000025,81.8476,125.19640000000005,148.774,2.4000999999999997,27.616319999999995,18.794919999999998,43.594359999999995,1440.0,1420.8,1296.0,2025.6,1.0,5.2,5.2,9.6,27.6,59.6,92.4,122.0,2.08708,5.486679999999999,6.5214,10.309759999999995,0.0,-9.86,-4.5440000000000005,-14.707999999999998,0.0,136.0,112.8,220.0,0.0,0.0,0.0,0.0,0.0,16.4,9.6,26.0,0.0,3.72,2.944,6.592000000000001,mof_primitive
