f-lig-chi-0,f-lig-chi-1,f-lig-chi-2,f-lig-chi-3,f-lig-Z-0,f-lig-Z-1,f-lig-Z-2,f-lig-Z-3,f-lig-I-0,f-lig-I-1,f-lig-I-2,f-lig-I-3,f-lig-T-0,f-lig-T-1,f-lig-T-2,f-lig-T-3,f-lig-S-0,f-lig-S-1,f-lig-S-2,f-lig-S-3,name
163.20759999999999,315.129,495.0534,621.2209999999999,790.0,1536.0,2274.0,2666.0,22.0,46.0,72.0,92.0,122.0,316.0,438.0,480.0,10.919,24.501400000000004,36.3008,44.333200000000005,mof_primitive
141.3994,280.551,453.5804,514.8969999999999,622.0,1248.0,1796.0,1882.0,20.0,42.0,68.0,80.0,114.0,292.0,388.0,412.0,8.882,20.959400000000002,30.614800000000006,33.7552,mof_primitive
127.51760000000002,214.659,297.43839999999994,341.65599999999995,644.0,1080.0,1432.0,1408.0,16.0,30.0,40.0,48.0,70.0,158.0,184.0,186.0,8.2736,16.247000000000007,20.704,23.0432,mof_primitive
163.20759999999999,315.129,495.0534,621.2209999999999,790.0,1536.0,2274.0,2666.0,22.0,46.0,72.0,92.0,122.0,316.0,438.0,480.0,10.919,24.501400000000007,36.3008,44.33320000000001,mof_primitive
141.3994,280.551,453.5804,514.8969999999999,622.0,1248.0,1796.0,1882.0,20.0,42.0,68.0,80.0,114.0,292.0,388.0,412.0,8.882,20.959400000000006,30.614800000000006,33.7552,mof_primitive
141.3994,280.551,453.5804,514.8969999999999,622.0,1248.0,1796.0,1882.0,20.0,42.0,68.0,80.0,114.0,292.0,388.0,412.0,8.882,20.959400000000006,30.614800000000002,33.75520000000001,mof_primitive
