f-lig-chi-0,f-lig-chi-1,f-lig-chi-2,f-lig-chi-3,f-lig-Z-0,f-lig-Z-1,f-lig-Z-2,f-lig-Z-3,f-lig-I-0,f-lig-I-1,f-lig-I-2,f-lig-I-3,f-lig-T-0,f-lig-T-1,f-lig-T-2,f-lig-T-3,f-lig-S-0,f-lig-S-1,f-lig-S-2,f-lig-S-3,name
235.18039999999996,455.0834,848.5875999999997,1358.7082,1004.0,1952.0,3280.0,4672.0,32.0,66.0,126.0,206.0,192.0,540.0,938.0,1176.0,13.446399999999999,31.773400000000006,55.885,84.54220000000001,mof_primitive
146.7832,265.2104,404.64359999999994,472.11099999999993,724.0,1304.0,1920.0,2032.0,18.0,36.0,54.0,66.0,90.0,216.0,294.0,314.0,8.9138,19.037600000000005,27.529399999999995,31.213,mof_primitive
146.7832,265.2104,404.64359999999994,472.11099999999993,724.0,1304.0,1920.0,2032.0,18.0,36.0,54.0,66.0,90.0,216.0,294.0,314.0,8.9138,19.037600000000005,27.529399999999995,31.213000000000005,mof_primitive
137.0505,249.64500000000004,384.7904,449.81,648.0,1176.0,1700.0,1826.0,18.0,36.0,54.0,66.0,90.0,216.0,294.0,314.0,8.5482,18.572400000000005,26.511000000000003,30.211399999999998,mof_primitive
137.0505,249.64499999999998,384.7904,449.81,648.0,1176.0,1700.0,1826.0,18.0,36.0,54.0,66.0,90.0,216.0,294.0,314.0,8.5482,18.572400000000005,26.511,30.211400000000005,mof_primitive
146.7832,265.21040000000005,404.6436,472.1109999999999,724.0,1304.0,1920.0,2032.0,18.0,36.0,54.0,66.0,90.0,216.0,294.0,314.0,8.9138,19.0376,27.5294,31.213,mof_primitive
