f-lig-chi-0,f-lig-chi-1,f-lig-chi-2,f-lig-chi-3,f-lig-Z-0,f-lig-Z-1,f-lig-Z-2,f-lig-Z-3,f-lig-I-0,f-lig-I-1,f-lig-I-2,f-lig-I-3,f-lig-T-0,f-lig-T-1,f-lig-T-2,f-lig-T-3,f-lig-S-0,f-lig-S-1,f-lig-S-2,f-lig-S-3,name
144.9132,317.2710000000001,477.11,548.8170000000002,540.0,1248.0,1592.0,1434.0,24.0,50.0,76.0,92.0,126.0,306.0,412.0,416.0,9.608800000000002,23.3618,32.55800000000001,33.85000000000001,mof_primitive
144.9132,317.2710000000001,477.11,548.8170000000002,540.0,1248.0,1592.0,1434.0,24.0,50.0,76.0,92.0,126.0,306.0,412.0,416.0,9.608800000000002,23.3618,32.55800000000001,33.85000000000001,mof_primitive
165.17199999999997,280.3979999999999,437.0827999999999,492.2128,898.0,1536.0,2384.0,2674.0,18.0,36.0,52.0,58.0,88.0,204.0,260.0,280.0,10.1314,20.728400000000004,29.611599999999992,32.98499999999999,mof_primitive
144.9132,317.2710000000001,477.11,548.8170000000002,540.0,1248.0,1592.0,1434.0,24.0,50.0,76.0,92.0,126.0,306.0,412.0,416.0,9.608800000000002,23.361800000000002,32.55800000000001,33.85000000000001,mof_primitive
144.9132,317.2710000000001,477.11,548.8170000000002,540.0,1248.0,1592.0,1434.0,24.0,50.0,76.0,92.0,126.0,306.0,412.0,416.0,9.608800000000002,23.361800000000002,32.55800000000001,33.85000000000001,mof_primitive
165.17199999999997,280.3979999999999,437.08279999999985,492.2128,898.0,1536.0,2384.0,2674.0,18.0,36.0,52.0,58.0,88.0,204.0,260.0,280.0,10.131400000000001,20.728400000000004,29.611599999999992,32.98499999999999,mof_primitive
