f-chi-0-all,f-chi-1-all,f-chi-2-all,f-chi-3-all,f-Z-0-all,f-Z-1-all,f-Z-2-all,f-Z-3-all,f-I-0-all,f-I-1-all,f-I-2-all,f-I-3-all,f-T-0-all,f-T-1-all,f-T-2-all,f-T-3-all,f-S-0-all,f-S-1-all,f-S-2-all,f-S-3-all,mc-chi-0-all,mc-chi-1-all,mc-chi-2-all,mc-chi-3-all,mc-Z-0-all,mc-Z-1-all,mc-Z-2-all,mc-Z-3-all,mc-I-0-all,mc-I-1-all,mc-I-2-all,mc-I-3-all,mc-T-0-all,mc-T-1-all,mc-T-2-all,mc-T-3-all,mc-S-0-all,mc-S-1-all,mc-S-2-all,mc-S-3-all,D_mc-chi-0-all,D_mc-chi-1-all,D_mc-chi-2-all,D_mc-chi-3-all,D_mc-Z-0-all,D_mc-Z-1-all,D_mc-Z-2-all,D_mc-Z-3-all,D_mc-I-0-all,D_mc-I-1-all,D_mc-I-2-all,D_mc-I-3-all,D_mc-T-0-all,D_mc-T-1-all,D_mc-T-2-all,D_mc-T-3-all,D_mc-S-0-all,D_mc-S-1-all,D_mc-S-2-all,D_mc-S-3-all,name
179.60939999999997,308.64,525.8693999999999,793.0079999999997,2748.0,5232.0,6924.0,5160.0,23.0,44.0,68.0,96.0,112.0,276.0,340.0,292.0,15.4615,32.284000000000006,49.49840000000001,56.0928,2.7225,24.222,27.348749999999995,56.05874999999999,900.0,1020.0,1170.0,1890.0,1.0,4.5,6.5,13.0,20.5,50.0,88.5,122.5,1.7161000000000002,4.3557500000000005,6.556550000000001,10.886100000000004,0.0,-7.255000000000001,-5.8500000000000005,-12.525000000000004,0.0,101.0,156.0,327.0,0.0,0.0,0.0,0.0,0.0,9.5,10.0,32.0,0.0,2.5700000000000003,3.51,8.72,mof_primitive
179.60939999999997,308.63999999999993,525.8693999999999,793.0079999999997,2748.0,5232.0,6924.0,5160.0,23.0,44.0,68.0,96.0,112.0,276.0,340.0,292.0,15.461500000000001,32.284000000000006,49.49840000000001,56.092800000000004,2.7224999999999997,24.222,27.348749999999995,56.05874999999999,900.0,1020.0,1170.0,1890.0,1.0,4.5,6.5,13.0,20.5,50.0,88.5,122.5,1.7161000000000002,4.3557500000000005,6.556550000000001,10.886100000000003,0.0,-7.255000000000001,-5.8500000000000005,-12.525000000000004,0.0,101.0,156.0,327.0,0.0,0.0,0.0,0.0,0.0,9.5,10.0,32.0,0.0,2.5700000000000003,3.5100000000000002,8.72,mof_primitive
