f-chi-0-all,f-chi-1-all,f-chi-2-all,f-chi-3-all,f-Z-0-all,f-Z-1-all,f-Z-2-all,f-Z-3-all,f-I-0-all,f-I-1-all,f-I-2-all,f-I-3-all,f-T-0-all,f-T-1-all,f-T-2-all,f-T-3-all,f-S-0-all,f-S-1-all,f-S-2-all,f-S-3-all,mc-chi-0-all,mc-chi-1-all,mc-chi-2-all,mc-chi-3-all,mc-Z-0-all,mc-Z-1-all,mc-Z-2-all,mc-Z-3-all,mc-I-0-all,mc-I-1-all,mc-I-2-all,mc-I-3-all,mc-T-0-all,mc-T-1-all,mc-T-2-all,mc-T-3-all,mc-S-0-all,mc-S-1-all,mc-S-2-all,mc-S-3-all,D_mc-chi-0-all,D_mc-chi-1-all,D_mc-chi-2-all,D_mc-chi-3-all,D_mc-Z-0-all,D_mc-Z-1-all,D_mc-Z-2-all,D_mc-Z-3-all,D_mc-I-0-all,D_mc-I-1-all,D_mc-I-2-all,D_mc-I-3-all,D_mc-T-0-all,D_mc-T-1-all,D_mc-T-2-all,D_mc-T-3-all,D_mc-S-0-all,D_mc-S-1-all,D_mc-S-2-all,D_mc-S-3-all,name
264.9657999999999,513.5231999999996,1327.2384,1556.944,3571.0,9312.0,14372.0,15744.0,29.0,68.0,134.0,188.0,210.0,600.0,954.0,1064.0,19.21820000000001,51.100000000000044,89.62099999999998,119.98279999999995,3.5343999999999993,38.8032,30.280533333333334,77.30559999999998,729.0,1296.0,1836.0,2592.0,1.0,6.0,6.666666666666667,13.333333333333334,36.0,80.0,144.0,188.0,1.5876000000000001,5.5188,7.291200000000001,12.532800000000002,0.0,-9.360000000000001,-3.573333333333333,-16.053333333333335,0.0,114.0,112.0,264.0,0.0,0.0,0.0,0.0,0.0,22.666666666666668,16.0,48.666666666666664,0.0,3.18,2.6133333333333333,6.853333333333335,mof_primitive
264.9657999999999,513.5231999999996,1327.2383999999995,1556.944,3571.0,9312.0,14372.0,15744.0,29.0,68.0,134.0,188.0,210.0,600.0,954.0,1064.0,19.21820000000001,51.10000000000003,89.62099999999998,119.9828,3.5343999999999993,38.8032,30.280533333333334,77.30559999999998,729.0,1296.0,1836.0,2592.0,1.0,6.0,6.666666666666667,13.333333333333334,36.0,80.0,144.0,188.0,1.5876000000000001,5.5188,7.291200000000001,12.532800000000002,0.0,-9.360000000000001,-3.573333333333333,-16.053333333333335,0.0,114.0,112.0,264.0,0.0,0.0,0.0,0.0,0.0,22.666666666666668,16.0,48.666666666666664,0.0,3.18,2.6133333333333333,6.853333333333335,mof_primitive
