f-chi-0-all,f-chi-1-all,f-chi-2-all,f-chi-3-all,f-Z-0-all,f-Z-1-all,f-Z-2-all,f-Z-3-all,f-I-0-all,f-I-1-all,f-I-2-all,f-I-3-all,f-T-0-all,f-T-1-all,f-T-2-all,f-T-3-all,f-S-0-all,f-S-1-all,f-S-2-all,f-S-3-all,mc-chi-0-all,mc-chi-1-all,mc-chi-2-all,mc-chi-3-all,mc-Z-0-all,mc-Z-1-all,mc-Z-2-all,mc-Z-3-all,mc-I-0-all,mc-I-1-all,mc-I-2-all,mc-I-3-all,mc-T-0-all,mc-T-1-all,mc-T-2-all,mc-T-3-all,mc-S-0-all,mc-S-1-all,mc-S-2-all,mc-S-3-all,D_mc-chi-0-all,D_mc-chi-1-all,D_mc-chi-2-all,D_mc-chi-3-all,D_mc-Z-0-all,D_mc-Z-1-all,D_mc-Z-2-all,D_mc-Z-3-all,D_mc-I-0-all,D_mc-I-1-all,D_mc-I-2-all,D_mc-I-3-all,D_mc-T-0-all,D_mc-T-1-all,D_mc-T-2-all,D_mc-T-3-all,D_mc-S-0-all,D_mc-S-1-all,D_mc-S-2-all,D_mc-S-3-all,name
250.96759999999992,483.3199999999997,1198.0617999999997,1432.072,3812.0,9136.0,14782.0,17744.0,28.0,70.0,130.0,186.0,204.0,572.0,956.0,1186.0,20.998000000000008,56.5458,97.01860000000002,130.80139999999994,2.4025000000000003,25.327,21.390000000000004,56.443250000000006,625.0,950.0,1612.5,2125.0,1.0,4.75,6.0,11.75,23.25,54.0,103.0,141.75,1.9321,4.819824999999999,7.714499999999998,12.172924999999996,0.0,-8.977500000000001,-4.499999999999999,-18.2025,0.0,80.75,85.5,208.75,0.0,0.0,0.0,0.0,0.0,12.25,8.5,27.75,0.0,3.1350000000000002,2.79,7.575,mof_primitive
250.96759999999992,483.31999999999965,1198.0617999999997,1432.072,3812.0,9136.0,14782.0,17744.0,28.0,70.0,130.0,186.0,204.0,572.0,956.0,1186.0,20.998000000000008,56.545799999999986,97.01860000000002,130.8014,2.4025000000000003,25.327,21.390000000000004,56.443250000000006,625.0,950.0,1612.5,2125.0,1.0,4.75,6.0,11.75,23.25,54.0,103.0,141.75,1.9321,4.819824999999999,7.714499999999998,12.172924999999996,0.0,-8.977500000000001,-4.499999999999999,-18.2025,0.0,80.75,85.5,208.75,0.0,0.0,0.0,0.0,0.0,12.25,8.5,27.75,0.0,3.1350000000000002,2.79,7.575,mof_primitive
