f-lig-chi-0,f-lig-chi-1,f-lig-chi-2,f-lig-chi-3,f-lig-Z-0,f-lig-Z-1,f-lig-Z-2,f-lig-Z-3,f-lig-I-0,f-lig-I-1,f-lig-I-2,f-lig-I-3,f-lig-T-0,f-lig-T-1,f-lig-T-2,f-lig-T-3,f-lig-S-0,f-lig-S-1,f-lig-S-2,f-lig-S-3,name
154.59320000000002,339.71100000000007,541.3500000000001,645.1770000000001,542.0,1272.0,1644.0,1512.0,26.0,54.0,88.0,110.0,142.0,352.0,484.0,514.0,9.882600000000002,24.501400000000004,35.38480000000001,38.0902,mof_primitive
123.11599999999999,223.38,345.8884,401.935,596.0,1080.0,1600.0,1648.0,16.0,32.0,48.0,58.0,80.0,192.0,256.0,250.0,7.848000000000001,16.847600000000003,24.215200000000003,26.7162,mof_primitive
154.59320000000002,339.71100000000007,541.3500000000001,645.1770000000001,542.0,1272.0,1644.0,1512.0,26.0,54.0,88.0,110.0,142.0,352.0,484.0,514.0,9.882600000000002,24.501400000000004,35.38480000000001,38.0902,mof_primitive
123.11600000000001,223.38,345.88839999999993,401.9349999999999,596.0,1080.0,1600.0,1648.0,16.0,32.0,48.0,58.0,80.0,192.0,256.0,250.0,7.847999999999999,16.847600000000003,24.2152,26.7162,mof_primitive
123.116,223.37999999999997,345.88839999999993,401.93499999999995,596.0,1080.0,1600.0,1648.0,16.0,32.0,48.0,58.0,80.0,192.0,256.0,250.0,7.848,16.847600000000007,24.215199999999996,26.7162,mof_primitive
123.11600000000001,223.38,345.88839999999993,401.935,596.0,1080.0,1600.0,1648.0,16.0,32.0,48.0,58.0,80.0,192.0,256.0,250.0,7.847999999999999,16.8476,24.215200000000003,26.7162,mof_primitive
