f-lig-chi-0,f-lig-chi-1,f-lig-chi-2,f-lig-chi-3,f-lig-Z-0,f-lig-Z-1,f-lig-Z-2,f-lig-Z-3,f-lig-I-0,f-lig-I-1,f-lig-I-2,f-lig-I-3,f-lig-T-0,f-lig-T-1,f-lig-T-2,f-lig-T-3,f-lig-S-0,f-lig-S-1,f-lig-S-2,f-lig-S-3,name
122.2282,268.821,406.22,458.812,466.0,1080.0,1400.0,1288.0,20.0,42.0,64.0,76.0,106.0,258.0,352.0,360.0,8.1492,19.850600000000004,27.907200000000003,28.971600000000002,mof_primitive
122.22820000000002,268.8210000000001,406.22,458.812,466.0,1080.0,1400.0,1288.0,20.0,42.0,64.0,76.0,106.0,258.0,352.0,360.0,8.1492,19.850600000000004,27.907200000000003,28.971600000000002,mof_primitive
193.27189999999996,390.456,624.6954000000001,772.2019999999999,806.0,1656.0,2394.0,2456.0,29.0,60.0,96.0,124.0,156.0,388.0,552.0,604.0,12.394100000000002,29.16760000000001,43.20000000000002,49.66680000000001,mof_primitive
193.2719,390.4560000000001,624.6954000000001,772.202,806.0,1656.0,2394.0,2456.0,29.0,60.0,96.0,124.0,156.0,388.0,552.0,604.0,12.394100000000002,29.16760000000001,43.20000000000002,49.66680000000001,mof_primitive
193.2719,390.4560000000001,624.6954000000001,772.2019999999999,806.0,1656.0,2394.0,2456.0,29.0,60.0,96.0,124.0,156.0,388.0,552.0,604.0,12.394100000000003,29.167600000000014,43.2,49.66680000000001,mof_primitive
122.22820000000002,268.821,406.22,458.812,466.0,1080.0,1400.0,1288.0,20.0,42.0,64.0,76.0,106.0,258.0,352.0,360.0,8.149200000000002,19.850600000000004,27.907200000000007,28.971600000000006,mof_primitive
193.2719,390.4560000000001,624.6954000000001,772.2019999999998,806.0,1656.0,2394.0,2456.0,29.0,60.0,96.0,124.0,156.0,388.0,552.0,604.0,12.394100000000003,29.16760000000001,43.20000000000001,49.6668,mof_primitive
122.22820000000002,268.821,406.22,458.812,466.0,1080.0,1400.0,1288.0,20.0,42.0,64.0,76.0,106.0,258.0,352.0,360.0,8.1492,19.850600000000004,27.907200000000007,28.97160000000001,mof_primitive
