f-lig-chi-0,f-lig-chi-1,f-lig-chi-2,f-lig-chi-3,f-lig-Z-0,f-lig-Z-1,f-lig-Z-2,f-lig-Z-3,f-lig-I-0,f-lig-I-1,f-lig-I-2,f-lig-I-3,f-lig-T-0,f-lig-T-1,f-lig-T-2,f-lig-T-3,f-lig-S-0,f-lig-S-1,f-lig-S-2,f-lig-S-3,name
183.44439999999997,360.876,607.0204000000001,773.0069999999998,700.0,1392.0,2134.0,2316.0,28.0,56.0,96.0,124.0,152.0,378.0,550.0,640.0,10.8892,25.564000000000007,38.984,49.00280000000002,mof_primitive
183.4444,360.87600000000003,607.0203999999999,773.0070000000003,700.0,1392.0,2134.0,2316.0,28.0,56.0,96.0,124.0,152.0,378.0,550.0,640.0,10.889200000000002,25.564000000000007,38.98400000000001,49.00280000000001,mof_primitive
128.88459999999998,282.132,419.837,459.952,722.0,1392.0,1952.0,1848.0,21.0,44.0,66.0,76.0,110.0,264.0,346.0,328.0,9.1896,21.806400000000004,30.63300000000001,31.2516,mof_primitive
183.4444,360.8760000000001,607.0204000000002,773.0070000000001,700.0,1392.0,2134.0,2316.0,28.0,56.0,96.0,124.0,152.0,378.0,550.0,640.0,10.889199999999999,25.564000000000004,38.98400000000001,49.00280000000001,mof_primitive
128.8846,282.13200000000006,419.8370000000001,459.9520000000001,722.0,1392.0,1952.0,1848.0,21.0,44.0,66.0,76.0,110.0,264.0,346.0,328.0,9.189600000000002,21.806400000000004,30.63300000000001,31.251600000000003,mof_primitive
183.4444,360.8760000000001,607.0204000000001,773.0070000000001,700.0,1392.0,2134.0,2316.0,28.0,56.0,96.0,124.0,152.0,378.0,550.0,640.0,10.889200000000002,25.564000000000007,38.98400000000001,49.00280000000001,mof_primitive
