f-chi-0-all,f-chi-1-all,f-chi-2-all,f-chi-3-all,f-Z-0-all,f-Z-1-all,f-Z-2-all,f-Z-3-all,f-I-0-all,f-I-1-all,f-I-2-all,f-I-3-all,f-T-0-all,f-T-1-all,f-T-2-all,f-T-3-all,f-S-0-all,f-S-1-all,f-S-2-all,f-S-3-all,mc-chi-0-all,mc-chi-1-all,mc-chi-2-all,mc-chi-3-all,mc-Z-0-all,mc-Z-1-all,mc-Z-2-all,mc-Z-3-all,mc-I-0-all,mc-I-1-all,mc-I-2-all,mc-I-3-all,mc-T-0-all,mc-T-1-all,mc-T-2-all,mc-T-3-all,mc-S-0-all,mc-S-1-all,mc-S-2-all,mc-S-3-all,D_mc-chi-0-all,D_mc-chi-1-all,D_mc-chi-2-all,D_mc-chi-3-all,D_mc-Z-0-all,D_mc-Z-1-all,D_mc-Z-2-all,D_mc-Z-3-all,D_mc-I-0-all,D_mc-I-1-all,D_mc-I-2-all,D_mc-I-3-all,D_mc-T-0-all,D_mc-T-1-all,D_mc-T-2-all,D_mc-T-3-all,D_mc-S-0-all,D_mc-S-1-all,D_mc-S-2-all,D_mc-S-3-all,name
212.44739999999996,441.3983999999998,999.8915999999998,1218.4735999999998,3285.0,8100.0,12596.0,11628.0,25.0,60.0,110.0,148.0,186.0,560.0,844.0,824.0,17.145799999999998,45.39640000000002,77.305,93.49200000000005,3.5343999999999998,34.81759999999999,29.9014,63.365399999999994,729.0,1161.0,1620.0,1903.5,1.0,5.5,6.5,12.0,30.5,77.5,121.5,154.0,1.5876000000000001,5.0841,6.923700000000001,10.420200000000001,0.0,-8.180000000000001,-3.6849999999999996,-11.145000000000003,0.0,105.5,115.5,253.5,0.0,0.0,0.0,0.0,0.0,16.5,14.0,38.0,0.0,2.8950000000000005,2.6950000000000003,6.850000000000001,mof_primitive
108.36699999999999,206.79039999999992,411.34599999999995,474.91200000000003,1299.0,3204.0,3850.0,2592.0,13.0,28.0,46.0,56.0,82.0,224.0,262.0,168.0,8.4016,20.255199999999995,30.293799999999997,31.724000000000004,3.5343999999999998,34.81759999999999,29.9014,63.365399999999994,729.0,1161.0,1620.0,1903.5,1.0,5.5,6.5,12.0,30.5,77.5,121.5,154.0,1.5876000000000001,5.0841,6.923700000000001,10.420200000000001,0.0,-8.180000000000001,-3.6849999999999996,-11.145000000000003,0.0,105.5,115.5,253.5,0.0,0.0,0.0,0.0,0.0,16.5,14.0,38.0,0.0,2.8950000000000005,2.6950000000000003,6.850000000000001,mof_primitive
