f-lig-chi-0,f-lig-chi-1,f-lig-chi-2,f-lig-chi-3,f-lig-Z-0,f-lig-Z-1,f-lig-Z-2,f-lig-Z-3,f-lig-I-0,f-lig-I-1,f-lig-I-2,f-lig-I-3,f-lig-T-0,f-lig-T-1,f-lig-T-2,f-lig-T-3,f-lig-S-0,f-lig-S-1,f-lig-S-2,f-lig-S-3,name
249.54599999999996,522.6480000000001,827.3794,1052.7969999999998,1038.0,2232.0,3256.0,3532.0,38.0,80.0,126.0,166.0,206.0,516.0,742.0,838.0,16.331800000000005,39.085200000000015,58.01820000000002,68.18300000000002,mof_primitive
249.54599999999996,522.6480000000001,827.3794000000001,1052.797,1038.0,2232.0,3256.0,3532.0,38.0,80.0,126.0,166.0,206.0,516.0,742.0,838.0,16.331800000000005,39.08520000000001,58.018200000000014,68.18300000000002,mof_primitive
249.54599999999996,522.6480000000001,827.3794000000001,1052.7970000000003,1038.0,2232.0,3256.0,3532.0,38.0,80.0,126.0,166.0,206.0,516.0,742.0,838.0,16.331800000000005,39.085200000000015,58.018200000000014,68.18300000000002,mof_primitive
249.54599999999996,522.648,827.3794,1052.797,1038.0,2232.0,3256.0,3532.0,38.0,80.0,126.0,166.0,206.0,516.0,742.0,838.0,16.331800000000005,39.085200000000015,58.018200000000014,68.18300000000004,mof_primitive
249.546,522.6480000000001,827.3793999999998,1052.7969999999998,1038.0,2232.0,3256.0,3532.0,38.0,80.0,126.0,166.0,206.0,516.0,742.0,838.0,16.3318,39.085200000000015,58.018200000000036,68.18300000000002,mof_primitive
249.546,522.6480000000001,827.3793999999999,1052.7969999999998,1038.0,2232.0,3256.0,3532.0,38.0,80.0,126.0,166.0,206.0,516.0,742.0,838.0,16.3318,39.085200000000015,58.018200000000036,68.18300000000002,mof_primitive
249.54599999999996,522.6480000000001,827.3794,1052.797,1038.0,2232.0,3256.0,3532.0,38.0,80.0,126.0,166.0,206.0,516.0,742.0,838.0,16.331800000000005,39.085200000000015,58.018200000000014,68.18300000000004,mof_primitive
249.546,522.6480000000001,827.3794000000003,1052.797,1038.0,2232.0,3256.0,3532.0,38.0,80.0,126.0,166.0,206.0,516.0,742.0,838.0,16.33180000000001,39.085200000000015,58.01820000000002,68.18300000000004,mof_primitive
