f-lig-chi-0,f-lig-chi-1,f-lig-chi-2,f-lig-chi-3,f-lig-Z-0,f-lig-Z-1,f-lig-Z-2,f-lig-Z-3,f-lig-I-0,f-lig-I-1,f-lig-I-2,f-lig-I-3,f-lig-T-0,f-lig-T-1,f-lig-T-2,f-lig-T-3,f-lig-S-0,f-lig-S-1,f-lig-S-2,f-lig-S-3,name
637.3560000000003,1353.7950000000003,2167.716800000001,2847.7800000000007,2688.0,5880.0,8768.0,9972.0,98.0,210.0,336.0,456.0,546.0,1386.0,2048.0,2408.0,42.91220000000002,104.18099999999995,158.5712,194.58,mof_primitive
637.3560000000006,1353.7950000000008,2167.716800000001,2847.7800000000016,2688.0,5880.0,8768.0,9972.0,98.0,210.0,336.0,456.0,546.0,1386.0,2048.0,2408.0,42.912200000000034,104.18099999999994,158.5712,194.58,mof_primitive
637.3560000000006,1353.7950000000003,2167.716800000001,2847.780000000002,2688.0,5880.0,8768.0,9972.0,98.0,210.0,336.0,456.0,546.0,1386.0,2048.0,2408.0,42.91220000000003,104.18099999999993,158.57119999999995,194.58000000000004,mof_primitive
637.3560000000009,1353.7950000000012,2167.7168000000024,2847.780000000001,2688.0,5880.0,8768.0,9972.0,98.0,210.0,336.0,456.0,546.0,1386.0,2048.0,2408.0,42.91220000000004,104.18099999999995,158.57120000000003,194.58000000000004,mof_primitive
637.3560000000003,1353.7950000000003,2167.716800000001,2847.7800000000007,2688.0,5880.0,8768.0,9972.0,98.0,210.0,336.0,456.0,546.0,1386.0,2048.0,2408.0,42.91220000000002,104.18099999999995,158.5712,194.58,mof_primitive
637.3560000000006,1353.7950000000008,2167.716800000001,2847.7800000000016,2688.0,5880.0,8768.0,9972.0,98.0,210.0,336.0,456.0,546.0,1386.0,2048.0,2408.0,42.912200000000034,104.18099999999994,158.5712,194.58,mof_primitive
637.3560000000006,1353.7950000000005,2167.716800000001,2847.780000000002,2688.0,5880.0,8768.0,9972.0,98.0,210.0,336.0,456.0,546.0,1386.0,2048.0,2408.0,42.91220000000003,104.18099999999993,158.57119999999995,194.58000000000004,mof_primitive
637.3560000000009,1353.7950000000012,2167.7168000000024,2847.780000000001,2688.0,5880.0,8768.0,9972.0,98.0,210.0,336.0,456.0,546.0,1386.0,2048.0,2408.0,42.91220000000004,104.18099999999995,158.57120000000003,194.58000000000004,mof_primitive
