f-lig-chi-0,f-lig-chi-1,f-lig-chi-2,f-lig-chi-3,f-lig-Z-0,f-lig-Z-1,f-lig-Z-2,f-lig-Z-3,f-lig-I-0,f-lig-I-1,f-lig-I-2,f-lig-I-3,f-lig-T-0,f-lig-T-1,f-lig-T-2,f-lig-T-3,f-lig-S-0,f-lig-S-1,f-lig-S-2,f-lig-S-3,name
407.7137999999999,851.6380000000007,1352.4308000000005,1754.105000000001,1755.0,3736.0,5612.0,6356.0,61.0,130.0,206.0,278.0,336.0,850.0,1258.0,1494.0,27.022900000000018,64.85060000000003,98.37259999999998,120.78699999999996,mof_primitive
407.7137999999999,851.6380000000007,1352.4308000000005,1754.105000000001,1755.0,3736.0,5612.0,6356.0,61.0,130.0,206.0,278.0,336.0,850.0,1258.0,1494.0,27.022900000000018,64.85060000000003,98.37259999999998,120.78699999999996,mof_primitive
