f-chi-0-all,f-chi-1-all,f-chi-2-all,f-chi-3-all,f-Z-0-all,f-Z-1-all,f-Z-2-all,f-Z-3-all,f-I-0-all,f-I-1-all,f-I-2-all,f-I-3-all,f-T-0-all,f-T-1-all,f-T-2-all,f-T-3-all,f-S-0-all,f-S-1-all,f-S-2-all,f-S-3-all,mc-chi-0-all,mc-chi-1-all,mc-chi-2-all,mc-chi-3-all,mc-Z-0-all,mc-Z-1-all,mc-Z-2-all,mc-Z-3-all,mc-I-0-all,mc-I-1-all,mc-I-2-all,mc-I-3-all,mc-T-0-all,mc-T-1-all,mc-T-2-all,mc-T-3-all,mc-S-0-all,mc-S-1-all,mc-S-2-all,mc-S-3-all,D_mc-chi-0-all,D_mc-chi-1-all,D_mc-chi-2-all,D_mc-chi-3-all,D_mc-Z-0-all,D_mc-Z-1-all,D_mc-Z-2-all,D_mc-Z-3-all,D_mc-I-0-all,D_mc-I-1-all,D_mc-I-2-all,D_mc-I-3-all,D_mc-T-0-all,D_mc-T-1-all,D_mc-T-2-all,D_mc-T-3-all,D_mc-S-0-all,D_mc-S-1-all,D_mc-S-2-all,D_mc-S-3-all,name
201.03899999999996,377.82399999999996,689.6203999999998,1101.664,2736.0,5684.0,8444.0,7568.0,26.0,52.0,88.0,136.0,140.0,364.0,496.0,496.0,17.616000000000007,38.836000000000006,65.27120000000001,81.11680000000001,3.61,28.98133333333333,29.069999999999997,58.228666666666676,841.0,1024.6666666666667,1044.0,1585.3333333333333,1.0,4.666666666666667,6.0,11.333333333333334,22.0,54.0,88.0,111.33333333333333,1.9043999999999996,4.756399999999999,6.3755999999999995,9.650800000000002,0.0,-6.386666666666668,-3.9,-9.113333333333339,0.0,100.0,138.0,274.0,0.0,0.0,0.0,0.0,0.0,10.666666666666666,11.333333333333334,33.333333333333336,0.0,2.9933333333333327,3.659999999999999,8.646666666666667,mof_primitive
63.94939999999999,122.46399999999998,161.3832,70.17599999999999,1169.0,2240.0,1464.0,384.0,7.0,16.0,16.0,8.0,40.0,96.0,80.0,32.0,5.221799999999999,12.556,10.645199999999999,4.4968,3.61,28.98133333333333,29.069999999999997,58.228666666666676,841.0,1024.6666666666667,1044.0,1585.3333333333333,1.0,4.666666666666667,6.0,11.333333333333334,22.0,54.0,88.0,111.33333333333333,1.9043999999999996,4.756399999999999,6.3755999999999995,9.650800000000002,0.0,-6.386666666666668,-3.9,-9.113333333333339,0.0,100.0,138.0,274.0,0.0,0.0,0.0,0.0,0.0,10.666666666666666,11.333333333333334,33.333333333333336,0.0,2.9933333333333327,3.659999999999999,8.646666666666667,mof_primitive
