f-lig-chi-0,f-lig-chi-1,f-lig-chi-2,f-lig-chi-3,f-lig-Z-0,f-lig-Z-1,f-lig-Z-2,f-lig-Z-3,f-lig-I-0,f-lig-I-1,f-lig-I-2,f-lig-I-3,f-lig-T-0,f-lig-T-1,f-lig-T-2,f-lig-T-3,f-lig-S-0,f-lig-S-1,f-lig-S-2,f-lig-S-3,name
300.19440000000003,645.7110000000004,1114.6953999999998,1425.1069999999997,1140.0,2568.0,3988.0,4946.0,48.0,102.0,180.0,234.0,282.0,720.0,1060.0,1342.0,19.099200000000007,47.90940000000001,76.19560000000004,96.89380000000001,mof_primitive
300.19440000000003,645.7110000000004,1114.6953999999998,1425.1069999999997,1140.0,2568.0,3988.0,4946.0,48.0,102.0,180.0,234.0,282.0,720.0,1060.0,1342.0,19.099200000000007,47.90940000000001,76.19560000000004,96.89380000000001,mof_primitive
202.80440000000002,418.76100000000014,814.3354,1237.743,704.0,1512.0,2530.0,3204.0,32.0,66.0,132.0,206.0,198.0,552.0,918.0,1094.0,11.436799999999998,29.029000000000014,51.088400000000014,71.7182,mof_primitive
202.80440000000002,418.76100000000014,814.3354,1237.743,704.0,1512.0,2530.0,3204.0,32.0,66.0,132.0,206.0,198.0,552.0,918.0,1094.0,11.436799999999998,29.029000000000014,51.08840000000001,71.7182,mof_primitive
