f-lig-chi-0,f-lig-chi-1,f-lig-chi-2,f-lig-chi-3,f-lig-Z-0,f-lig-Z-1,f-lig-Z-2,f-lig-Z-3,f-lig-I-0,f-lig-I-1,f-lig-I-2,f-lig-I-3,f-lig-T-0,f-lig-T-1,f-lig-T-2,f-lig-T-3,f-lig-S-0,f-lig-S-1,f-lig-S-2,f-lig-S-3,name
214.78549999999996,434.9789999999999,722.0944,879.281,872.0,1800.0,2638.0,2978.0,32.0,66.0,110.0,138.0,176.0,436.0,598.0,664.0,13.200800000000001,31.369800000000005,46.9926,54.968200000000024,mof_primitive
83.02439999999999,131.63099999999997,188.4004,175.84500000000003,402.0,624.0,832.0,546.0,10.0,18.0,24.0,24.0,42.0,90.0,88.0,64.0,4.776999999999999,9.193800000000001,11.279200000000003,9.256800000000002,mof_primitive
18.4832,18.4832,0.0,0.0,98.0,98.0,0.0,0.0,2.0,2.0,0.0,0.0,2.0,2.0,0.0,0.0,1.125,1.125,0.0,0.0,mof_primitive
