f-lig-chi-0,f-lig-chi-1,f-lig-chi-2,f-lig-chi-3,f-lig-Z-0,f-lig-Z-1,f-lig-Z-2,f-lig-Z-3,f-lig-I-0,f-lig-I-1,f-lig-I-2,f-lig-I-3,f-lig-T-0,f-lig-T-1,f-lig-T-2,f-lig-T-3,f-lig-S-0,f-lig-S-1,f-lig-S-2,f-lig-S-3,name
108.34640000000002,215.93400000000003,292.7824,346.683,488.0,984.0,1204.0,1164.0,16.0,32.0,44.0,54.0,76.0,180.0,236.0,230.0,7.540800000000001,16.323999999999998,20.914800000000003,22.556600000000003,mof_primitive
122.2282,268.821,406.22,458.81200000000007,466.0,1080.0,1400.0,1288.0,20.0,42.0,64.0,76.0,106.0,258.0,352.0,360.0,8.1492,19.850600000000004,27.907200000000003,28.971600000000006,mof_primitive
