f-lig-chi-0,f-lig-chi-1,f-lig-chi-2,f-lig-chi-3,f-lig-Z-0,f-lig-Z-1,f-lig-Z-2,f-lig-Z-3,f-lig-I-0,f-lig-I-1,f-lig-I-2,f-lig-I-3,f-lig-T-0,f-lig-T-1,f-lig-T-2,f-lig-T-3,f-lig-S-0,f-lig-S-1,f-lig-S-2,f-lig-S-3,name
412.5537999999999,866.7740000000007,1363.6508000000008,1780.4610000000007,1756.0,3752.0,5624.0,6384.0,62.0,132.0,208.0,282.0,340.0,860.0,1272.0,1514.0,27.159800000000015,65.39080000000003,98.94239999999996,121.89699999999996,mof_primitive
