f-lig-chi-0,f-lig-chi-1,f-lig-chi-2,f-lig-chi-3,f-lig-Z-0,f-lig-Z-1,f-lig-Z-2,f-lig-Z-3,f-lig-I-0,f-lig-I-1,f-lig-I-2,f-lig-I-3,f-lig-T-0,f-lig-T-1,f-lig-T-2,f-lig-T-3,f-lig-S-0,f-lig-S-1,f-lig-S-2,f-lig-S-3,name
267.82939999999996,574.8210000000004,980.8603999999996,1255.337,1064.0,2376.0,3704.0,4466.0,42.0,90.0,156.0,204.0,246.0,630.0,940.0,1174.0,17.365800000000007,43.25860000000002,68.69400000000002,86.42680000000003,mof_primitive
267.82939999999996,574.8210000000003,980.8603999999998,1255.337,1064.0,2376.0,3704.0,4466.0,42.0,90.0,156.0,204.0,246.0,630.0,940.0,1174.0,17.365800000000004,43.25860000000002,68.69400000000002,86.42680000000001,mof_primitive
267.82939999999996,574.8210000000004,980.8603999999997,1255.3370000000004,1064.0,2376.0,3704.0,4466.0,42.0,90.0,156.0,204.0,246.0,630.0,940.0,1174.0,17.365800000000007,43.25860000000002,68.69400000000003,86.42680000000003,mof_primitive
267.82939999999996,574.8210000000004,980.8603999999998,1255.3370000000002,1064.0,2376.0,3704.0,4466.0,42.0,90.0,156.0,204.0,246.0,630.0,940.0,1174.0,17.365800000000007,43.25860000000002,68.69400000000003,86.42680000000003,mof_primitive
267.82939999999996,574.8210000000004,980.8603999999998,1255.337,1064.0,2376.0,3704.0,4466.0,42.0,90.0,156.0,204.0,246.0,630.0,940.0,1174.0,17.365800000000007,43.25860000000002,68.69400000000003,86.42680000000003,mof_primitive
267.82939999999996,574.8210000000004,980.8603999999998,1255.337,1064.0,2376.0,3704.0,4466.0,42.0,90.0,156.0,204.0,246.0,630.0,940.0,1174.0,17.365800000000007,43.25860000000002,68.69400000000002,86.42680000000003,mof_primitive
