f-chi-0-all,f-chi-1-all,f-chi-2-all,f-chi-3-all,f-Z-0-all,f-Z-1-all,f-Z-2-all,f-Z-3-all,f-I-0-all,f-I-1-all,f-I-2-all,f-I-3-all,f-T-0-all,f-T-1-all,f-T-2-all,f-T-3-all,f-S-0-all,f-S-1-all,f-S-2-all,f-S-3-all,mc-chi-0-all,mc-chi-1-all,mc-chi-2-all,mc-chi-3-all,mc-Z-0-all,mc-Z-1-all,mc-Z-2-all,mc-Z-3-all,mc-I-0-all,mc-I-1-all,mc-I-2-all,mc-I-3-all,mc-T-0-all,mc-T-1-all,mc-T-2-all,mc-T-3-all,mc-S-0-all,mc-S-1-all,mc-S-2-all,mc-S-3-all,D_mc-chi-0-all,D_mc-chi-1-all,D_mc-chi-2-all,D_mc-chi-3-all,D_mc-Z-0-all,D_mc-Z-1-all,D_mc-Z-2-all,D_mc-Z-3-all,D_mc-I-0-all,D_mc-I-1-all,D_mc-I-2-all,D_mc-I-3-all,D_mc-T-0-all,D_mc-T-1-all,D_mc-T-2-all,D_mc-T-3-all,D_mc-S-0-all,D_mc-S-1-all,D_mc-S-2-all,D_mc-S-3-all,name
250.1738999999999,485.4372,762.1412000000003,782.5827999999998,5463.0,9576.0,15146.0,17280.0,29.0,68.0,88.0,112.0,184.0,492.0,562.0,752.0,22.18700000000002,52.72420000000003,68.47999999999999,90.5392,3.4416500000000005,20.741600000000002,14.837299999999999,48.91746666666666,702.5,690.0,1695.0,1632.0,1.0,3.3333333333333335,3.6666666666666665,8.333333333333334,11.333333333333334,29.0,40.333333333333336,68.0,1.57505,3.0718499999999995,4.7719,7.774533333333334,0.0,-4.978333333333333,-1.1666666666666663,-10.793333333333331,0.0,62.5,34.0,160.33333333333334,0.0,0.0,0.0,0.0,0.0,3.0,0.3333333333333333,7.666666666666667,0.0,1.7383333333333333,0.8066666666666666,4.276666666666667,mof_primitive
