f-chi-0-all,f-chi-1-all,f-chi-2-all,f-chi-3-all,f-Z-0-all,f-Z-1-all,f-Z-2-all,f-Z-3-all,f-I-0-all,f-I-1-all,f-I-2-all,f-I-3-all,f-T-0-all,f-T-1-all,f-T-2-all,f-T-3-all,f-S-0-all,f-S-1-all,f-S-2-all,f-S-3-all,mc-chi-0-all,mc-chi-1-all,mc-chi-2-all,mc-chi-3-all,mc-Z-0-all,mc-Z-1-all,mc-Z-2-all,mc-Z-3-all,mc-I-0-all,mc-I-1-all,mc-I-2-all,mc-I-3-all,mc-T-0-all,mc-T-1-all,mc-T-2-all,mc-T-3-all,mc-S-0-all,mc-S-1-all,mc-S-2-all,mc-S-3-all,D_mc-chi-0-all,D_mc-chi-1-all,D_mc-chi-2-all,D_mc-chi-3-all,D_mc-Z-0-all,D_mc-Z-1-all,D_mc-Z-2-all,D_mc-Z-3-all,D_mc-I-0-all,D_mc-I-1-all,D_mc-I-2-all,D_mc-I-3-all,D_mc-T-0-all,D_mc-T-1-all,D_mc-T-2-all,D_mc-T-3-all,D_mc-S-0-all,D_mc-S-1-all,D_mc-S-2-all,D_mc-S-3-all,name
773.9347999999997,1654.811999999999,2892.1715999999997,4071.9511999999995,8744.0,17664.0,27636.0,25520.0,110.0,240.0,404.0,560.0,644.0,1692.0,2612.0,2924.0,64.6448,153.02920000000003,257.5679999999999,308.33480000000003,3.61,26.295999999999996,37.144999999999996,71.78833333333334,841.0,928.0,1334.0,1604.6666666666667,1.0,4.333333333333333,7.666666666666667,15.333333333333334,19.666666666666668,54.666666666666664,115.0,127.66666666666667,1.9043999999999992,4.438999999999999,8.146600000000001,11.785200000000001,0.0,-5.606666666666668,-4.983333333333333,-8.650000000000007,0.0,93.66666666666667,176.33333333333334,389.3333333333333,0.0,0.0,0.0,0.0,0.0,7.666666666666667,10.0,41.666666666666664,0.0,2.763333333333333,4.676666666666665,12.619999999999996,mof_primitive
773.9347999999997,1654.8119999999994,2892.1716,4071.9511999999995,8744.0,17664.0,27636.0,25520.0,110.0,240.0,404.0,560.0,644.0,1692.0,2612.0,2924.0,64.6448,153.02920000000003,257.5679999999999,308.3348,3.61,26.295999999999996,37.144999999999996,71.78833333333334,841.0,928.0,1334.0,1604.6666666666667,1.0,4.333333333333333,7.666666666666667,15.333333333333334,19.666666666666668,54.666666666666664,115.0,127.66666666666667,1.9043999999999992,4.438999999999999,8.146600000000001,11.785200000000001,0.0,-5.606666666666668,-4.983333333333333,-8.650000000000007,0.0,93.66666666666667,176.33333333333334,389.3333333333333,0.0,0.0,0.0,0.0,0.0,7.666666666666667,10.0,41.666666666666664,0.0,2.763333333333333,4.676666666666665,12.619999999999996,mof_primitive
