f-lig-chi-0,f-lig-chi-1,f-lig-chi-2,f-lig-chi-3,f-lig-Z-0,f-lig-Z-1,f-lig-Z-2,f-lig-Z-3,f-lig-I-0,f-lig-I-1,f-lig-I-2,f-lig-I-3,f-lig-T-0,f-lig-T-1,f-lig-T-2,f-lig-T-3,f-lig-S-0,f-lig-S-1,f-lig-S-2,f-lig-S-3,name
246.0848999999999,459.30599999999987,729.8737999999998,906.7599999999996,1194.0,2232.0,3416.0,3892.0,32.0,66.0,102.0,132.0,168.0,414.0,590.0,676.0,15.6968,34.88100000000001,51.9878,62.88680000000004,mof_primitive
195.7614,442.1700000000001,723.4724000000001,803.1129999999999,714.0,1728.0,2360.0,1984.0,32.0,68.0,112.0,134.0,180.0,452.0,656.0,658.0,12.467200000000002,31.38520000000001,46.848800000000004,48.4526,mof_primitive
246.08489999999992,459.3059999999999,729.8737999999997,906.7599999999998,1194.0,2232.0,3416.0,3892.0,32.0,66.0,102.0,132.0,168.0,414.0,590.0,676.0,15.6968,34.88100000000001,51.98780000000001,62.88680000000002,mof_primitive
195.7614,442.1700000000001,723.4724000000001,803.1129999999999,714.0,1728.0,2360.0,1984.0,32.0,68.0,112.0,134.0,180.0,452.0,656.0,658.0,12.467200000000002,31.38520000000001,46.848800000000004,48.4526,mof_primitive
