f-chi-0-all,f-chi-1-all,f-chi-2-all,f-chi-3-all,f-Z-0-all,f-Z-1-all,f-Z-2-all,f-Z-3-all,f-I-0-all,f-I-1-all,f-I-2-all,f-I-3-all,f-T-0-all,f-T-1-all,f-T-2-all,f-T-3-all,f-S-0-all,f-S-1-all,f-S-2-all,f-S-3-all,mc-chi-0-all,mc-chi-1-all,mc-chi-2-all,mc-chi-3-all,mc-Z-0-all,mc-Z-1-all,mc-Z-2-all,mc-Z-3-all,mc-I-0-all,mc-I-1-all,mc-I-2-all,mc-I-3-all,mc-T-0-all,mc-T-1-all,mc-T-2-all,mc-T-3-all,mc-S-0-all,mc-S-1-all,mc-S-2-all,mc-S-3-all,D_mc-chi-0-all,D_mc-chi-1-all,D_mc-chi-2-all,D_mc-chi-3-all,D_mc-Z-0-all,D_mc-Z-1-all,D_mc-Z-2-all,D_mc-Z-3-all,D_mc-I-0-all,D_mc-I-1-all,D_mc-I-2-all,D_mc-I-3-all,D_mc-T-0-all,D_mc-T-1-all,D_mc-T-2-all,D_mc-T-3-all,D_mc-S-0-all,D_mc-S-1-all,D_mc-S-2-all,D_mc-S-3-all,name
123.28259999999999,220.368,359.4321999999999,521.7599999999999,2442.0,4440.0,6856.0,4416.0,16.0,32.0,48.0,64.0,84.0,220.0,278.0,232.0,11.432,24.522400000000005,37.876799999999996,39.4176,2.7224999999999997,22.043999999999997,20.294999999999998,43.700250000000004,900.0,930.0,1260.0,1605.0,1.0,4.0,5.0,9.5,16.0,40.0,62.0,80.0,1.7161000000000002,3.8514,5.397200000000001,8.36435,0.0,-6.760000000000001,-4.05,-10.809999999999999,0.0,89.0,108.0,231.5,0.0,0.0,0.0,0.0,0.0,6.0,4.5,18.0,0.0,2.3000000000000003,2.43,6.0600000000000005,mof_primitive
73.47489999999999,127.72799999999995,180.41219999999996,188.90399999999997,1285.0,2316.0,2232.0,1032.0,9.0,18.0,22.0,22.0,44.0,104.0,102.0,58.0,6.248900000000001,13.385400000000004,15.7378,12.4278,2.7224999999999997,22.043999999999997,20.294999999999998,43.700250000000004,900.0,930.0,1260.0,1605.0,1.0,4.0,5.0,9.5,16.0,40.0,62.0,80.0,1.7161000000000002,3.8514,5.397200000000001,8.36435,0.0,-6.760000000000001,-4.05,-10.809999999999999,0.0,89.0,108.0,231.5,0.0,0.0,0.0,0.0,0.0,6.0,4.5,18.0,0.0,2.3000000000000003,2.43,6.0600000000000005,mof_primitive
73.47489999999999,127.72799999999998,180.41219999999998,188.90399999999997,1285.0,2316.0,2232.0,1032.0,9.0,18.0,22.0,22.0,44.0,104.0,102.0,58.0,6.2489,13.3854,15.7378,12.427800000000003,2.7224999999999997,22.043999999999997,20.294999999999998,43.700250000000004,900.0,930.0,1260.0,1605.0,1.0,4.0,5.0,9.5,16.0,40.0,62.0,80.0,1.7161000000000002,3.8514,5.397200000000001,8.36435,0.0,-6.760000000000001,-4.05,-10.809999999999999,0.0,89.0,108.0,231.5,0.0,0.0,0.0,0.0,0.0,6.0,4.5,18.0,0.0,2.3000000000000003,2.43,6.0600000000000005,mof_primitive
