f-lig-chi-0,f-lig-chi-1,f-lig-chi-2,f-lig-chi-3,f-lig-Z-0,f-lig-Z-1,f-lig-Z-2,f-lig-Z-3,f-lig-I-0,f-lig-I-1,f-lig-I-2,f-lig-I-3,f-lig-T-0,f-lig-T-1,f-lig-T-2,f-lig-T-3,f-lig-S-0,f-lig-S-1,f-lig-S-2,f-lig-S-3,name
246.2319999999999,486.2548,769.8068,972.2489999999996,1192.0,2368.0,3632.0,4212.0,32.0,68.0,108.0,142.0,176.0,444.0,668.0,814.0,15.696,35.95000000000001,55.54520000000001,68.87980000000002,mof_primitive
246.2319999999999,486.2548,769.8068,972.2489999999996,1192.0,2368.0,3632.0,4212.0,32.0,68.0,108.0,142.0,176.0,444.0,668.0,814.0,15.696,35.95000000000001,55.54520000000001,68.87980000000002,mof_primitive
86.34939999999999,135.201,169.53039999999993,109.19099999999997,472.0,744.0,928.0,600.0,10.0,18.0,20.0,14.0,38.0,72.0,60.0,48.0,5.689,10.4258,11.3716,8.054200000000002,mof_primitive
86.34939999999999,135.20099999999996,169.53039999999993,109.19099999999997,472.0,744.0,928.0,600.0,10.0,18.0,20.0,14.0,38.0,72.0,60.0,48.0,5.689000000000001,10.425800000000002,11.3716,8.054200000000002,mof_primitive
