f-lig-chi-0,f-lig-chi-1,f-lig-chi-2,f-lig-chi-3,f-lig-Z-0,f-lig-Z-1,f-lig-Z-2,f-lig-Z-3,f-lig-I-0,f-lig-I-1,f-lig-I-2,f-lig-I-3,f-lig-T-0,f-lig-T-1,f-lig-T-2,f-lig-T-3,f-lig-S-0,f-lig-S-1,f-lig-S-2,f-lig-S-3,name
102.6858,183.957,280.0473999999999,270.46160000000003,730.0,1152.0,1816.0,1810.0,13.0,26.0,38.0,38.0,64.0,150.0,190.0,146.0,7.0032,14.707,21.119799999999998,19.2594,mof_primitive
102.6858,183.957,280.0473999999999,270.46160000000003,730.0,1152.0,1816.0,1810.0,13.0,26.0,38.0,38.0,64.0,150.0,190.0,146.0,7.0032,14.707,21.119799999999998,19.2594,mof_primitive
102.6858,183.957,280.0473999999999,270.46160000000003,730.0,1152.0,1816.0,1810.0,13.0,26.0,38.0,38.0,64.0,150.0,190.0,146.0,7.0032,14.707,21.119799999999994,19.259400000000003,mof_primitive
102.6858,183.957,280.0474,270.4616,730.0,1152.0,1816.0,1810.0,13.0,26.0,38.0,38.0,64.0,150.0,190.0,146.0,7.003199999999999,14.706999999999999,21.1198,19.2594,mof_primitive
44.742399999999996,62.745599999999996,71.0016,0.0,241.0,336.0,384.0,0.0,4.0,6.0,6.0,0.0,12.0,18.0,6.0,0.0,2.1612,3.2849999999999997,3.1973999999999996,0.0,mof_primitive
44.742399999999996,62.745599999999996,71.0016,0.0,241.0,336.0,384.0,0.0,4.0,6.0,6.0,0.0,12.0,18.0,6.0,0.0,2.1612,3.2849999999999997,3.1973999999999996,0.0,mof_primitive
