f-lig-chi-0,f-lig-chi-1,f-lig-chi-2,f-lig-chi-3,f-lig-Z-0,f-lig-Z-1,f-lig-Z-2,f-lig-Z-3,f-lig-I-0,f-lig-I-1,f-lig-I-2,f-lig-I-3,f-lig-T-0,f-lig-T-1,f-lig-T-2,f-lig-T-3,f-lig-S-0,f-lig-S-1,f-lig-S-2,f-lig-S-3,name
461.24879999999996,972.4170000000008,1561.0208000000011,2024.3139999999994,1974.0,4272.0,6416.0,7168.0,70.0,150.0,240.0,324.0,390.0,990.0,1472.0,1732.0,30.991000000000007,74.89020000000001,114.21919999999999,139.46599999999998,mof_primitive
461.24879999999985,972.4170000000008,1561.0208000000011,2024.3139999999996,1974.0,4272.0,6416.0,7168.0,70.0,150.0,240.0,324.0,390.0,990.0,1472.0,1732.0,30.99100000000002,74.89020000000001,114.21919999999999,139.46599999999995,mof_primitive
461.2487999999996,972.4170000000009,1561.0208000000016,2024.3140000000014,1974.0,4272.0,6416.0,7168.0,70.0,150.0,240.0,324.0,390.0,990.0,1472.0,1732.0,30.991000000000028,74.89020000000002,114.2192,139.4660000000001,mof_primitive
461.2487999999995,972.4170000000007,1561.0208000000011,2024.3140000000008,1974.0,4272.0,6416.0,7168.0,70.0,150.0,240.0,324.0,390.0,990.0,1472.0,1732.0,30.99100000000002,74.89019999999994,114.2192,139.46600000000007,mof_primitive
461.2487999999996,972.4170000000008,1561.0208000000011,2024.3139999999999,1974.0,4272.0,6416.0,7168.0,70.0,150.0,240.0,324.0,390.0,990.0,1472.0,1732.0,30.99100000000002,74.8902,114.2192,139.46600000000004,mof_primitive
461.2487999999997,972.4170000000008,1561.0208000000011,2024.3139999999999,1974.0,4272.0,6416.0,7168.0,70.0,150.0,240.0,324.0,390.0,990.0,1472.0,1732.0,30.991000000000017,74.89020000000001,114.2192,139.466,mof_primitive
461.2488,972.4170000000008,1561.020800000001,2024.3139999999985,1974.0,4272.0,6416.0,7168.0,70.0,150.0,240.0,324.0,390.0,990.0,1472.0,1732.0,30.991000000000003,74.89020000000001,114.2192,139.46599999999995,mof_primitive
461.2488,972.4170000000007,1561.020800000001,2024.3139999999985,1974.0,4272.0,6416.0,7168.0,70.0,150.0,240.0,324.0,390.0,990.0,1472.0,1732.0,30.991,74.89020000000001,114.2192,139.46599999999995,mof_primitive
