f-lig-chi-0,f-lig-chi-1,f-lig-chi-2,f-lig-chi-3,f-lig-Z-0,f-lig-Z-1,f-lig-Z-2,f-lig-Z-3,f-lig-I-0,f-lig-I-1,f-lig-I-2,f-lig-I-3,f-lig-T-0,f-lig-T-1,f-lig-T-2,f-lig-T-3,f-lig-S-0,f-lig-S-1,f-lig-S-2,f-lig-S-3,name
184.57409999999993,358.5699999999999,559.7855999999999,696.1089999999998,858.0,1660.0,2532.0,2866.0,25.0,52.0,80.0,104.0,132.0,328.0,476.0,560.0,11.7265,26.735600000000005,39.9264,48.300800000000024,mof_primitive
83.0244,131.631,188.40039999999996,175.84499999999997,402.0,624.0,832.0,546.0,10.0,18.0,24.0,24.0,42.0,90.0,88.0,64.0,4.777,9.1938,11.2792,9.2568,mof_primitive
53.49289999999999,84.2112,92.22159999999998,70.3424,263.0,390.0,448.0,254.0,6.0,10.0,10.0,8.0,20.0,38.0,28.0,12.0,2.9206,5.0686,4.9806,3.2851999999999997,mof_primitive
