f-lig-chi-0,f-lig-chi-1,f-lig-chi-2,f-lig-chi-3,f-lig-Z-0,f-lig-Z-1,f-lig-Z-2,f-lig-Z-3,f-lig-I-0,f-lig-I-1,f-lig-I-2,f-lig-I-3,f-lig-T-0,f-lig-T-1,f-lig-T-2,f-lig-T-3,f-lig-S-0,f-lig-S-1,f-lig-S-2,f-lig-S-3,name
137.69549999999998,243.73620000000003,415.15280000000007,445.4729999999999,895.0,1788.0,2216.0,2158.0,17.0,34.0,54.0,62.0,88.0,210.0,278.0,278.0,8.7988,19.421000000000003,28.1794,29.997400000000006,mof_primitive
137.69549999999998,243.73620000000003,415.15280000000007,445.4729999999999,895.0,1788.0,2216.0,2158.0,17.0,34.0,54.0,62.0,88.0,210.0,278.0,278.0,8.7988,19.421000000000003,28.179399999999998,29.997400000000006,mof_primitive
137.6955,243.7362,415.1528,445.47299999999984,895.0,1788.0,2216.0,2158.0,17.0,34.0,54.0,62.0,88.0,210.0,278.0,278.0,8.7988,19.421,28.1794,29.997400000000003,mof_primitive
137.6955,243.73620000000003,415.15279999999996,445.47299999999984,895.0,1788.0,2216.0,2158.0,17.0,34.0,54.0,62.0,88.0,210.0,278.0,278.0,8.7988,19.421000000000003,28.179399999999998,29.997400000000003,mof_primitive
137.6955,243.73619999999997,415.1528,445.47299999999996,895.0,1788.0,2216.0,2158.0,17.0,34.0,54.0,62.0,88.0,210.0,278.0,278.0,8.7988,19.421000000000003,28.1794,29.9974,mof_primitive
137.6955,243.7362,415.1528,445.473,895.0,1788.0,2216.0,2158.0,17.0,34.0,54.0,62.0,88.0,210.0,278.0,278.0,8.7988,19.421000000000003,28.1794,29.9974,mof_primitive
137.6955,243.73620000000003,415.15280000000007,445.4729999999999,895.0,1788.0,2216.0,2158.0,17.0,34.0,54.0,62.0,88.0,210.0,278.0,278.0,8.7988,19.421000000000003,28.1794,29.997400000000003,mof_primitive
137.69549999999998,243.73620000000003,415.15280000000007,445.47299999999984,895.0,1788.0,2216.0,2158.0,17.0,34.0,54.0,62.0,88.0,210.0,278.0,278.0,8.7988,19.421000000000003,28.179399999999998,29.99740000000001,mof_primitive
