f-lig-chi-0,f-lig-chi-1,f-lig-chi-2,f-lig-chi-3,f-lig-Z-0,f-lig-Z-1,f-lig-Z-2,f-lig-Z-3,f-lig-I-0,f-lig-I-1,f-lig-I-2,f-lig-I-3,f-lig-T-0,f-lig-T-1,f-lig-T-2,f-lig-T-3,f-lig-S-0,f-lig-S-1,f-lig-S-2,f-lig-S-3,name
151.0794,289.986,473.9904,610.395,624.0,1200.0,1710.0,1704.0,22.0,44.0,72.0,96.0,116.0,290.0,392.0,408.0,9.155800000000001,20.913200000000003,30.818400000000004,35.4992,mof_primitive
151.07940000000002,289.986,473.99039999999997,610.3950000000001,624.0,1200.0,1710.0,1704.0,22.0,44.0,72.0,96.0,116.0,290.0,392.0,408.0,9.155799999999997,20.913200000000007,30.818400000000004,35.49920000000001,mof_primitive
151.07940000000002,289.9860000000001,473.9904,610.395,624.0,1200.0,1710.0,1704.0,22.0,44.0,72.0,96.0,116.0,290.0,392.0,408.0,9.1558,20.91320000000001,30.818400000000004,35.499199999999995,mof_primitive
151.07940000000002,289.9860000000001,473.9904,610.395,624.0,1200.0,1710.0,1704.0,22.0,44.0,72.0,96.0,116.0,290.0,392.0,408.0,9.1558,20.91320000000001,30.818400000000004,35.499199999999995,mof_primitive
