f-chi-0-all,f-chi-1-all,f-chi-2-all,f-chi-3-all,f-Z-0-all,f-Z-1-all,f-Z-2-all,f-Z-3-all,f-I-0-all,f-I-1-all,f-I-2-all,f-I-3-all,f-T-0-all,f-T-1-all,f-T-2-all,f-T-3-all,f-S-0-all,f-S-1-all,f-S-2-all,f-S-3-all,mc-chi-0-all,mc-chi-1-all,mc-chi-2-all,mc-chi-3-all,mc-Z-0-all,mc-Z-1-all,mc-Z-2-all,mc-Z-3-all,mc-I-0-all,mc-I-1-all,mc-I-2-all,mc-I-3-all,mc-T-0-all,mc-T-1-all,mc-T-2-all,mc-T-3-all,mc-S-0-all,mc-S-1-all,mc-S-2-all,mc-S-3-all,D_mc-chi-0-all,D_mc-chi-1-all,D_mc-chi-2-all,D_mc-chi-3-all,D_mc-Z-0-all,D_mc-Z-1-all,D_mc-Z-2-all,D_mc-Z-3-all,D_mc-I-0-all,D_mc-I-1-all,D_mc-I-2-all,D_mc-I-3-all,D_mc-T-0-all,D_mc-T-1-all,D_mc-T-2-all,D_mc-T-3-all,D_mc-S-0-all,D_mc-S-1-all,D_mc-S-2-all,D_mc-S-3-all,name
225.58859999999993,422.4011999999999,1660.5703999999998,1262.8529999999996,9660.0,19524.0,25418.0,20124.0,24.0,68.0,168.0,158.0,296.0,1072.0,1424.0,1224.0,17.7878,62.48879999999998,110.33939999999998,107.78580000000001,1.2100000000000002,31.234499999999997,16.214000000000002,34.8865,4225.0,4290.0,6305.0,4810.0,1.0,8.5,6.0,10.5,72.5,188.0,187.5,234.5,2.8223999999999996,10.491599999999998,9.223199999999999,13.2132,0.0,-19.045,-8.139999999999999,-20.165,0.0,486.5,293.0,608.5,0.0,0.0,0.0,0.0,0.0,50.5,29.0,62.0,0.0,8.035,4.59,9.775,mof_primitive
212.58359999999993,385.1712,1383.9463999999998,1151.5199999999995,9588.0,17820.0,23906.0,18012.0,22.0,60.0,136.0,140.0,236.0,792.0,1058.0,968.0,16.601999999999997,54.942799999999984,92.2906,94.43400000000001,1.2100000000000002,31.234499999999997,16.214000000000002,34.8865,4225.0,4290.0,6305.0,4810.0,1.0,8.5,6.0,10.5,72.5,188.0,187.5,234.5,2.8223999999999996,10.491599999999998,9.223199999999999,13.2132,0.0,-19.045,-8.139999999999999,-20.165,0.0,486.5,293.0,608.5,0.0,0.0,0.0,0.0,0.0,50.5,29.0,62.0,0.0,8.035,4.59,9.775,mof_primitive
