f-lig-chi-0,f-lig-chi-1,f-lig-chi-2,f-lig-chi-3,f-lig-Z-0,f-lig-Z-1,f-lig-Z-2,f-lig-Z-3,f-lig-I-0,f-lig-I-1,f-lig-I-2,f-lig-I-3,f-lig-T-0,f-lig-T-1,f-lig-T-2,f-lig-T-3,f-lig-S-0,f-lig-S-1,f-lig-S-2,f-lig-S-3,name
290.51439999999997,623.2710000000002,1051.7503999999997,1345.3420000000008,1138.0,2544.0,3896.0,4612.0,46.0,98.0,168.0,220.0,266.0,678.0,1000.0,1220.0,18.82540000000001,46.76980000000002,73.3448,91.30519999999999,mof_primitive
290.51439999999997,623.2710000000002,1051.7503999999997,1345.3420000000008,1138.0,2544.0,3896.0,4612.0,46.0,98.0,168.0,220.0,266.0,678.0,1000.0,1220.0,18.82540000000001,46.76980000000002,73.3448,91.30519999999999,mof_primitive
86.34939999999999,135.20099999999996,169.53039999999996,109.19099999999999,472.0,744.0,928.0,600.0,10.0,18.0,20.0,14.0,38.0,72.0,60.0,48.0,5.689,10.425800000000002,11.3716,8.0542,mof_primitive
86.34939999999999,135.20099999999996,169.53039999999996,109.19099999999999,472.0,744.0,928.0,600.0,10.0,18.0,20.0,14.0,38.0,72.0,60.0,48.0,5.689,10.425800000000002,11.3716,8.0542,mof_primitive
