f-lig-chi-0,f-lig-chi-1,f-lig-chi-2,f-lig-chi-3,f-lig-Z-0,f-lig-Z-1,f-lig-Z-2,f-lig-Z-3,f-lig-I-0,f-lig-I-1,f-lig-I-2,f-lig-I-3,f-lig-T-0,f-lig-T-1,f-lig-T-2,f-lig-T-3,f-lig-S-0,f-lig-S-1,f-lig-S-2,f-lig-S-3,name
546.616,1159.9950000000001,1884.156800000001,2487.7599999999984,2392.0,5208.0,8000.0,9388.0,82.0,178.0,288.0,392.0,466.0,1194.0,1808.0,2184.0,37.073799999999984,90.13620000000002,139.96799999999996,175.0663999999999,mof_primitive
546.616,1159.9950000000001,1884.156800000001,2487.759999999999,2392.0,5208.0,8000.0,9388.0,82.0,178.0,288.0,392.0,466.0,1194.0,1808.0,2184.0,37.073799999999984,90.1362,139.96799999999996,175.0664,mof_primitive
