f-chi-0-all,f-chi-1-all,f-chi-2-all,f-chi-3-all,f-Z-0-all,f-Z-1-all,f-Z-2-all,f-Z-3-all,f-I-0-all,f-I-1-all,f-I-2-all,f-I-3-all,f-T-0-all,f-T-1-all,f-T-2-all,f-T-3-all,f-S-0-all,f-S-1-all,f-S-2-all,f-S-3-all,mc-chi-0-all,mc-chi-1-all,mc-chi-2-all,mc-chi-3-all,mc-Z-0-all,mc-Z-1-all,mc-Z-2-all,mc-Z-3-all,mc-I-0-all,mc-I-1-all,mc-I-2-all,mc-I-3-all,mc-T-0-all,mc-T-1-all,mc-T-2-all,mc-T-3-all,mc-S-0-all,mc-S-1-all,mc-S-2-all,mc-S-3-all,D_mc-chi-0-all,D_mc-chi-1-all,D_mc-chi-2-all,D_mc-chi-3-all,D_mc-Z-0-all,D_mc-Z-1-all,D_mc-Z-2-all,D_mc-Z-3-all,D_mc-I-0-all,D_mc-I-1-all,D_mc-I-2-all,D_mc-I-3-all,D_mc-T-0-all,D_mc-T-1-all,D_mc-T-2-all,D_mc-T-3-all,D_mc-S-0-all,D_mc-S-1-all,D_mc-S-2-all,D_mc-S-3-all,name
137.01399999999998,254.63040000000007,470.3339999999997,930.2399999999999,1455.0,3276.0,5790.0,5040.0,19.0,36.0,66.0,120.0,102.0,288.0,426.0,360.0,12.077400000000003,25.200000000000006,47.27459999999999,69.30000000000001,3.5343999999999998,34.291199999999996,57.527999999999984,93.24799999999998,729.0,1134.0,1944.0,2700.0,1.0,6.0,12.0,20.0,36.0,108.0,216.0,312.0,1.5876000000000001,5.670000000000001,11.6424,17.388,0.0,-6.960000000000001,-8.04,-12.0,0.0,120.0,252.0,440.0,0.0,0.0,0.0,0.0,0.0,18.0,36.0,68.0,0.0,3.06,5.880000000000002,11.4,mof_primitive
137.01399999999998,254.63040000000007,470.3339999999997,930.2399999999999,1455.0,3276.0,5790.0,5040.0,19.0,36.0,66.0,120.0,102.0,288.0,426.0,360.0,12.077400000000003,25.200000000000006,47.27459999999999,69.30000000000001,3.5343999999999998,34.291199999999996,57.527999999999984,93.24799999999998,729.0,1134.0,1944.0,2700.0,1.0,6.0,12.0,20.0,36.0,108.0,216.0,312.0,1.5876000000000001,5.670000000000001,11.6424,17.388,0.0,-6.960000000000001,-8.04,-12.0,0.0,120.0,252.0,440.0,0.0,0.0,0.0,0.0,0.0,18.0,36.0,68.0,0.0,3.06,5.880000000000002,11.4,mof_primitive
137.014,254.63039999999995,470.33399999999995,930.2399999999999,1455.0,3276.0,5790.0,5040.0,19.0,36.0,66.0,120.0,102.0,288.0,426.0,360.0,12.077400000000003,25.20000000000001,47.27459999999999,69.3,3.5343999999999998,34.291199999999996,57.527999999999984,93.24799999999998,729.0,1134.0,1944.0,2700.0,1.0,6.0,12.0,20.0,36.0,108.0,216.0,312.0,1.5876000000000001,5.670000000000001,11.6424,17.388,0.0,-6.960000000000001,-8.04,-12.0,0.0,120.0,252.0,440.0,0.0,0.0,0.0,0.0,0.0,18.0,36.0,68.0,0.0,3.06,5.880000000000002,11.4,mof_primitive
