f-chi-0-all,f-chi-1-all,f-chi-2-all,f-chi-3-all,f-Z-0-all,f-Z-1-all,f-Z-2-all,f-Z-3-all,f-I-0-all,f-I-1-all,f-I-2-all,f-I-3-all,f-T-0-all,f-T-1-all,f-T-2-all,f-T-3-all,f-S-0-all,f-S-1-all,f-S-2-all,f-S-3-all,mc-chi-0-all,mc-chi-1-all,mc-chi-2-all,mc-chi-3-all,mc-Z-0-all,mc-Z-1-all,mc-Z-2-all,mc-Z-3-all,mc-I-0-all,mc-I-1-all,mc-I-2-all,mc-I-3-all,mc-T-0-all,mc-T-1-all,mc-T-2-all,mc-T-3-all,mc-S-0-all,mc-S-1-all,mc-S-2-all,mc-S-3-all,D_mc-chi-0-all,D_mc-chi-1-all,D_mc-chi-2-all,D_mc-chi-3-all,D_mc-Z-0-all,D_mc-Z-1-all,D_mc-Z-2-all,D_mc-Z-3-all,D_mc-I-0-all,D_mc-I-1-all,D_mc-I-2-all,D_mc-I-3-all,D_mc-T-0-all,D_mc-T-1-all,D_mc-T-2-all,D_mc-T-3-all,D_mc-S-0-all,D_mc-S-1-all,D_mc-S-2-all,D_mc-S-3-all,name
297.1863999999998,644.9783999999995,2764.583200000001,1543.2599999999993,18528.0,34784.0,23584.0,16992.0,34.0,104.0,296.0,200.0,512.0,1952.0,2240.0,1408.0,23.792800000000025,92.8728,176.29360000000003,126.09520000000008,1.9044,52.05359999999999,14.076,21.114,8464.0,8096.0,2208.0,3312.0,1.0,12.0,4.0,6.0,144.0,384.0,144.0,216.0,2.89,15.163999999999998,5.236,7.854,0.0,-21.160000000000004,-4.68,-7.02,0.0,1016.0,344.0,516.0,0.0,0.0,0.0,0.0,0.0,112.0,36.0,54.0,0.0,11.48,3.72,5.579999999999999,mof_primitive
297.1863999999998,644.9783999999995,2764.583200000001,1543.2599999999993,18528.0,34784.0,23584.0,16992.0,34.0,104.0,296.0,200.0,512.0,1952.0,2240.0,1408.0,23.792800000000025,92.87280000000001,176.29360000000005,126.09520000000008,1.9043999999999996,52.05359999999999,14.075999999999999,21.113999999999997,8464.0,8096.0,2208.0,3312.0,1.0,12.0,4.0,6.0,144.0,384.0,144.0,216.0,2.8899999999999997,15.163999999999998,5.236,7.854,0.0,-21.160000000000004,-4.68,-7.02,0.0,1016.0,344.0,516.0,0.0,0.0,0.0,0.0,0.0,112.0,36.0,54.0,0.0,11.48,3.7199999999999998,5.579999999999999,mof_primitive
