f-chi-0-all,f-chi-1-all,f-chi-2-all,f-chi-3-all,f-Z-0-all,f-Z-1-all,f-Z-2-all,f-Z-3-all,f-I-0-all,f-I-1-all,f-I-2-all,f-I-3-all,f-T-0-all,f-T-1-all,f-T-2-all,f-T-3-all,f-S-0-all,f-S-1-all,f-S-2-all,f-S-3-all,mc-chi-0-all,mc-chi-1-all,mc-chi-2-all,mc-chi-3-all,mc-Z-0-all,mc-Z-1-all,mc-Z-2-all,mc-Z-3-all,mc-I-0-all,mc-I-1-all,mc-I-2-all,mc-I-3-all,mc-T-0-all,mc-T-1-all,mc-T-2-all,mc-T-3-all,mc-S-0-all,mc-S-1-all,mc-S-2-all,mc-S-3-all,D_mc-chi-0-all,D_mc-chi-1-all,D_mc-chi-2-all,D_mc-chi-3-all,D_mc-Z-0-all,D_mc-Z-1-all,D_mc-Z-2-all,D_mc-Z-3-all,D_mc-I-0-all,D_mc-I-1-all,D_mc-I-2-all,D_mc-I-3-all,D_mc-T-0-all,D_mc-T-1-all,D_mc-T-2-all,D_mc-T-3-all,D_mc-S-0-all,D_mc-S-1-all,D_mc-S-2-all,D_mc-S-3-all,name
210.01169999999993,371.03999999999985,647.9864,815.4239999999999,3798.0,6936.0,7904.0,7800.0,25.0,52.0,76.0,100.0,128.0,304.0,380.0,412.0,17.5313,38.918,54.23800000000001,62.70200000000003,2.7224999999999997,22.263999999999996,19.634999999999994,43.39499999999999,900.0,940.0,840.0,1680.0,1.0,4.0,4.666666666666667,9.333333333333334,16.0,34.666666666666664,56.0,85.33333333333333,1.7161000000000002,3.8426666666666662,4.707266666666668,8.541200000000002,0.0,-6.8933333333333335,-4.2,-10.9,0.0,88.66666666666667,112.0,224.0,0.0,0.0,0.0,0.0,0.0,7.333333333333333,4.666666666666667,16.0,0.0,2.306666666666667,2.52,5.706666666666667,mof_primitive
210.01169999999996,371.03999999999996,647.9864,815.4240000000001,3798.0,6936.0,7904.0,7800.0,25.0,52.0,76.0,100.0,128.0,304.0,380.0,412.0,17.531299999999998,38.918000000000006,54.238,62.70200000000003,2.7224999999999997,22.263999999999996,19.634999999999994,43.39499999999999,900.0,940.0,840.0,1680.0,1.0,4.0,4.666666666666667,9.333333333333334,16.0,34.666666666666664,56.0,85.33333333333333,1.7161000000000002,3.8426666666666662,4.707266666666668,8.541200000000002,0.0,-6.8933333333333335,-4.2,-10.9,0.0,88.66666666666667,112.0,224.0,0.0,0.0,0.0,0.0,0.0,7.333333333333333,4.666666666666667,16.0,0.0,2.306666666666667,2.52,5.706666666666667,mof_primitive
