f-chi-0-all,f-chi-1-all,f-chi-2-all,f-chi-3-all,f-Z-0-all,f-Z-1-all,f-Z-2-all,f-Z-3-all,f-I-0-all,f-I-1-all,f-I-2-all,f-I-3-all,f-T-0-all,f-T-1-all,f-T-2-all,f-T-3-all,f-S-0-all,f-S-1-all,f-S-2-all,f-S-3-all,mc-chi-0-all,mc-chi-1-all,mc-chi-2-all,mc-chi-3-all,mc-Z-0-all,mc-Z-1-all,mc-Z-2-all,mc-Z-3-all,mc-I-0-all,mc-I-1-all,mc-I-2-all,mc-I-3-all,mc-T-0-all,mc-T-1-all,mc-T-2-all,mc-T-3-all,mc-S-0-all,mc-S-1-all,mc-S-2-all,mc-S-3-all,D_mc-chi-0-all,D_mc-chi-1-all,D_mc-chi-2-all,D_mc-chi-3-all,D_mc-Z-0-all,D_mc-Z-1-all,D_mc-Z-2-all,D_mc-Z-3-all,D_mc-I-0-all,D_mc-I-1-all,D_mc-I-2-all,D_mc-I-3-all,D_mc-T-0-all,D_mc-T-1-all,D_mc-T-2-all,D_mc-T-3-all,D_mc-S-0-all,D_mc-S-1-all,D_mc-S-2-all,D_mc-S-3-all,name
333.7594999999999,610.9439999999996,1234.4995999999996,1523.2319999999986,8012.0,14208.0,33584.0,33408.0,39.0,88.0,146.0,216.0,234.0,632.0,1040.0,1296.0,29.785500000000024,69.96320000000001,123.32900000000002,168.71760000000003,2.7224999999999993,21.082285714285714,20.15357142857142,64.33585714285714,900.0,891.4285714285714,3548.5714285714284,2725.714285714286,1.0,3.7142857142857144,6.0,12.0,14.285714285714286,36.57142857142857,72.0,99.42857142857143,1.7161000000000006,3.5519714285714286,8.47757142857143,11.610342857142859,0.0,-6.648571428571427,-2.314285714285714,-19.19142857142857,0.0,81.71428571428571,61.714285714285715,269.14285714285717,0.0,0.0,0.0,0.0,0.0,4.571428571428571,2.5714285714285716,15.428571428571429,0.0,2.1542857142857144,1.3885714285714292,6.857142857142857,mof_primitive
333.7594999999999,610.9439999999997,1234.4995999999994,1523.2319999999988,8012.0,14208.0,33584.0,33408.0,39.0,88.0,146.0,216.0,234.0,632.0,1040.0,1296.0,29.785500000000024,69.96320000000001,123.32900000000001,168.71759999999998,2.7224999999999993,21.082285714285714,20.15357142857142,64.33585714285714,900.0,891.4285714285714,3548.5714285714284,2725.714285714286,1.0,3.7142857142857144,6.0,12.0,14.285714285714286,36.57142857142857,72.0,99.42857142857143,1.7161000000000006,3.5519714285714286,8.47757142857143,11.610342857142859,0.0,-6.648571428571427,-2.314285714285714,-19.19142857142857,0.0,81.71428571428571,61.714285714285715,269.14285714285717,0.0,0.0,0.0,0.0,0.0,4.571428571428571,2.5714285714285716,15.428571428571429,0.0,2.1542857142857144,1.3885714285714292,6.857142857142857,mof_primitive
