f-lig-chi-0,f-lig-chi-1,f-lig-chi-2,f-lig-chi-3,f-lig-Z-0,f-lig-Z-1,f-lig-Z-2,f-lig-Z-3,f-lig-I-0,f-lig-I-1,f-lig-I-2,f-lig-I-3,f-lig-T-0,f-lig-T-1,f-lig-T-2,f-lig-T-3,f-lig-S-0,f-lig-S-1,f-lig-S-2,f-lig-S-3,name
208.43049999999994,424.57499999999993,682.6304,863.9099999999997,940.0,1944.0,2948.0,3414.0,30.0,64.0,102.0,134.0,166.0,420.0,630.0,750.0,13.839,32.70960000000001,50.04220000000001,61.31260000000002,mof_primitive
105.7094,180.08099999999996,259.2903999999999,266.095,476.0,792.0,1024.0,742.0,14.0,26.0,36.0,40.0,62.0,138.0,148.0,128.0,6.236599999999999,12.705000000000004,15.930000000000003,14.455200000000001,mof_primitive
105.70940000000002,180.08100000000002,259.2903999999999,266.095,476.0,792.0,1024.0,742.0,14.0,26.0,36.0,40.0,62.0,138.0,148.0,128.0,6.2366,12.705000000000004,15.930000000000003,14.455200000000001,mof_primitive
190.09439999999995,394.02599999999995,635.1604,799.4869999999999,840.0,1776.0,2704.0,3008.0,28.0,60.0,96.0,126.0,156.0,396.0,592.0,686.0,12.7132,30.39960000000001,46.57600000000001,55.78060000000002,mof_primitive
