f-lig-chi-0,f-lig-chi-1,f-lig-chi-2,f-lig-chi-3,f-lig-Z-0,f-lig-Z-1,f-lig-Z-2,f-lig-Z-3,f-lig-I-0,f-lig-I-1,f-lig-I-2,f-lig-I-3,f-lig-T-0,f-lig-T-1,f-lig-T-2,f-lig-T-3,f-lig-S-0,f-lig-S-1,f-lig-S-2,f-lig-S-3,name
357.7887999999999,722.7720000000007,1165.7708000000002,1523.564,1732.0,3648.0,5744.0,6768.0,53.0,112.0,180.0,248.0,292.0,744.0,1124.0,1400.0,24.400400000000015,58.45840000000003,90.84200000000003,116.30320000000003,mof_primitive
357.7887999999999,722.7720000000007,1165.7708000000002,1523.564,1732.0,3648.0,5744.0,6768.0,53.0,112.0,180.0,248.0,292.0,744.0,1124.0,1400.0,24.400400000000015,58.45840000000003,90.84200000000003,116.30320000000003,mof_primitive
