f-lig-chi-0,f-lig-chi-1,f-lig-chi-2,f-lig-chi-3,f-lig-Z-0,f-lig-Z-1,f-lig-Z-2,f-lig-Z-3,f-lig-I-0,f-lig-I-1,f-lig-I-2,f-lig-I-3,f-lig-T-0,f-lig-T-1,f-lig-T-2,f-lig-T-3,f-lig-S-0,f-lig-S-1,f-lig-S-2,f-lig-S-3,name
213.76159999999993,436.9459999999999,682.8963999999999,891.9769999999997,968.0,1976.0,3064.0,3548.0,30.0,64.0,100.0,134.0,164.0,416.0,628.0,758.0,13.779,32.588800000000006,49.933200000000014,61.98300000000002,mof_primitive
213.76159999999993,436.9459999999999,682.8963999999999,891.9769999999997,968.0,1976.0,3064.0,3548.0,30.0,64.0,100.0,134.0,164.0,416.0,628.0,758.0,13.779,32.588800000000006,49.933200000000014,61.98300000000002,mof_primitive
86.34939999999999,135.20099999999996,169.53039999999996,109.19099999999997,472.0,744.0,928.0,600.0,10.0,18.0,20.0,14.0,38.0,72.0,60.0,48.0,5.689000000000001,10.425800000000002,11.3716,8.054200000000002,mof_primitive
86.34939999999999,135.20099999999996,169.53039999999996,109.19099999999997,472.0,744.0,928.0,600.0,10.0,18.0,20.0,14.0,38.0,72.0,60.0,48.0,5.689000000000001,10.4258,11.3716,8.054200000000002,mof_primitive
