f-lig-chi-0,f-lig-chi-1,f-lig-chi-2,f-lig-chi-3,f-lig-Z-0,f-lig-Z-1,f-lig-Z-2,f-lig-Z-3,f-lig-I-0,f-lig-I-1,f-lig-I-2,f-lig-I-3,f-lig-T-0,f-lig-T-1,f-lig-T-2,f-lig-T-3,f-lig-S-0,f-lig-S-1,f-lig-S-2,f-lig-S-3,name
167.9978,368.36440000000005,541.6444,583.3166000000001,758.0,1708.0,2296.0,2312.0,24.0,52.0,76.0,82.0,128.0,304.0,400.0,386.0,11.250400000000003,26.643600000000003,36.90360000000001,37.28660000000001,mof_primitive
167.9978,368.36440000000005,541.6444,583.3166000000001,758.0,1708.0,2296.0,2312.0,24.0,52.0,76.0,82.0,128.0,304.0,400.0,386.0,11.250400000000003,26.643600000000003,36.90360000000001,37.28660000000001,mof_primitive
