f-lig-chi-0,f-lig-chi-1,f-lig-chi-2,f-lig-chi-3,f-lig-Z-0,f-lig-Z-1,f-lig-Z-2,f-lig-Z-3,f-lig-I-0,f-lig-I-1,f-lig-I-2,f-lig-I-3,f-lig-T-0,f-lig-T-1,f-lig-T-2,f-lig-T-3,f-lig-S-0,f-lig-S-1,f-lig-S-2,f-lig-S-3,name
164.28419999999997,327.2559999999999,495.3675999999999,541.6378,768.0,1528.0,2242.0,2224.0,22.0,46.0,68.0,76.0,114.0,274.0,370.0,364.0,10.4326,23.7326,33.95,34.96,mof_primitive
159.4442,312.11999999999995,484.14759999999984,515.2818,767.0,1512.0,2230.0,2196.0,21.0,44.0,66.0,72.0,110.0,264.0,356.0,346.0,10.2957,23.192400000000003,33.3802,33.85,mof_primitive
164.28419999999997,327.2559999999999,495.3675999999999,541.6378,768.0,1528.0,2242.0,2224.0,22.0,46.0,68.0,76.0,114.0,274.0,370.0,364.0,10.4326,23.7326,33.95,34.96,mof_primitive
159.4442,312.12,484.14759999999995,515.2818,767.0,1512.0,2230.0,2196.0,21.0,44.0,66.0,72.0,110.0,264.0,356.0,346.0,10.2957,23.192400000000003,33.3802,33.85,mof_primitive
164.2842,327.25600000000003,495.3675999999999,541.6378,768.0,1528.0,2242.0,2224.0,22.0,46.0,68.0,76.0,114.0,274.0,370.0,364.0,10.4326,23.7326,33.95,34.96,mof_primitive
164.28419999999997,327.2559999999999,495.3675999999999,541.6378,768.0,1528.0,2242.0,2224.0,22.0,46.0,68.0,76.0,114.0,274.0,370.0,364.0,10.4326,23.7326,33.95,34.96,mof_primitive
