f-chi-0-all,f-chi-1-all,f-chi-2-all,f-chi-3-all,f-Z-0-all,f-Z-1-all,f-Z-2-all,f-Z-3-all,f-I-0-all,f-I-1-all,f-I-2-all,f-I-3-all,f-T-0-all,f-T-1-all,f-T-2-all,f-T-3-all,f-S-0-all,f-S-1-all,f-S-2-all,f-S-3-all,mc-chi-0-all,mc-chi-1-all,mc-chi-2-all,mc-chi-3-all,mc-Z-0-all,mc-Z-1-all,mc-Z-2-all,mc-Z-3-all,mc-I-0-all,mc-I-1-all,mc-I-2-all,mc-I-3-all,mc-T-0-all,mc-T-1-all,mc-T-2-all,mc-T-3-all,mc-S-0-all,mc-S-1-all,mc-S-2-all,mc-S-3-all,D_mc-chi-0-all,D_mc-chi-1-all,D_mc-chi-2-all,D_mc-chi-3-all,D_mc-Z-0-all,D_mc-Z-1-all,D_mc-Z-2-all,D_mc-Z-3-all,D_mc-I-0-all,D_mc-I-1-all,D_mc-I-2-all,D_mc-I-3-all,D_mc-T-0-all,D_mc-T-1-all,D_mc-T-2-all,D_mc-T-3-all,D_mc-S-0-all,D_mc-S-1-all,D_mc-S-2-all,D_mc-S-3-all,name
298.89599999999996,659.7809999999997,1357.6205999999995,1801.791,4281.0,9396.0,14880.0,13896.0,39.0,96.0,180.0,234.0,276.0,780.0,1338.0,1416.0,25.859100000000012,67.36800000000004,123.21719999999999,144.15300000000005,2.7224999999999997,26.400000000000002,33.66,53.889,900.0,1110.0,1440.0,2040.0,1.0,5.0,8.0,12.0,25.0,65.0,120.0,143.33333333333334,1.7161000000000002,4.8601,8.069600000000001,10.8992,0.0,-7.75,-7.200000000000002,-12.860000000000005,0.0,113.0,192.0,292.0,0.0,0.0,0.0,0.0,0.0,12.0,16.0,31.333333333333332,0.0,2.8400000000000003,4.32,7.400000000000001,mof_primitive
298.89599999999996,659.7809999999998,1357.6205999999997,1801.7909999999995,4281.0,9396.0,14880.0,13896.0,39.0,96.0,180.0,234.0,276.0,780.0,1338.0,1416.0,25.859100000000005,67.36800000000004,123.2172,144.15300000000005,2.7224999999999997,26.400000000000002,33.66,53.889,900.0,1110.0,1440.0,2040.0,1.0,5.0,8.0,12.0,25.0,65.0,120.0,143.33333333333334,1.7161000000000002,4.8601,8.069600000000001,10.8992,0.0,-7.75,-7.200000000000002,-12.860000000000005,0.0,113.0,192.0,292.0,0.0,0.0,0.0,0.0,0.0,12.0,16.0,31.333333333333332,0.0,2.8400000000000003,4.32,7.400000000000001,mof_primitive
