f-lig-chi-0,f-lig-chi-1,f-lig-chi-2,f-lig-chi-3,f-lig-Z-0,f-lig-Z-1,f-lig-Z-2,f-lig-Z-3,f-lig-I-0,f-lig-I-1,f-lig-I-2,f-lig-I-3,f-lig-T-0,f-lig-T-1,f-lig-T-2,f-lig-T-3,f-lig-S-0,f-lig-S-1,f-lig-S-2,f-lig-S-3,name
340.15860000000004,761.8248000000001,1121.1527999999998,1176.2706000000007,1683.0,3834.0,5430.0,5412.0,45.0,102.0,150.0,156.0,252.0,612.0,852.0,798.0,23.3061,55.49340000000003,79.61340000000006,79.20480000000005,mof_primitive
340.1586000000001,761.8248000000001,1121.1527999999998,1176.2706000000005,1683.0,3834.0,5430.0,5412.0,45.0,102.0,150.0,156.0,252.0,612.0,852.0,798.0,23.3061,55.49340000000003,79.61340000000006,79.20480000000003,mof_primitive
340.1586000000001,761.8248000000001,1121.1527999999998,1176.2706000000007,1683.0,3834.0,5430.0,5412.0,45.0,102.0,150.0,156.0,252.0,612.0,852.0,798.0,23.3061,55.49340000000003,79.61340000000006,79.20480000000003,mof_primitive
340.1586000000001,761.8248000000001,1121.1527999999998,1176.2706000000007,1683.0,3834.0,5430.0,5412.0,45.0,102.0,150.0,156.0,252.0,612.0,852.0,798.0,23.3061,55.49340000000003,79.61340000000006,79.20480000000005,mof_primitive
340.15860000000004,761.8248000000001,1121.1527999999998,1176.2706000000007,1683.0,3834.0,5430.0,5412.0,45.0,102.0,150.0,156.0,252.0,612.0,852.0,798.0,23.3061,55.49340000000003,79.61340000000006,79.20480000000005,mof_primitive
340.1586000000001,761.8248000000001,1121.1527999999998,1176.2706000000005,1683.0,3834.0,5430.0,5412.0,45.0,102.0,150.0,156.0,252.0,612.0,852.0,798.0,23.3061,55.49340000000003,79.61340000000006,79.20480000000003,mof_primitive
340.1586000000001,761.8248000000001,1121.1527999999998,1176.2706000000007,1683.0,3834.0,5430.0,5412.0,45.0,102.0,150.0,156.0,252.0,612.0,852.0,798.0,23.3061,55.49340000000003,79.61340000000006,79.20480000000003,mof_primitive
340.1586000000001,761.8248000000001,1121.1527999999998,1176.2706000000007,1683.0,3834.0,5430.0,5412.0,45.0,102.0,150.0,156.0,252.0,612.0,852.0,798.0,23.3061,55.49340000000003,79.61340000000006,79.20480000000005,mof_primitive
