f-lig-chi-0,f-lig-chi-1,f-lig-chi-2,f-lig-chi-3,f-lig-Z-0,f-lig-Z-1,f-lig-Z-2,f-lig-Z-3,f-lig-I-0,f-lig-I-1,f-lig-I-2,f-lig-I-3,f-lig-T-0,f-lig-T-1,f-lig-T-2,f-lig-T-3,f-lig-S-0,f-lig-S-1,f-lig-S-2,f-lig-S-3,name
289.63759999999996,614.3970000000003,971.1763999999997,1213.49,1232.0,2688.0,3932.0,4244.0,44.0,94.0,148.0,192.0,242.0,606.0,876.0,988.0,19.40280000000001,46.73900000000002,69.80040000000002,81.756,mof_primitive
122.22820000000002,268.82099999999997,406.22,458.81200000000007,466.0,1080.0,1400.0,1288.0,20.0,42.0,64.0,76.0,106.0,258.0,352.0,360.0,8.1492,19.850600000000004,27.907200000000003,28.9716,mof_primitive
289.63759999999996,614.3970000000002,971.1763999999997,1213.49,1232.0,2688.0,3932.0,4244.0,44.0,94.0,148.0,192.0,242.0,606.0,876.0,988.0,19.402800000000006,46.739000000000026,69.80040000000002,81.756,mof_primitive
122.22820000000003,268.821,406.22,458.812,466.0,1080.0,1400.0,1288.0,20.0,42.0,64.0,76.0,106.0,258.0,352.0,360.0,8.1492,19.850600000000004,27.907200000000007,28.971600000000013,mof_primitive
