f-lig-chi-0,f-lig-chi-1,f-lig-chi-2,f-lig-chi-3,f-lig-Z-0,f-lig-Z-1,f-lig-Z-2,f-lig-Z-3,f-lig-I-0,f-lig-I-1,f-lig-I-2,f-lig-I-3,f-lig-T-0,f-lig-T-1,f-lig-T-2,f-lig-T-3,f-lig-S-0,f-lig-S-1,f-lig-S-2,f-lig-S-3,name
289.6376,614.397,971.1764,1213.4899999999998,1232.0,2688.0,3932.0,4244.0,44.0,94.0,148.0,192.0,242.0,606.0,876.0,988.0,19.402800000000003,46.73900000000002,69.80040000000001,81.756,mof_primitive
289.6376,614.3970000000002,971.1763999999997,1213.4899999999996,1232.0,2688.0,3932.0,4244.0,44.0,94.0,148.0,192.0,242.0,606.0,876.0,988.0,19.402800000000003,46.73900000000002,69.80040000000001,81.756,mof_primitive
62.3905,128.71359999999999,155.54399999999998,90.47040000000001,283.0,574.0,684.0,252.0,8.0,16.0,20.0,12.0,36.0,78.0,86.0,40.0,3.6792,7.949999999999999,9.3484,4.469999999999999,mof_primitive
289.63759999999996,614.3970000000004,971.1764000000001,1213.4900000000002,1232.0,2688.0,3932.0,4244.0,44.0,94.0,148.0,192.0,242.0,606.0,876.0,988.0,19.40280000000001,46.73900000000002,69.80040000000001,81.75599999999997,mof_primitive
289.63759999999996,614.3970000000004,971.1764000000002,1213.4900000000002,1232.0,2688.0,3932.0,4244.0,44.0,94.0,148.0,192.0,242.0,606.0,876.0,988.0,19.40280000000001,46.73900000000002,69.80040000000001,81.75599999999999,mof_primitive
62.390499999999996,128.71359999999999,155.544,90.47040000000001,283.0,574.0,684.0,252.0,8.0,16.0,20.0,12.0,36.0,78.0,86.0,40.0,3.6792,7.950000000000001,9.348400000000002,4.47,mof_primitive
