f-chi-0-all,f-chi-1-all,f-chi-2-all,f-chi-3-all,f-Z-0-all,f-Z-1-all,f-Z-2-all,f-Z-3-all,f-I-0-all,f-I-1-all,f-I-2-all,f-I-3-all,f-T-0-all,f-T-1-all,f-T-2-all,f-T-3-all,f-S-0-all,f-S-1-all,f-S-2-all,f-S-3-all,mc-chi-0-all,mc-chi-1-all,mc-chi-2-all,mc-chi-3-all,mc-Z-0-all,mc-Z-1-all,mc-Z-2-all,mc-Z-3-all,mc-I-0-all,mc-I-1-all,mc-I-2-all,mc-I-3-all,mc-T-0-all,mc-T-1-all,mc-T-2-all,mc-T-3-all,mc-S-0-all,mc-S-1-all,mc-S-2-all,mc-S-3-all,D_mc-chi-0-all,D_mc-chi-1-all,D_mc-chi-2-all,D_mc-chi-3-all,D_mc-Z-0-all,D_mc-Z-1-all,D_mc-Z-2-all,D_mc-Z-3-all,D_mc-I-0-all,D_mc-I-1-all,D_mc-I-2-all,D_mc-I-3-all,D_mc-T-0-all,D_mc-T-1-all,D_mc-T-2-all,D_mc-T-3-all,D_mc-S-0-all,D_mc-S-1-all,D_mc-S-2-all,D_mc-S-3-all,name
878.357400000001,2104.1267999999977,4869.453799999998,7433.304599999995,36796.0,53360.0,91316.0,170384.0,109.0,304.0,610.0,960.0,930.0,2768.0,5216.0,8200.0,84.51989999999995,240.19540000000035,448.8488,712.8073999999998,2.8560999999999988,24.8092,29.07403571428571,54.16329285714286,2304.0,1632.0,3133.714285714286,7590.857142857143,1.0,4.5,6.5,12.142857142857142,20.5,52.5,93.14285714285714,155.42857142857142,2.1904,4.920999999999999,7.940200000000002,15.055828571428568,0.0,-7.075000000000001,-6.218571428571428,-11.52785714285714,0.0,182.0,246.7142857142857,424.7142857142857,0.0,0.0,0.0,0.0,0.0,8.928571428571429,8.785714285714286,20.571428571428573,0.0,3.335,4.255,7.798571428571427,mof_primitive
878.357400000001,2104.1267999999977,4869.453799999998,7433.304599999995,36796.0,53360.0,91316.0,170384.0,109.0,304.0,610.0,960.0,930.0,2768.0,5216.0,8200.0,84.51989999999995,240.19540000000035,448.84880000000004,712.8073999999998,2.8560999999999988,24.8092,29.07403571428571,54.16329285714286,2304.0,1632.0,3133.714285714286,7590.857142857143,1.0,4.5,6.5,12.142857142857142,20.5,52.5,93.14285714285714,155.42857142857142,2.1904,4.920999999999999,7.940200000000002,15.055828571428567,0.0,-7.075000000000001,-6.218571428571428,-11.527857142857139,0.0,182.0,246.71428571428572,424.7142857142857,0.0,0.0,0.0,0.0,0.0,8.928571428571429,8.785714285714286,20.571428571428573,0.0,3.335,4.255,7.798571428571427,mof_primitive
