f-lig-chi-0,f-lig-chi-1,f-lig-chi-2,f-lig-chi-3,f-lig-Z-0,f-lig-Z-1,f-lig-Z-2,f-lig-Z-3,f-lig-I-0,f-lig-I-1,f-lig-I-2,f-lig-I-3,f-lig-T-0,f-lig-T-1,f-lig-T-2,f-lig-T-3,f-lig-S-0,f-lig-S-1,f-lig-S-2,f-lig-S-3,name
164.69559999999998,316.353,505.82439999999997,630.5059999999997,1270.0,1776.0,2848.0,3480.0,22.0,46.0,72.0,92.0,118.0,294.0,424.0,476.0,11.754200000000003,25.240600000000008,38.6296,47.196400000000004,mof_primitive
164.69559999999998,316.353,505.82439999999997,630.5059999999997,1270.0,1776.0,2848.0,3480.0,22.0,46.0,72.0,92.0,118.0,294.0,424.0,476.0,11.754200000000003,25.240600000000008,38.6296,47.196400000000004,mof_primitive
148.3052,294.42300000000006,422.44700000000006,549.9752000000001,1016.0,1680.0,2438.0,3328.0,20.0,42.0,60.0,76.0,102.0,250.0,354.0,378.0,11.606800000000002,24.378200000000007,34.66600000000001,43.991200000000006,mof_primitive
