f-lig-chi-0,f-lig-chi-1,f-lig-chi-2,f-lig-chi-3,f-lig-Z-0,f-lig-Z-1,f-lig-Z-2,f-lig-Z-3,f-lig-I-0,f-lig-I-1,f-lig-I-2,f-lig-I-3,f-lig-T-0,f-lig-T-1,f-lig-T-2,f-lig-T-3,f-lig-S-0,f-lig-S-1,f-lig-S-2,f-lig-S-3,name
261.2788999999999,474.8609999999999,792.2103999999998,1051.5239999999997,1278.0,2352.0,3826.0,4950.0,31.0,66.0,108.0,138.0,174.0,438.0,652.0,782.0,15.415899999999997,35.34300000000001,55.5748,70.99940000000002,mof_primitive
261.2788999999999,474.8609999999999,792.2103999999998,1051.5239999999997,1278.0,2352.0,3826.0,4950.0,31.0,66.0,108.0,138.0,174.0,438.0,652.0,782.0,15.415899999999997,35.34300000000001,55.5748,70.99940000000002,mof_primitive
151.7156,246.32999999999998,391.78839999999997,496.92179999999996,788.0,1296.0,2032.0,2460.0,16.0,32.0,48.0,58.0,80.0,192.0,256.0,250.0,8.524000000000001,17.8332,26.186400000000003,30.377799999999997,mof_primitive
151.7156,246.32999999999998,391.7883999999999,496.9217999999999,788.0,1296.0,2032.0,2460.0,16.0,32.0,48.0,58.0,80.0,192.0,256.0,250.0,8.524000000000001,17.833199999999998,26.186400000000003,30.377799999999997,mof_primitive
