f-chi-0-all,f-chi-1-all,f-chi-2-all,f-chi-3-all,f-Z-0-all,f-Z-1-all,f-Z-2-all,f-Z-3-all,f-I-0-all,f-I-1-all,f-I-2-all,f-I-3-all,f-T-0-all,f-T-1-all,f-T-2-all,f-T-3-all,f-S-0-all,f-S-1-all,f-S-2-all,f-S-3-all,mc-chi-0-all,mc-chi-1-all,mc-chi-2-all,mc-chi-3-all,mc-Z-0-all,mc-Z-1-all,mc-Z-2-all,mc-Z-3-all,mc-I-0-all,mc-I-1-all,mc-I-2-all,mc-I-3-all,mc-T-0-all,mc-T-1-all,mc-T-2-all,mc-T-3-all,mc-S-0-all,mc-S-1-all,mc-S-2-all,mc-S-3-all,D_mc-chi-0-all,D_mc-chi-1-all,D_mc-chi-2-all,D_mc-chi-3-all,D_mc-Z-0-all,D_mc-Z-1-all,D_mc-Z-2-all,D_mc-Z-3-all,D_mc-I-0-all,D_mc-I-1-all,D_mc-I-2-all,D_mc-I-3-all,D_mc-T-0-all,D_mc-T-1-all,D_mc-T-2-all,D_mc-T-3-all,D_mc-S-0-all,D_mc-S-1-all,D_mc-S-2-all,D_mc-S-3-all,name
376.4513999999999,676.9919999999995,1325.745599999999,1519.104000000001,5718.0,11904.0,13344.0,16512.0,42.0,96.0,144.0,192.0,240.0,576.0,768.0,960.0,31.49700000000002,75.68639999999998,102.5328000000001,129.648,2.4025000000000003,21.328,15.81,37.138,625.0,800.0,600.0,1400.0,1.0,4.0,4.0,8.0,16.0,32.0,48.0,80.0,1.9321,4.058799999999999,4.281199999999999,8.339999999999998,0.0,-7.56,-4.0,-11.56,0.0,68.0,76.0,144.0,0.0,0.0,0.0,0.0,0.0,8.0,4.0,12.0,0.0,2.64,2.48,5.12,mof_primitive
376.45139999999986,676.9919999999995,1325.745599999999,1519.104000000001,5718.0,11904.0,13344.0,16512.0,42.0,96.0,144.0,192.0,240.0,576.0,768.0,960.0,31.49700000000002,75.68639999999998,102.5328000000001,129.648,2.4025000000000003,21.328,15.81,37.138,625.0,800.0,600.0,1400.0,1.0,4.0,4.0,8.0,16.0,32.0,48.0,80.0,1.9321,4.058799999999999,4.281199999999999,8.339999999999998,0.0,-7.56,-3.9999999999999996,-11.56,0.0,68.0,76.0,144.0,0.0,0.0,0.0,0.0,0.0,8.0,4.0,12.0,0.0,2.64,2.48,5.12,mof_primitive
