f-lig-chi-0,f-lig-chi-1,f-lig-chi-2,f-lig-chi-3,f-lig-Z-0,f-lig-Z-1,f-lig-Z-2,f-lig-Z-3,f-lig-I-0,f-lig-I-1,f-lig-I-2,f-lig-I-3,f-lig-T-0,f-lig-T-1,f-lig-T-2,f-lig-T-3,f-lig-S-0,f-lig-S-1,f-lig-S-2,f-lig-S-3,name
272.13659999999993,552.0240000000002,871.8803999999998,1108.833,1188.0,2448.0,3576.0,4212.0,40.0,84.0,132.0,174.0,216.0,540.0,788.0,942.0,17.884000000000007,42.042000000000016,62.81000000000001,77.24140000000003,mof_primitive
322.79599999999994,646.6070000000003,1026.1107999999995,1341.992000000001,1514.0,3032.0,4720.0,5768.0,44.0,94.0,148.0,200.0,242.0,614.0,940.0,1192.0,20.92760000000001,48.897400000000026,75.506,97.57680000000002,mof_primitive
341.2791999999999,682.6130000000005,1066.4524000000004,1393.3747999999998,1612.0,3224.0,4864.0,6392.0,46.0,98.0,152.0,200.0,250.0,626.0,944.0,1236.0,22.05260000000002,51.14580000000002,77.75280000000002,102.14399999999999,mof_primitive
