f-lig-chi-0,f-lig-chi-1,f-lig-chi-2,f-lig-chi-3,f-lig-Z-0,f-lig-Z-1,f-lig-Z-2,f-lig-Z-3,f-lig-I-0,f-lig-I-1,f-lig-I-2,f-lig-I-3,f-lig-T-0,f-lig-T-1,f-lig-T-2,f-lig-T-3,f-lig-S-0,f-lig-S-1,f-lig-S-2,f-lig-S-3,name
220.35849999999996,460.84999999999997,748.3413999999999,927.1849999999998,928.0,1982.0,2992.0,3446.0,33.0,70.0,114.0,146.0,184.0,462.0,678.0,810.0,14.279300000000001,34.40420000000001,52.55820000000001,63.859400000000015,mof_primitive
141.39939999999999,280.55099999999993,453.5804,514.8969999999999,622.0,1248.0,1796.0,1882.0,20.0,42.0,68.0,80.0,114.0,292.0,388.0,412.0,8.882000000000001,20.959400000000002,30.614799999999995,33.7552,mof_primitive
141.39939999999999,280.55099999999993,453.5804,514.8969999999999,622.0,1248.0,1796.0,1882.0,20.0,42.0,68.0,80.0,114.0,292.0,388.0,412.0,8.882000000000001,20.959400000000002,30.614799999999995,33.7552,mof_primitive
220.26409999999993,446.0349999999999,708.7055999999999,902.9139999999996,1004.0,2044.0,3156.0,3610.0,31.0,66.0,104.0,138.0,170.0,430.0,644.0,770.0,14.3719,33.80420000000001,51.69200000000001,63.531400000000026,mof_primitive
