f-chi-0-all,f-chi-1-all,f-chi-2-all,f-chi-3-all,f-Z-0-all,f-Z-1-all,f-Z-2-all,f-Z-3-all,f-I-0-all,f-I-1-all,f-I-2-all,f-I-3-all,f-T-0-all,f-T-1-all,f-T-2-all,f-T-3-all,f-S-0-all,f-S-1-all,f-S-2-all,f-S-3-all,mc-chi-0-all,mc-chi-1-all,mc-chi-2-all,mc-chi-3-all,mc-Z-0-all,mc-Z-1-all,mc-Z-2-all,mc-Z-3-all,mc-I-0-all,mc-I-1-all,mc-I-2-all,mc-I-3-all,mc-T-0-all,mc-T-1-all,mc-T-2-all,mc-T-3-all,mc-S-0-all,mc-S-1-all,mc-S-2-all,mc-S-3-all,D_mc-chi-0-all,D_mc-chi-1-all,D_mc-chi-2-all,D_mc-chi-3-all,D_mc-Z-0-all,D_mc-Z-1-all,D_mc-Z-2-all,D_mc-Z-3-all,D_mc-I-0-all,D_mc-I-1-all,D_mc-I-2-all,D_mc-I-3-all,D_mc-T-0-all,D_mc-T-1-all,D_mc-T-2-all,D_mc-T-3-all,D_mc-S-0-all,D_mc-S-1-all,D_mc-S-2-all,D_mc-S-3-all,name
250.9675999999999,472.65599999999966,1122.2552,1364.9919999999995,3812.0,8736.0,13148.0,16352.0,28.0,68.0,122.0,176.0,190.0,512.0,834.0,1056.0,20.99800000000001,54.5164,89.95700000000002,122.46479999999995,2.4025000000000003,23.994,20.18875,52.44425,625.0,900.0,1300.0,1975.0,1.0,4.5,5.5,11.0,21.0,47.0,87.0,127.0,1.9321,4.56615,6.748449999999998,11.411899999999996,0.0,-8.505,-4.499999999999999,-16.785,0.0,76.5,85.5,196.0,0.0,0.0,0.0,0.0,0.0,11.0,7.5,23.5,0.0,2.97,2.79,7.080000000000001,mof_primitive
250.9675999999999,472.65599999999966,1122.2552,1364.9919999999997,3812.0,8736.0,13148.0,16352.0,28.0,68.0,122.0,176.0,190.0,512.0,834.0,1056.0,20.99800000000001,54.5164,89.95700000000002,122.46479999999995,2.4025000000000003,23.994,20.188750000000002,52.444250000000004,625.0,900.0,1300.0,1975.0,1.0,4.5,5.5,11.0,21.0,47.0,87.0,127.0,1.9320999999999997,4.5661499999999995,6.748449999999998,11.411899999999996,0.0,-8.505,-4.499999999999999,-16.785,0.0,76.5,85.5,196.0,0.0,0.0,0.0,0.0,0.0,11.0,7.5,23.5,0.0,2.9699999999999998,2.79,7.080000000000001,mof_primitive
