f-lig-chi-0,f-lig-chi-1,f-lig-chi-2,f-lig-chi-3,f-lig-Z-0,f-lig-Z-1,f-lig-Z-2,f-lig-Z-3,f-lig-I-0,f-lig-I-1,f-lig-I-2,f-lig-I-3,f-lig-T-0,f-lig-T-1,f-lig-T-2,f-lig-T-3,f-lig-S-0,f-lig-S-1,f-lig-S-2,f-lig-S-3,name
297.946,621.1570000000003,1062.2683999999995,1332.798,1048.0,2260.0,3386.0,4320.0,48.0,98.0,174.0,220.0,272.0,678.0,942.0,1214.0,17.700800000000008,43.62940000000001,67.40060000000003,85.75800000000004,mof_primitive
297.946,621.1570000000003,1062.2683999999995,1332.798,1048.0,2260.0,3386.0,4320.0,48.0,98.0,174.0,220.0,272.0,678.0,942.0,1214.0,17.70080000000001,43.62940000000001,67.40060000000003,85.75800000000004,mof_primitive
282.9876,597.8780000000002,984.2063999999999,1261.9810000000002,1092.0,2360.0,3612.0,4480.0,44.0,92.0,156.0,202.0,248.0,624.0,908.0,1154.0,17.5788,43.091600000000014,66.74680000000002,85.01060000000003,mof_primitive
282.9876,597.8780000000002,984.2063999999999,1261.9810000000002,1092.0,2360.0,3612.0,4480.0,44.0,92.0,156.0,202.0,248.0,624.0,908.0,1154.0,17.5788,43.091600000000014,66.74680000000004,85.01060000000003,mof_primitive
