f-chi-0-all,f-chi-1-all,f-chi-2-all,f-chi-3-all,f-Z-0-all,f-Z-1-all,f-Z-2-all,f-Z-3-all,f-I-0-all,f-I-1-all,f-I-2-all,f-I-3-all,f-T-0-all,f-T-1-all,f-T-2-all,f-T-3-all,f-S-0-all,f-S-1-all,f-S-2-all,f-S-3-all,mc-chi-0-all,mc-chi-1-all,mc-chi-2-all,mc-chi-3-all,mc-Z-0-all,mc-Z-1-all,mc-Z-2-all,mc-Z-3-all,mc-I-0-all,mc-I-1-all,mc-I-2-all,mc-I-3-all,mc-T-0-all,mc-T-1-all,mc-T-2-all,mc-T-3-all,mc-S-0-all,mc-S-1-all,mc-S-2-all,mc-S-3-all,D_mc-chi-0-all,D_mc-chi-1-all,D_mc-chi-2-all,D_mc-chi-3-all,D_mc-Z-0-all,D_mc-Z-1-all,D_mc-Z-2-all,D_mc-Z-3-all,D_mc-I-0-all,D_mc-I-1-all,D_mc-I-2-all,D_mc-I-3-all,D_mc-T-0-all,D_mc-T-1-all,D_mc-T-2-all,D_mc-T-3-all,D_mc-S-0-all,D_mc-S-1-all,D_mc-S-2-all,D_mc-S-3-all,name
446.2519999999999,928.7103999999999,1863.1283999999991,2429.9521999999997,16148.0,22668.0,31752.0,43468.0,53.0,130.0,222.0,306.0,364.0,982.0,1532.0,2038.0,39.62389999999998,101.24219999999998,161.82620000000006,217.3732,2.8560999999999996,24.29093333333333,24.321916666666667,44.83288333333334,2304.0,1600.0,2320.0,4256.0,1.0,4.333333333333333,5.5,9.666666666666666,19.0,45.333333333333336,75.33333333333333,109.83333333333333,2.1904,4.7212000000000005,6.578599999999999,11.1444,0.0,-7.05,-5.096666666666665,-10.191666666666665,0.0,174.66666666666666,215.66666666666666,375.3333333333333,0.0,0.0,0.0,0.0,0.0,8.666666666666666,6.833333333333333,17.166666666666668,0.0,3.223333333333333,3.695,6.776666666666666,mof_primitive
