f-lig-chi-0,f-lig-chi-1,f-lig-chi-2,f-lig-chi-3,f-lig-Z-0,f-lig-Z-1,f-lig-Z-2,f-lig-Z-3,f-lig-I-0,f-lig-I-1,f-lig-I-2,f-lig-I-3,f-lig-T-0,f-lig-T-1,f-lig-T-2,f-lig-T-3,f-lig-S-0,f-lig-S-1,f-lig-S-2,f-lig-S-3,name
63.853199999999994,132.90599999999998,186.40999999999997,162.23720000000003,246.0,528.0,584.0,350.0,10.0,20.0,28.0,26.0,48.0,108.0,124.0,88.0,4.044200000000001,9.2708,11.490799999999998,8.543399999999998,mof_primitive
183.4444,360.8760000000001,604.9904,724.437,700.0,1392.0,2024.0,2280.0,28.0,56.0,96.0,118.0,152.0,372.0,496.0,574.0,10.889199999999999,25.564000000000007,38.048000000000016,44.97340000000001,mof_primitive
347.2338,693.7530000000003,1202.7064000000003,1428.8094000000012,1188.0,2424.0,3256.0,3864.0,54.0,106.0,188.0,224.0,294.0,706.0,844.0,862.0,18.768600000000006,44.86020000000002,64.65880000000001,72.21439999999998,mof_primitive
