f-lig-chi-0,f-lig-chi-1,f-lig-chi-2,f-lig-chi-3,f-lig-Z-0,f-lig-Z-1,f-lig-Z-2,f-lig-Z-3,f-lig-I-0,f-lig-I-1,f-lig-I-2,f-lig-I-3,f-lig-T-0,f-lig-T-1,f-lig-T-2,f-lig-T-3,f-lig-S-0,f-lig-S-1,f-lig-S-2,f-lig-S-3,name
263.2492,501.1977999999999,919.0187999999997,1469.9810000000002,1180.0,2248.0,3696.0,5192.0,34.0,70.0,132.0,218.0,202.0,568.0,984.0,1272.0,14.9378,34.54860000000001,60.3468,91.32260000000001,mof_primitive
141.39939999999999,280.55099999999993,453.58039999999994,514.8969999999999,622.0,1248.0,1796.0,1882.0,20.0,42.0,68.0,80.0,114.0,292.0,388.0,412.0,8.882000000000001,20.959400000000002,30.6148,33.75520000000001,mof_primitive
141.39939999999999,280.55099999999993,453.58039999999994,514.8969999999999,622.0,1248.0,1796.0,1882.0,20.0,42.0,68.0,80.0,114.0,292.0,388.0,412.0,8.882000000000001,20.959400000000002,30.6148,33.75520000000001,mof_primitive
141.39939999999999,280.55099999999993,453.5804,514.8969999999999,622.0,1248.0,1796.0,1882.0,20.0,42.0,68.0,80.0,114.0,292.0,388.0,412.0,8.882000000000001,20.959400000000002,30.6148,33.75520000000001,mof_primitive
141.39939999999999,280.55099999999993,453.5804,514.8969999999999,622.0,1248.0,1796.0,1882.0,20.0,42.0,68.0,80.0,114.0,292.0,388.0,412.0,8.882000000000001,20.959400000000002,30.6148,33.75520000000001,mof_primitive
169.46819999999997,326.6653999999999,524.5996,631.3049999999998,798.0,1544.0,2272.0,2466.0,22.0,46.0,74.0,92.0,124.0,320.0,438.0,476.0,10.3734,23.7346,35.3806,41.065200000000004,mof_primitive
