f-lig-chi-0,f-lig-chi-1,f-lig-chi-2,f-lig-chi-3,f-lig-Z-0,f-lig-Z-1,f-lig-Z-2,f-lig-Z-3,f-lig-I-0,f-lig-I-1,f-lig-I-2,f-lig-I-3,f-lig-T-0,f-lig-T-1,f-lig-T-2,f-lig-T-3,f-lig-S-0,f-lig-S-1,f-lig-S-2,f-lig-S-3,name
170.4394,347.87100000000004,678.9603999999995,1034.313,628.0,1320.0,2236.0,2688.0,26.0,54.0,108.0,170.0,162.0,456.0,768.0,848.0,9.703400000000007,24.378200000000007,43.290799999999976,59.54180000000004,mof_primitive
170.43940000000003,347.87100000000004,678.9603999999995,1034.313,628.0,1320.0,2236.0,2688.0,26.0,54.0,108.0,170.0,162.0,456.0,768.0,848.0,9.703400000000007,24.378200000000007,43.290799999999976,59.54180000000004,mof_primitive
141.39939999999999,319.5660000000001,553.5604,667.938,622.0,1464.0,2152.0,2172.0,20.0,48.0,84.0,104.0,156.0,504.0,708.0,560.0,8.882000000000005,24.516800000000007,38.22920000000001,40.66640000000002,mof_primitive
170.4394,347.8710000000001,678.9603999999995,1034.313,628.0,1320.0,2236.0,2688.0,26.0,54.0,108.0,170.0,162.0,456.0,768.0,848.0,9.70340000000001,24.3782,43.290799999999976,59.541800000000045,mof_primitive
170.4394,347.8710000000001,678.9603999999995,1034.313,628.0,1320.0,2236.0,2688.0,26.0,54.0,108.0,170.0,162.0,456.0,768.0,848.0,9.70340000000001,24.3782,43.290799999999976,59.54180000000004,mof_primitive
170.4394,347.8710000000001,678.9603999999995,1034.313,628.0,1320.0,2236.0,2688.0,26.0,54.0,108.0,170.0,162.0,456.0,768.0,848.0,9.70340000000001,24.3782,43.290799999999976,59.54180000000004,mof_primitive
