f-lig-chi-0,f-lig-chi-1,f-lig-chi-2,f-lig-chi-3,f-lig-Z-0,f-lig-Z-1,f-lig-Z-2,f-lig-Z-3,f-lig-I-0,f-lig-I-1,f-lig-I-2,f-lig-I-3,f-lig-T-0,f-lig-T-1,f-lig-T-2,f-lig-T-3,f-lig-S-0,f-lig-S-1,f-lig-S-2,f-lig-S-3,name
631.8770000000004,1384.4459999999995,2415.7592000000004,3193.9309999999987,2450.0,5640.0,8984.0,11744.0,100.0,216.0,384.0,510.0,600.0,1548.0,2320.0,2950.0,40.509199999999986,102.7488,166.25120000000007,217.7974,mof_primitive
18.4832,18.4832,0.0,0.0,98.0,98.0,0.0,0.0,2.0,2.0,0.0,0.0,2.0,2.0,0.0,0.0,1.125,1.125,0.0,0.0,mof_primitive
83.0244,131.63099999999997,188.4004,175.84500000000003,402.0,624.0,832.0,546.0,10.0,18.0,24.0,24.0,42.0,90.0,88.0,64.0,4.776999999999999,9.193800000000001,11.279200000000001,9.256800000000002,mof_primitive
