f-chi-0-all,f-chi-1-all,f-chi-2-all,f-chi-3-all,f-Z-0-all,f-Z-1-all,f-Z-2-all,f-Z-3-all,f-I-0-all,f-I-1-all,f-I-2-all,f-I-3-all,f-T-0-all,f-T-1-all,f-T-2-all,f-T-3-all,f-S-0-all,f-S-1-all,f-S-2-all,f-S-3-all,mc-chi-0-all,mc-chi-1-all,mc-chi-2-all,mc-chi-3-all,mc-Z-0-all,mc-Z-1-all,mc-Z-2-all,mc-Z-3-all,mc-I-0-all,mc-I-1-all,mc-I-2-all,mc-I-3-all,mc-T-0-all,mc-T-1-all,mc-T-2-all,mc-T-3-all,mc-S-0-all,mc-S-1-all,mc-S-2-all,mc-S-3-all,D_mc-chi-0-all,D_mc-chi-1-all,D_mc-chi-2-all,D_mc-chi-3-all,D_mc-Z-0-all,D_mc-Z-1-all,D_mc-Z-2-all,D_mc-Z-3-all,D_mc-I-0-all,D_mc-I-1-all,D_mc-I-2-all,D_mc-I-3-all,D_mc-T-0-all,D_mc-T-1-all,D_mc-T-2-all,D_mc-T-3-all,D_mc-S-0-all,D_mc-S-1-all,D_mc-S-2-all,D_mc-S-3-all,name
206.05939999999995,425.38079999999985,960.1966,1161.6098,10202.0,22314.0,40480.0,34040.0,24.0,62.0,112.0,154.0,190.0,594.0,1022.0,1080.0,20.73660000000001,57.18760000000001,102.51520000000004,129.7906,2.7224999999999997,24.8985,23.9085,54.45000000000001,900.0,1755.0,5085.0,2700.0,1.0,4.5,6.5,10.5,20.5,57.0,108.0,112.0,1.7161000000000004,4.7422,9.563,10.55205,0.0,-7.665,-3.765,-15.674999999999999,0.0,76.5,25.5,225.0,0.0,0.0,0.0,0.0,0.0,8.0,6.5,22.5,0.0,2.2750000000000004,1.2150000000000003,5.7,mof_primitive
206.05939999999995,425.38079999999985,960.1966,1161.6098,10202.0,22314.0,40480.0,34040.0,24.0,62.0,112.0,154.0,190.0,594.0,1022.0,1080.0,20.73660000000001,57.18760000000001,102.51520000000004,129.79059999999998,2.7224999999999997,24.8985,23.9085,54.45000000000001,900.0,1755.0,5085.0,2700.0,1.0,4.5,6.5,10.5,20.5,57.0,108.0,112.0,1.7161000000000004,4.7422,9.563,10.55205,0.0,-7.665,-3.765,-15.674999999999999,0.0,76.5,25.5,225.0,0.0,0.0,0.0,0.0,0.0,8.0,6.5,22.5,0.0,2.2750000000000004,1.2150000000000003,5.7,mof_primitive
