f-lig-chi-0,f-lig-chi-1,f-lig-chi-2,f-lig-chi-3,f-lig-Z-0,f-lig-Z-1,f-lig-Z-2,f-lig-Z-3,f-lig-I-0,f-lig-I-1,f-lig-I-2,f-lig-I-3,f-lig-T-0,f-lig-T-1,f-lig-T-2,f-lig-T-3,f-lig-S-0,f-lig-S-1,f-lig-S-2,f-lig-S-3,name
259.1308,543.5910000000001,1004.3047999999998,1555.7490000000003,904.0,1932.0,3344.0,4704.0,40.0,82.0,156.0,242.0,238.0,652.0,1108.0,1488.0,14.234399999999999,35.777800000000006,62.12519999999999,93.43700000000003,mof_primitive
118.71439999999998,219.096,337.3204,385.38700000000006,548.0,1008.0,1456.0,1420.0,16.0,32.0,48.0,58.0,80.0,192.0,256.0,250.0,7.422400000000001,16.2624,23.044800000000002,24.6794,mof_primitive
124.38140000000001,266.554,414.4184,421.4328,422.0,940.0,1184.0,1206.0,20.0,40.0,64.0,66.0,104.0,240.0,288.0,292.0,7.1764,17.28,23.4248,23.697799999999997,mof_primitive
