f-chi-0-all,f-chi-1-all,f-chi-2-all,f-chi-3-all,f-Z-0-all,f-Z-1-all,f-Z-2-all,f-Z-3-all,f-I-0-all,f-I-1-all,f-I-2-all,f-I-3-all,f-T-0-all,f-T-1-all,f-T-2-all,f-T-3-all,f-S-0-all,f-S-1-all,f-S-2-all,f-S-3-all,mc-chi-0-all,mc-chi-1-all,mc-chi-2-all,mc-chi-3-all,mc-Z-0-all,mc-Z-1-all,mc-Z-2-all,mc-Z-3-all,mc-I-0-all,mc-I-1-all,mc-I-2-all,mc-I-3-all,mc-T-0-all,mc-T-1-all,mc-T-2-all,mc-T-3-all,mc-S-0-all,mc-S-1-all,mc-S-2-all,mc-S-3-all,D_mc-chi-0-all,D_mc-chi-1-all,D_mc-chi-2-all,D_mc-chi-3-all,D_mc-Z-0-all,D_mc-Z-1-all,D_mc-Z-2-all,D_mc-Z-3-all,D_mc-I-0-all,D_mc-I-1-all,D_mc-I-2-all,D_mc-I-3-all,D_mc-T-0-all,D_mc-T-1-all,D_mc-T-2-all,D_mc-T-3-all,D_mc-S-0-all,D_mc-S-1-all,D_mc-S-2-all,D_mc-S-3-all,name
231.82799999999992,478.4351999999996,1033.7024,1239.363199999999,4100.0,9120.0,15624.0,16896.0,26.0,64.0,112.0,156.0,184.0,516.0,820.0,984.0,18.554200000000005,48.851600000000026,82.116,107.71880000000004,3.5344,29.1024,26.2448,70.91359999999999,729.0,972.0,2106.0,2376.0,1.0,4.5,6.0,12.0,20.5,50.0,94.0,129.5,1.5876,4.1391,7.056000000000001,11.239200000000002,0.0,-7.0200000000000005,-2.68,-15.160000000000002,0.0,85.5,84.0,236.0,0.0,0.0,0.0,0.0,0.0,9.5,6.0,24.5,0.0,2.385,1.96,6.200000000000002,mof_primitive
231.82799999999992,478.4351999999996,1033.7024,1239.3631999999993,4100.0,9120.0,15624.0,16896.0,26.0,64.0,112.0,156.0,184.0,516.0,820.0,984.0,18.554200000000005,48.851600000000026,82.116,107.71880000000004,3.5343999999999998,29.102399999999996,26.2448,70.91359999999999,729.0,972.0,2106.0,2376.0,1.0,4.5,6.0,12.0,20.5,50.0,94.0,129.5,1.5876000000000001,4.1391,7.056000000000001,11.239200000000002,0.0,-7.0200000000000005,-2.6799999999999997,-15.160000000000002,0.0,85.5,84.0,236.0,0.0,0.0,0.0,0.0,0.0,9.5,6.0,24.5,0.0,2.3850000000000002,1.96,6.200000000000002,mof_primitive
