f-lig-chi-0,f-lig-chi-1,f-lig-chi-2,f-lig-chi-3,f-lig-Z-0,f-lig-Z-1,f-lig-Z-2,f-lig-Z-3,f-lig-I-0,f-lig-I-1,f-lig-I-2,f-lig-I-3,f-lig-T-0,f-lig-T-1,f-lig-T-2,f-lig-T-3,f-lig-S-0,f-lig-S-1,f-lig-S-2,f-lig-S-3,name
273.56819999999993,508.82699999999977,793.0691999999998,916.5210000000001,1419.0,2652.0,4056.0,4440.0,33.0,70.0,104.0,124.0,180.0,450.0,620.0,660.0,17.4777,38.854200000000006,56.383200000000016,64.34120000000001,mof_primitive
148.8841,271.10499999999996,410.8655999999999,488.5689999999999,712.0,1276.0,1908.0,1972.0,19.0,38.0,56.0,70.0,94.0,226.0,308.0,326.0,9.0811,19.66700000000001,28.1608,32.110200000000006,mof_primitive
148.8841,271.10499999999996,410.8655999999999,488.56899999999996,712.0,1276.0,1908.0,1972.0,19.0,38.0,56.0,70.0,94.0,226.0,308.0,326.0,9.0811,19.667,28.160800000000002,32.110200000000006,mof_primitive
273.56819999999993,508.8269999999998,793.0691999999998,916.521,1419.0,2652.0,4056.0,4440.0,33.0,70.0,104.0,124.0,180.0,450.0,620.0,660.0,17.4777,38.85420000000001,56.38320000000001,64.34120000000003,mof_primitive
273.56819999999993,508.82699999999977,793.0691999999998,916.521,1419.0,2652.0,4056.0,4440.0,33.0,70.0,104.0,124.0,180.0,450.0,620.0,660.0,17.4777,38.854200000000006,56.383199999999995,64.34120000000001,mof_primitive
148.88410000000002,271.10499999999996,410.8655999999999,488.56899999999996,712.0,1276.0,1908.0,1972.0,19.0,38.0,56.0,70.0,94.0,226.0,308.0,326.0,9.0811,19.667,28.160800000000002,32.110200000000006,mof_primitive
273.56819999999993,508.8269999999998,793.0691999999998,916.521,1419.0,2652.0,4056.0,4440.0,33.0,70.0,104.0,124.0,180.0,450.0,620.0,660.0,17.4777,38.85420000000001,56.3832,64.3412,mof_primitive
148.8841,271.1049999999999,410.8655999999999,488.56899999999996,712.0,1276.0,1908.0,1972.0,19.0,38.0,56.0,70.0,94.0,226.0,308.0,326.0,9.0811,19.667000000000005,28.1608,32.110200000000006,mof_primitive
