f-chi-0-all,f-chi-1-all,f-chi-2-all,f-chi-3-all,f-Z-0-all,f-Z-1-all,f-Z-2-all,f-Z-3-all,f-I-0-all,f-I-1-all,f-I-2-all,f-I-3-all,f-T-0-all,f-T-1-all,f-T-2-all,f-T-3-all,f-S-0-all,f-S-1-all,f-S-2-all,f-S-3-all,mc-chi-0-all,mc-chi-1-all,mc-chi-2-all,mc-chi-3-all,mc-Z-0-all,mc-Z-1-all,mc-Z-2-all,mc-Z-3-all,mc-I-0-all,mc-I-1-all,mc-I-2-all,mc-I-3-all,mc-T-0-all,mc-T-1-all,mc-T-2-all,mc-T-3-all,mc-S-0-all,mc-S-1-all,mc-S-2-all,mc-S-3-all,D_mc-chi-0-all,D_mc-chi-1-all,D_mc-chi-2-all,D_mc-chi-3-all,D_mc-Z-0-all,D_mc-Z-1-all,D_mc-Z-2-all,D_mc-Z-3-all,D_mc-I-0-all,D_mc-I-1-all,D_mc-I-2-all,D_mc-I-3-all,D_mc-T-0-all,D_mc-T-1-all,D_mc-T-2-all,D_mc-T-3-all,D_mc-S-0-all,D_mc-S-1-all,D_mc-S-2-all,D_mc-S-3-all,name
342.8255,719.9308000000004,1747.0852000000002,2791.950799999999,3695.0,9636.0,16790.0,21136.0,43.0,104.0,218.0,348.0,322.0,948.0,1698.0,2244.0,28.667500000000015,76.17360000000004,150.37060000000005,216.70359999999997,2.4025000000000003,29.925333333333338,37.90266666666667,60.49133333333335,625.0,1116.6666666666667,1433.3333333333333,1866.6666666666667,1.0,6.0,9.333333333333334,14.666666666666666,36.0,92.0,160.0,200.0,1.9320999999999995,6.180866666666666,9.952399999999997,13.288399999999998,0.0,-10.006666666666668,-9.986666666666666,-16.293333333333333,0.0,105.33333333333333,176.0,292.0,0.0,0.0,0.0,0.0,0.0,20.666666666666668,29.333333333333332,54.666666666666664,0.0,3.893333333333333,5.8133333333333335,10.826666666666663,mof_primitive
