f-chi-0-all,f-chi-1-all,f-chi-2-all,f-chi-3-all,f-Z-0-all,f-Z-1-all,f-Z-2-all,f-Z-3-all,f-I-0-all,f-I-1-all,f-I-2-all,f-I-3-all,f-T-0-all,f-T-1-all,f-T-2-all,f-T-3-all,f-S-0-all,f-S-1-all,f-S-2-all,f-S-3-all,mc-chi-0-all,mc-chi-1-all,mc-chi-2-all,mc-chi-3-all,mc-Z-0-all,mc-Z-1-all,mc-Z-2-all,mc-Z-3-all,mc-I-0-all,mc-I-1-all,mc-I-2-all,mc-I-3-all,mc-T-0-all,mc-T-1-all,mc-T-2-all,mc-T-3-all,mc-S-0-all,mc-S-1-all,mc-S-2-all,mc-S-3-all,D_mc-chi-0-all,D_mc-chi-1-all,D_mc-chi-2-all,D_mc-chi-3-all,D_mc-Z-0-all,D_mc-Z-1-all,D_mc-Z-2-all,D_mc-Z-3-all,D_mc-I-0-all,D_mc-I-1-all,D_mc-I-2-all,D_mc-I-3-all,D_mc-T-0-all,D_mc-T-1-all,D_mc-T-2-all,D_mc-T-3-all,D_mc-S-0-all,D_mc-S-1-all,D_mc-S-2-all,D_mc-S-3-all,name
135.4888,254.48399999999992,809.4158,438.7339999999999,3616.0,9120.0,9848.0,5552.0,16.0,48.0,86.0,60.0,192.0,688.0,762.0,448.0,14.6656,49.4752,63.00859999999999,43.72920000000001,0.9025,22.0305,8.17,18.677,1444.0,2052.0,2128.0,2128.0,1.0,7.0,4.0,7.0,49.0,140.0,112.0,133.0,3.4225000000000003,9.5275,7.696000000000001,10.286000000000001,0.0,-16.54,-4.8,-13.01,0.0,212.0,96.0,210.0,0.0,0.0,0.0,0.0,0.0,29.0,12.0,30.0,0.0,7.800000000000001,3.24,7.390000000000001,mof_primitive
135.4888,254.48399999999992,809.4158,438.73400000000004,3616.0,9120.0,9848.0,5552.0,16.0,48.0,86.0,60.0,192.0,688.0,762.0,448.0,14.6656,49.4752,63.00859999999999,43.729200000000006,0.9025,22.0305,8.17,18.677,1444.0,2052.0,2128.0,2128.0,1.0,7.0,4.0,7.0,49.0,140.0,112.0,133.0,3.4225000000000003,9.5275,7.696000000000001,10.286000000000001,0.0,-16.54,-4.8,-13.01,0.0,212.0,96.0,210.0,0.0,0.0,0.0,0.0,0.0,29.0,12.0,30.0,0.0,7.800000000000001,3.24,7.390000000000001,mof_primitive
