f-lig-chi-0,f-lig-chi-1,f-lig-chi-2,f-lig-chi-3,f-lig-Z-0,f-lig-Z-1,f-lig-Z-2,f-lig-Z-3,f-lig-I-0,f-lig-I-1,f-lig-I-2,f-lig-I-3,f-lig-T-0,f-lig-T-1,f-lig-T-2,f-lig-T-3,f-lig-S-0,f-lig-S-1,f-lig-S-2,f-lig-S-3,name
154.25689999999997,286.41599999999994,460.6904,533.471,590.0,1080.0,1430.0,1340.0,23.0,44.0,72.0,88.0,116.0,276.0,334.0,332.0,8.8367,19.681200000000004,27.170399999999997,29.098400000000005,mof_primitive
154.25689999999997,286.41599999999994,460.6904,533.471,590.0,1080.0,1430.0,1340.0,23.0,44.0,72.0,88.0,116.0,276.0,334.0,332.0,8.8367,19.681200000000004,27.170399999999997,29.098400000000005,mof_primitive
274.3319,587.8260000000001,985.4803999999993,1272.4220000000003,1100.0,2448.0,3734.0,4310.0,43.0,92.0,156.0,208.0,248.0,636.0,946.0,1124.0,17.958700000000004,44.444400000000016,69.58200000000001,85.7184,mof_primitive
274.3319,587.8260000000001,985.4803999999993,1272.4220000000003,1100.0,2448.0,3734.0,4310.0,43.0,92.0,156.0,208.0,248.0,636.0,946.0,1124.0,17.958700000000004,44.444400000000016,69.58200000000001,85.7184,mof_primitive
