f-lig-chi-0,f-lig-chi-1,f-lig-chi-2,f-lig-chi-3,f-lig-Z-0,f-lig-Z-1,f-lig-Z-2,f-lig-Z-3,f-lig-I-0,f-lig-I-1,f-lig-I-2,f-lig-I-3,f-lig-T-0,f-lig-T-1,f-lig-T-2,f-lig-T-3,f-lig-S-0,f-lig-S-1,f-lig-S-2,f-lig-S-3,name
257.4651999999999,509.082,813.2524,1050.119,1148.0,2304.0,3472.0,4008.0,36.0,76.0,120.0,158.0,196.0,492.0,712.0,814.0,16.3668,38.469200000000015,57.972000000000016,69.82220000000002,mof_primitive
257.4651999999999,509.082,813.2523999999999,1050.119,1148.0,2304.0,3472.0,4008.0,36.0,76.0,120.0,158.0,196.0,492.0,712.0,814.0,16.3668,38.469200000000015,57.972000000000016,69.82220000000001,mof_primitive
31.4882,44.013,31.008,18.4832,170.0,240.0,168.0,98.0,4.0,6.0,4.0,2.0,10.0,16.0,8.0,2.0,2.3108,3.4958,2.31,1.125,mof_primitive
