f-lig-chi-0,f-lig-chi-1,f-lig-chi-2,f-lig-chi-3,f-lig-Z-0,f-lig-Z-1,f-lig-Z-2,f-lig-Z-3,f-lig-I-0,f-lig-I-1,f-lig-I-2,f-lig-I-3,f-lig-T-0,f-lig-T-1,f-lig-T-2,f-lig-T-3,f-lig-S-0,f-lig-S-1,f-lig-S-2,f-lig-S-3,name
227.7487999999999,428.7569999999999,681.7807999999999,836.3389999999999,1094.0,2064.0,3152.0,3458.0,30.0,62.0,96.0,124.0,158.0,390.0,560.0,644.0,14.571,32.571000000000005,48.553599999999996,58.07000000000003,mof_primitive
227.7487999999999,428.7569999999999,681.7807999999999,836.3389999999999,1094.0,2064.0,3152.0,3458.0,30.0,62.0,96.0,124.0,158.0,390.0,560.0,644.0,14.571,32.571000000000005,48.553599999999996,58.07000000000003,mof_primitive
227.74879999999993,428.7569999999999,681.7807999999998,836.3389999999999,1094.0,2064.0,3152.0,3458.0,30.0,62.0,96.0,124.0,158.0,390.0,560.0,644.0,14.571000000000002,32.571000000000005,48.5536,58.07000000000003,mof_primitive
60.33939999999999,83.18099999999998,117.51039999999998,94.66879999999999,328.0,456.0,640.0,512.0,6.0,10.0,12.0,8.0,22.0,42.0,28.0,8.0,3.3173999999999992,5.682600000000001,6.628399999999999,4.263199999999999,mof_primitive
227.7488,428.7569999999999,681.7807999999998,836.339,1094.0,2064.0,3152.0,3458.0,30.0,62.0,96.0,124.0,158.0,390.0,560.0,644.0,14.571,32.571000000000005,48.55360000000001,58.070000000000014,mof_primitive
60.33939999999999,83.18099999999998,117.51039999999998,94.66879999999999,328.0,456.0,640.0,512.0,6.0,10.0,12.0,8.0,22.0,42.0,28.0,8.0,3.3173999999999992,5.682600000000001,6.628399999999999,4.263199999999999,mof_primitive
