f-lig-chi-0,f-lig-chi-1,f-lig-chi-2,f-lig-chi-3,f-lig-Z-0,f-lig-Z-1,f-lig-Z-2,f-lig-Z-3,f-lig-I-0,f-lig-I-1,f-lig-I-2,f-lig-I-3,f-lig-T-0,f-lig-T-1,f-lig-T-2,f-lig-T-3,f-lig-S-0,f-lig-S-1,f-lig-S-2,f-lig-S-3,name
571.6438000000002,1264.3920000000005,2137.8308000000006,2853.7889999999993,2482.0,5688.0,9008.0,10752.0,88.0,196.0,332.0,458.0,528.0,1392.0,2228.0,2758.0,39.839200000000005,99.69959999999996,161.374,205.4105999999998,mof_primitive
571.6438000000002,1264.3920000000005,2137.8308,2853.7889999999998,2482.0,5688.0,9008.0,10752.0,88.0,196.0,332.0,458.0,528.0,1392.0,2228.0,2758.0,39.839200000000005,99.69959999999996,161.374,205.41059999999982,mof_primitive
571.6438000000002,1264.3920000000007,2137.8308,2853.7889999999993,2482.0,5688.0,9008.0,10752.0,88.0,196.0,332.0,458.0,528.0,1392.0,2228.0,2758.0,39.839200000000005,99.69959999999996,161.37399999999997,205.4105999999998,mof_primitive
571.6437999999998,1264.3920000000007,2137.8308000000006,2853.789000000001,2482.0,5688.0,9008.0,10752.0,88.0,196.0,332.0,458.0,528.0,1392.0,2228.0,2758.0,39.83920000000002,99.69959999999998,161.37399999999997,205.41059999999982,mof_primitive
571.6437999999999,1264.3920000000007,2137.8308000000006,2853.789000000001,2482.0,5688.0,9008.0,10752.0,88.0,196.0,332.0,458.0,528.0,1392.0,2228.0,2758.0,39.83920000000002,99.69959999999998,161.37399999999994,205.41059999999985,mof_primitive
571.6437999999998,1264.3920000000007,2137.8308000000006,2853.789000000001,2482.0,5688.0,9008.0,10752.0,88.0,196.0,332.0,458.0,528.0,1392.0,2228.0,2758.0,39.83920000000002,99.69959999999998,161.37399999999997,205.41059999999985,mof_primitive
