f-lig-chi-0,f-lig-chi-1,f-lig-chi-2,f-lig-chi-3,f-lig-Z-0,f-lig-Z-1,f-lig-Z-2,f-lig-Z-3,f-lig-I-0,f-lig-I-1,f-lig-I-2,f-lig-I-3,f-lig-T-0,f-lig-T-1,f-lig-T-2,f-lig-T-3,f-lig-S-0,f-lig-S-1,f-lig-S-2,f-lig-S-3,name
89.1829,169.77899999999997,249.07819999999998,244.60860000000002,409.0,780.0,1034.0,906.0,12.0,24.0,34.0,34.0,58.0,132.0,158.0,132.0,5.566,12.135200000000001,16.021,14.493799999999998,mof_primitive
170.7757,375.1560000000001,608.9150000000001,741.7819999999999,580.0,1368.0,1766.0,1640.0,29.0,60.0,100.0,128.0,160.0,400.0,550.0,584.0,10.749300000000002,26.82680000000001,39.12360000000001,42.6504,mof_primitive
89.1829,169.77899999999994,249.07819999999998,244.60860000000002,409.0,780.0,1034.0,906.0,12.0,24.0,34.0,34.0,58.0,132.0,158.0,132.0,5.566000000000001,12.135200000000001,16.020999999999997,14.4938,mof_primitive
170.77570000000003,375.1560000000002,608.9150000000001,741.7819999999998,580.0,1368.0,1766.0,1640.0,29.0,60.0,100.0,128.0,160.0,400.0,550.0,584.0,10.749299999999998,26.826800000000006,39.12360000000002,42.650400000000005,mof_primitive
