f-lig-chi-0,f-lig-chi-1,f-lig-chi-2,f-lig-chi-3,f-lig-Z-0,f-lig-Z-1,f-lig-Z-2,f-lig-Z-3,f-lig-I-0,f-lig-I-1,f-lig-I-2,f-lig-I-3,f-lig-T-0,f-lig-T-1,f-lig-T-2,f-lig-T-3,f-lig-S-0,f-lig-S-1,f-lig-S-2,f-lig-S-3,name
523.6579999999998,1032.4730000000009,1668.7895999999994,2239.518,2558.0,5048.0,7968.0,10668.0,68.0,146.0,232.0,316.0,378.0,962.0,1488.0,1948.0,33.70440000000002,77.81860000000005,121.62480000000001,164.47560000000004,mof_primitive
83.02439999999999,131.63099999999997,188.4004,175.84499999999997,402.0,624.0,832.0,546.0,10.0,18.0,24.0,24.0,42.0,90.0,88.0,64.0,4.777,9.1938,11.2792,9.256800000000002,mof_primitive
64.83539999999999,107.0192,129.86239999999998,81.5874,300.0,482.0,452.0,324.0,8.0,14.0,16.0,10.0,30.0,56.0,44.0,34.0,3.6504,6.823,6.6904,4.4858,mof_primitive
