f-chi-0-all,f-chi-1-all,f-chi-2-all,f-chi-3-all,f-Z-0-all,f-Z-1-all,f-Z-2-all,f-Z-3-all,f-I-0-all,f-I-1-all,f-I-2-all,f-I-3-all,f-T-0-all,f-T-1-all,f-T-2-all,f-T-3-all,f-S-0-all,f-S-1-all,f-S-2-all,f-S-3-all,mc-chi-0-all,mc-chi-1-all,mc-chi-2-all,mc-chi-3-all,mc-Z-0-all,mc-Z-1-all,mc-Z-2-all,mc-Z-3-all,mc-I-0-all,mc-I-1-all,mc-I-2-all,mc-I-3-all,mc-T-0-all,mc-T-1-all,mc-T-2-all,mc-T-3-all,mc-S-0-all,mc-S-1-all,mc-S-2-all,mc-S-3-all,D_mc-chi-0-all,D_mc-chi-1-all,D_mc-chi-2-all,D_mc-chi-3-all,D_mc-Z-0-all,D_mc-Z-1-all,D_mc-Z-2-all,D_mc-Z-3-all,D_mc-I-0-all,D_mc-I-1-all,D_mc-I-2-all,D_mc-I-3-all,D_mc-T-0-all,D_mc-T-1-all,D_mc-T-2-all,D_mc-T-3-all,D_mc-S-0-all,D_mc-S-1-all,D_mc-S-2-all,D_mc-S-3-all,name
486.2051999999997,910.9120000000008,4244.4096,4689.408000000001,33588.0,57664.0,168384.0,153216.0,54.0,152.0,432.0,672.0,632.0,2336.0,4812.0,6360.0,38.21520000000001,134.26160000000002,301.81440000000015,463.57919999999984,1.6900000000000002,35.776,25.74,102.69999999999996,5184.0,4608.0,22608.0,13248.0,1.0,8.0,10.0,24.0,64.0,176.0,368.0,464.0,2.25,8.76,14.729999999999997,26.519999999999992,0.0,-17.12,-6.8,-47.8,0.0,512.0,406.0,1544.0,0.0,0.0,0.0,0.0,0.0,42.0,34.0,134.0,0.0,6.16,5.18,18.319999999999997,mof_primitive
486.2051999999997,910.9120000000008,4244.4096,4689.408000000001,33588.0,57664.0,168384.0,153216.0,54.0,152.0,432.0,672.0,632.0,2336.0,4812.0,6360.0,38.21520000000001,134.26160000000002,301.81440000000015,463.57919999999984,1.6900000000000002,35.776,25.74,102.69999999999995,5184.0,4608.0,22608.0,13248.0,1.0,8.0,10.0,24.0,64.0,176.0,368.0,464.0,2.25,8.76,14.729999999999997,26.519999999999992,0.0,-17.12,-6.8,-47.800000000000004,0.0,512.0,406.0,1544.0,0.0,0.0,0.0,0.0,0.0,42.0,34.0,134.0,0.0,6.16,5.18,18.319999999999993,mof_primitive
