f-lig-chi-0,f-lig-chi-1,f-lig-chi-2,f-lig-chi-3,f-lig-Z-0,f-lig-Z-1,f-lig-Z-2,f-lig-Z-3,f-lig-I-0,f-lig-I-1,f-lig-I-2,f-lig-I-3,f-lig-T-0,f-lig-T-1,f-lig-T-2,f-lig-T-3,f-lig-S-0,f-lig-S-1,f-lig-S-2,f-lig-S-3,name
324.74420000000003,764.4728000000001,1389.4715999999994,1924.372,1256.0,3176.0,5148.0,5488.0,50.0,112.0,208.0,304.0,320.0,896.0,1604.0,2048.0,20.160200000000003,53.22560000000002,91.87200000000001,120.01600000000005,mof_primitive
324.74420000000003,764.4728000000001,1389.4715999999994,1924.372,1256.0,3176.0,5148.0,5488.0,50.0,112.0,208.0,304.0,320.0,896.0,1604.0,2048.0,20.160200000000003,53.22560000000002,91.87200000000001,120.01600000000003,mof_primitive
324.7442000000001,764.4728,1389.4715999999994,1924.3720000000003,1256.0,3176.0,5148.0,5488.0,50.0,112.0,208.0,304.0,320.0,896.0,1604.0,2048.0,20.1602,53.22560000000003,91.87200000000001,120.01600000000005,mof_primitive
324.7442000000001,764.4728000000003,1389.4715999999994,1924.3720000000003,1256.0,3176.0,5148.0,5488.0,50.0,112.0,208.0,304.0,320.0,896.0,1604.0,2048.0,20.1602,53.22560000000002,91.87200000000001,120.01600000000003,mof_primitive
324.74420000000003,764.4728000000005,1389.4715999999992,1924.372000000001,1256.0,3176.0,5148.0,5488.0,50.0,112.0,208.0,304.0,320.0,896.0,1604.0,2048.0,20.1602,53.225600000000036,91.872,120.01599999999998,mof_primitive
324.74420000000003,764.4728000000005,1389.471599999999,1924.372,1256.0,3176.0,5148.0,5488.0,50.0,112.0,208.0,304.0,320.0,896.0,1604.0,2048.0,20.160200000000014,53.22560000000002,91.87200000000004,120.01599999999999,mof_primitive
324.7441999999999,764.4728000000002,1389.471599999999,1924.3719999999996,1256.0,3176.0,5148.0,5488.0,50.0,112.0,208.0,304.0,320.0,896.0,1604.0,2048.0,20.160200000000003,53.22560000000003,91.87200000000007,120.01600000000005,mof_primitive
324.7442,764.4728000000003,1389.4715999999987,1924.3719999999998,1256.0,3176.0,5148.0,5488.0,50.0,112.0,208.0,304.0,320.0,896.0,1604.0,2048.0,20.160200000000003,53.225600000000036,91.87200000000004,120.01600000000005,mof_primitive
