f-lig-chi-0,f-lig-chi-1,f-lig-chi-2,f-lig-chi-3,f-lig-Z-0,f-lig-Z-1,f-lig-Z-2,f-lig-Z-3,f-lig-I-0,f-lig-I-1,f-lig-I-2,f-lig-I-3,f-lig-T-0,f-lig-T-1,f-lig-T-2,f-lig-T-3,f-lig-S-0,f-lig-S-1,f-lig-S-2,f-lig-S-3,name
236.92960000000005,578.9204000000001,971.4260000000003,1138.5560000000005,886.0,2360.0,3440.0,3584.0,38.0,88.0,152.0,184.0,264.0,780.0,1180.0,1324.0,15.051800000000004,41.921600000000005,65.5896,74.20559999999996,mof_primitive
236.92960000000005,578.9204000000001,971.4260000000003,1138.5560000000007,886.0,2360.0,3440.0,3584.0,38.0,88.0,152.0,184.0,264.0,780.0,1180.0,1324.0,15.051800000000004,41.92160000000001,65.58959999999999,74.20559999999995,mof_primitive
236.92960000000005,578.9204000000001,971.4260000000003,1138.5560000000005,886.0,2360.0,3440.0,3584.0,38.0,88.0,152.0,184.0,264.0,780.0,1180.0,1324.0,15.051800000000004,41.92160000000001,65.5896,74.20559999999996,mof_primitive
236.92960000000005,578.9204000000001,971.4260000000003,1138.5560000000007,886.0,2360.0,3440.0,3584.0,38.0,88.0,152.0,184.0,264.0,780.0,1180.0,1324.0,15.051800000000002,41.92160000000001,65.58959999999999,74.20559999999996,mof_primitive
200.55540000000005,409.14140000000015,637.4988000000001,662.0690000000002,826.0,1712.0,2392.0,2478.0,28.0,58.0,92.0,96.0,150.0,358.0,476.0,496.0,11.681200000000004,27.645800000000005,39.5364,40.580799999999996,mof_primitive
200.55540000000005,409.14140000000015,637.4988000000001,662.0690000000002,826.0,1712.0,2392.0,2478.0,28.0,58.0,92.0,96.0,150.0,358.0,476.0,496.0,11.681200000000004,27.645800000000005,39.5364,40.580799999999996,mof_primitive
200.55540000000005,409.1414000000001,637.4988000000001,662.0690000000002,826.0,1712.0,2392.0,2478.0,28.0,58.0,92.0,96.0,150.0,358.0,476.0,496.0,11.681200000000004,27.6458,39.5364,40.580799999999996,mof_primitive
200.55540000000005,409.1414000000001,637.4988000000001,662.0690000000002,826.0,1712.0,2392.0,2478.0,28.0,58.0,92.0,96.0,150.0,358.0,476.0,496.0,11.681200000000006,27.6458,39.5364,40.58079999999999,mof_primitive
