f-lig-chi-0,f-lig-chi-1,f-lig-chi-2,f-lig-chi-3,f-lig-Z-0,f-lig-Z-1,f-lig-Z-2,f-lig-Z-3,f-lig-I-0,f-lig-I-1,f-lig-I-2,f-lig-I-3,f-lig-T-0,f-lig-T-1,f-lig-T-2,f-lig-T-3,f-lig-S-0,f-lig-S-1,f-lig-S-2,f-lig-S-3,name
346.65199999999993,698.3200000000005,1131.2288000000003,1428.4550000000008,1490.0,3028.0,4484.0,4820.0,50.0,104.0,168.0,222.0,272.0,680.0,976.0,1118.0,21.808200000000014,51.16000000000001,76.85440000000001,91.59660000000001,mof_primitive
346.65199999999993,698.3200000000005,1131.2288000000003,1428.4550000000008,1490.0,3028.0,4484.0,4820.0,50.0,104.0,168.0,222.0,272.0,680.0,976.0,1118.0,21.808200000000014,51.16000000000001,76.85440000000001,91.59660000000001,mof_primitive
