f-chi-0-all,f-chi-1-all,f-chi-2-all,f-chi-3-all,f-Z-0-all,f-Z-1-all,f-Z-2-all,f-Z-3-all,f-I-0-all,f-I-1-all,f-I-2-all,f-I-3-all,f-T-0-all,f-T-1-all,f-T-2-all,f-T-3-all,f-S-0-all,f-S-1-all,f-S-2-all,f-S-3-all,mc-chi-0-all,mc-chi-1-all,mc-chi-2-all,mc-chi-3-all,mc-Z-0-all,mc-Z-1-all,mc-Z-2-all,mc-Z-3-all,mc-I-0-all,mc-I-1-all,mc-I-2-all,mc-I-3-all,mc-T-0-all,mc-T-1-all,mc-T-2-all,mc-T-3-all,mc-S-0-all,mc-S-1-all,mc-S-2-all,mc-S-3-all,D_mc-chi-0-all,D_mc-chi-1-all,D_mc-chi-2-all,D_mc-chi-3-all,D_mc-Z-0-all,D_mc-Z-1-all,D_mc-Z-2-all,D_mc-Z-3-all,D_mc-I-0-all,D_mc-I-1-all,D_mc-I-2-all,D_mc-I-3-all,D_mc-T-0-all,D_mc-T-1-all,D_mc-T-2-all,D_mc-T-3-all,D_mc-S-0-all,D_mc-S-1-all,D_mc-S-2-all,D_mc-S-3-all,name
263.5423,519.9535999999999,1278.2086000000002,1858.7583999999993,3700.0,9024.0,16336.0,19494.0,31.0,70.0,142.0,234.0,212.0,618.0,1080.0,1340.0,19.7263,50.0138,95.0758,142.01620000000003,3.6481,35.3732,37.36596666666666,85.35789999999997,784.0,1204.0,2030.0,2688.0,1.0,5.5,8.166666666666666,15.333333333333334,30.833333333333332,76.83333333333333,145.33333333333334,198.83333333333334,1.4641,4.88235,7.754083333333333,12.979266666666666,0.0,-8.015,-3.9649999999999985,-15.403333333333336,0.0,111.0,156.16666666666666,333.3333333333333,0.0,0.0,0.0,0.0,0.0,17.166666666666668,20.166666666666668,50.333333333333336,0.0,2.6199999999999997,3.473333333333333,7.826666666666665,mof_primitive
268.3823,521.9488,1189.7834000000003,1761.1487999999995,3701.0,8592.0,12762.0,14244.0,32.0,70.0,134.0,218.0,204.0,568.0,888.0,1034.0,19.86320000000001,48.787400000000005,86.0962,121.63100000000003,3.6481,35.3732,37.36596666666666,85.35789999999997,784.0,1204.0,2030.0,2688.0,1.0,5.5,8.166666666666666,15.333333333333334,30.833333333333332,76.83333333333333,145.33333333333334,198.83333333333334,1.4641,4.88235,7.754083333333333,12.979266666666666,0.0,-8.015,-3.9649999999999985,-15.403333333333336,0.0,111.0,156.16666666666666,333.3333333333333,0.0,0.0,0.0,0.0,0.0,17.166666666666668,20.166666666666668,50.333333333333336,0.0,2.6199999999999997,3.473333333333333,7.826666666666665,mof_primitive
