f-chi-0-all,f-chi-1-all,f-chi-2-all,f-chi-3-all,f-Z-0-all,f-Z-1-all,f-Z-2-all,f-Z-3-all,f-I-0-all,f-I-1-all,f-I-2-all,f-I-3-all,f-T-0-all,f-T-1-all,f-T-2-all,f-T-3-all,f-S-0-all,f-S-1-all,f-S-2-all,f-S-3-all,mc-chi-0-all,mc-chi-1-all,mc-chi-2-all,mc-chi-3-all,mc-Z-0-all,mc-Z-1-all,mc-Z-2-all,mc-Z-3-all,mc-I-0-all,mc-I-1-all,mc-I-2-all,mc-I-3-all,mc-T-0-all,mc-T-1-all,mc-T-2-all,mc-T-3-all,mc-S-0-all,mc-S-1-all,mc-S-2-all,mc-S-3-all,D_mc-chi-0-all,D_mc-chi-1-all,D_mc-chi-2-all,D_mc-chi-3-all,D_mc-Z-0-all,D_mc-Z-1-all,D_mc-Z-2-all,D_mc-Z-3-all,D_mc-I-0-all,D_mc-I-1-all,D_mc-I-2-all,D_mc-I-3-all,D_mc-T-0-all,D_mc-T-1-all,D_mc-T-2-all,D_mc-T-3-all,D_mc-S-0-all,D_mc-S-1-all,D_mc-S-2-all,D_mc-S-3-all,name
164.64739999999998,258.68799999999993,345.7164,351.7055999999999,11736.0,9408.0,7872.0,8192.0,20.0,40.0,44.0,48.0,84.0,176.0,188.0,192.0,20.950400000000005,37.05479999999999,40.0168,38.0768,2.3400999999999996,16.2049,15.344649999999998,32.576225,2512.0,1368.0,1692.0,2604.0,1.0,3.25,4.0,7.5,11.25,26.5,43.75,67.5,2.6032,3.8925,5.0983,9.0278,0.0,-5.9175,-3.8249999999999984,-9.927499999999998,0.0,134.5,163.5,319.5,0.0,0.0,0.0,0.0,0.0,3.75,2.0,7.5,0.0,2.7175,3.0225,6.085,mof_primitive
139.396,233.36959999999993,400.29280000000006,467.5647999999999,5336.0,6912.0,6400.0,5376.0,16.0,32.0,44.0,56.0,76.0,176.0,208.0,208.0,12.2014,26.28,33.1548,35.624,2.3400999999999996,16.2049,15.344649999999998,32.576225,2512.0,1368.0,1692.0,2604.0,1.0,3.25,4.0,7.5,11.25,26.5,43.75,67.5,2.6032,3.8925,5.0983,9.0278,0.0,-5.9175,-3.8249999999999984,-9.927499999999998,0.0,134.5,163.5,319.5,0.0,0.0,0.0,0.0,0.0,3.75,2.0,7.5,0.0,2.7175,3.0225,6.085,mof_primitive
114.66980000000001,207.04479999999998,368.85300000000007,545.384,5670.0,7968.0,13726.0,8736.0,16.0,32.0,56.0,72.0,92.0,248.0,308.0,232.0,13.334200000000001,28.4208,51.00939999999999,51.696000000000005,2.3400999999999996,16.2049,15.344649999999998,32.576225,2512.0,1368.0,1692.0,2604.0,1.0,3.25,4.0,7.5,11.25,26.5,43.75,67.5,2.6032,3.8925,5.0983,9.0278,0.0,-5.9175,-3.8249999999999984,-9.927499999999998,0.0,134.5,163.5,319.5,0.0,0.0,0.0,0.0,0.0,3.75,2.0,7.5,0.0,2.7175,3.0225,6.085,mof_primitive
