f-chi-0-all,f-chi-1-all,f-chi-2-all,f-chi-3-all,f-Z-0-all,f-Z-1-all,f-Z-2-all,f-Z-3-all,f-I-0-all,f-I-1-all,f-I-2-all,f-I-3-all,f-T-0-all,f-T-1-all,f-T-2-all,f-T-3-all,f-S-0-all,f-S-1-all,f-S-2-all,f-S-3-all,mc-chi-0-all,mc-chi-1-all,mc-chi-2-all,mc-chi-3-all,mc-Z-0-all,mc-Z-1-all,mc-Z-2-all,mc-Z-3-all,mc-I-0-all,mc-I-1-all,mc-I-2-all,mc-I-3-all,mc-T-0-all,mc-T-1-all,mc-T-2-all,mc-T-3-all,mc-S-0-all,mc-S-1-all,mc-S-2-all,mc-S-3-all,D_mc-chi-0-all,D_mc-chi-1-all,D_mc-chi-2-all,D_mc-chi-3-all,D_mc-Z-0-all,D_mc-Z-1-all,D_mc-Z-2-all,D_mc-Z-3-all,D_mc-I-0-all,D_mc-I-1-all,D_mc-I-2-all,D_mc-I-3-all,D_mc-T-0-all,D_mc-T-1-all,D_mc-T-2-all,D_mc-T-3-all,D_mc-S-0-all,D_mc-S-1-all,D_mc-S-2-all,D_mc-S-3-all,name
188.22569999999996,381.1519999999998,1024.4386,1125.5679999999998,2859.0,7552.0,12814.0,12992.0,21.0,56.0,110.0,144.0,178.0,540.0,918.0,964.0,15.748499999999996,45.96079999999999,82.06139999999999,99.04639999999998,2.4025000000000003,29.09608333333333,23.250000000000004,54.650416666666665,625.0,1091.6666666666667,1950.0,2058.3333333333335,1.0,5.5,6.666666666666667,11.5,30.5,77.5,140.16666666666666,161.5,1.9321,5.590116666666666,8.858933333333333,11.937783333333329,0.0,-10.246666666666668,-4.666666666666666,-17.433333333333334,0.0,93.83333333333333,88.66666666666667,205.16666666666666,0.0,0.0,0.0,0.0,0.0,16.5,11.666666666666666,34.333333333333336,0.0,3.6233333333333335,2.8933333333333326,7.396666666666667,mof_primitive
194.72819999999996,402.0619999999999,1112.1586000000002,1180.3929999999998,2895.0,7924.0,13294.0,13808.0,22.0,60.0,120.0,154.0,202.0,646.0,1056.0,1110.0,16.341399999999997,49.28719999999999,87.6824,106.88499999999999,2.4025000000000003,29.09608333333333,23.250000000000004,54.650416666666665,625.0,1091.6666666666667,1950.0,2058.3333333333335,1.0,5.5,6.666666666666667,11.5,30.5,77.5,140.16666666666666,161.5,1.9321,5.590116666666666,8.858933333333333,11.937783333333329,0.0,-10.246666666666668,-4.666666666666666,-17.433333333333334,0.0,93.83333333333333,88.66666666666667,205.16666666666666,0.0,0.0,0.0,0.0,0.0,16.5,11.666666666666666,34.333333333333336,0.0,3.6233333333333335,2.8933333333333326,7.396666666666667,mof_primitive
