f-chi-0-all,f-chi-1-all,f-chi-2-all,f-chi-3-all,f-Z-0-all,f-Z-1-all,f-Z-2-all,f-Z-3-all,f-I-0-all,f-I-1-all,f-I-2-all,f-I-3-all,f-T-0-all,f-T-1-all,f-T-2-all,f-T-3-all,f-S-0-all,f-S-1-all,f-S-2-all,f-S-3-all,mc-chi-0-all,mc-chi-1-all,mc-chi-2-all,mc-chi-3-all,mc-Z-0-all,mc-Z-1-all,mc-Z-2-all,mc-Z-3-all,mc-I-0-all,mc-I-1-all,mc-I-2-all,mc-I-3-all,mc-T-0-all,mc-T-1-all,mc-T-2-all,mc-T-3-all,mc-S-0-all,mc-S-1-all,mc-S-2-all,mc-S-3-all,D_mc-chi-0-all,D_mc-chi-1-all,D_mc-chi-2-all,D_mc-chi-3-all,D_mc-Z-0-all,D_mc-Z-1-all,D_mc-Z-2-all,D_mc-Z-3-all,D_mc-I-0-all,D_mc-I-1-all,D_mc-I-2-all,D_mc-I-3-all,D_mc-T-0-all,D_mc-T-1-all,D_mc-T-2-all,D_mc-T-3-all,D_mc-S-0-all,D_mc-S-1-all,D_mc-S-2-all,D_mc-S-3-all,name
331.0219999999998,644.384,3437.9503999999997,3156.192,7352.0,21728.0,35240.0,38352.0,40.0,128.0,388.0,472.0,632.0,2528.0,4312.0,4640.0,30.18640000000004,119.69279999999998,235.37000000000003,288.9816000000001,0.9025,30.324,18.0975,52.2405,1444.0,2508.0,4104.0,4560.0,1.0,10.0,9.0,18.0,100.0,280.0,390.0,490.0,3.4225000000000003,12.173000000000002,15.3365,23.34700000000001,0.0,-22.42,-10.5,-37.890000000000015,0.0,314.0,234.0,564.0,0.0,0.0,0.0,0.0,0.0,72.0,51.0,131.0,0.0,11.920000000000002,8.36,20.680000000000003,mof_primitive
331.0219999999998,644.384,3437.9503999999993,3156.1919999999996,7352.0,21728.0,35240.0,38352.0,40.0,128.0,388.0,472.0,632.0,2528.0,4312.0,4640.0,30.186400000000038,119.69279999999998,235.37000000000003,288.9816000000001,0.9025,30.324,18.097499999999997,52.240500000000004,1444.0,2508.0,4104.0,4560.0,1.0,10.0,9.0,18.0,100.0,280.0,390.0,490.0,3.4225000000000003,12.173000000000002,15.336500000000001,23.34700000000001,0.0,-22.42,-10.5,-37.890000000000015,0.0,314.0,234.0,564.0,0.0,0.0,0.0,0.0,0.0,72.0,51.0,131.0,0.0,11.920000000000002,8.36,20.680000000000003,mof_primitive
