f-chi-0-all,f-chi-1-all,f-chi-2-all,f-chi-3-all,f-Z-0-all,f-Z-1-all,f-Z-2-all,f-Z-3-all,f-I-0-all,f-I-1-all,f-I-2-all,f-I-3-all,f-T-0-all,f-T-1-all,f-T-2-all,f-T-3-all,f-S-0-all,f-S-1-all,f-S-2-all,f-S-3-all,mc-chi-0-all,mc-chi-1-all,mc-chi-2-all,mc-chi-3-all,mc-Z-0-all,mc-Z-1-all,mc-Z-2-all,mc-Z-3-all,mc-I-0-all,mc-I-1-all,mc-I-2-all,mc-I-3-all,mc-T-0-all,mc-T-1-all,mc-T-2-all,mc-T-3-all,mc-S-0-all,mc-S-1-all,mc-S-2-all,mc-S-3-all,D_mc-chi-0-all,D_mc-chi-1-all,D_mc-chi-2-all,D_mc-chi-3-all,D_mc-Z-0-all,D_mc-Z-1-all,D_mc-Z-2-all,D_mc-Z-3-all,D_mc-I-0-all,D_mc-I-1-all,D_mc-I-2-all,D_mc-I-3-all,D_mc-T-0-all,D_mc-T-1-all,D_mc-T-2-all,D_mc-T-3-all,D_mc-S-0-all,D_mc-S-1-all,D_mc-S-2-all,D_mc-S-3-all,name
95.43759999999999,152.49919999999995,275.97600000000006,356.2047999999999,1339.0,2744.0,3014.0,1936.0,11.0,20.0,30.0,40.0,50.0,120.0,130.0,80.0,7.5325999999999995,15.751000000000001,21.345599999999997,22.4904,3.61,31.92,25.155999999999995,49.134,841.0,1131.0,899.0,2465.0,1.0,5.0,5.0,9.0,25.0,50.0,70.0,115.0,1.9043999999999996,5.064599999999999,5.285399999999999,10.184399999999998,0.0,-7.300000000000001,-3.7399999999999998,-8.76,0.0,106.0,114.0,176.0,0.0,0.0,0.0,0.0,0.0,15.0,11.0,22.0,0.0,3.2299999999999995,3.0699999999999994,5.039999999999999,mof_primitive
95.43759999999999,152.49919999999995,275.976,356.2047999999999,1339.0,2744.0,3014.0,1936.0,11.0,20.0,30.0,40.0,50.0,120.0,130.0,80.0,7.5325999999999995,15.750999999999998,21.3456,22.4904,3.61,31.92,25.155999999999995,49.134,841.0,1131.0,899.0,2465.0,1.0,5.0,5.0,9.0,25.0,50.0,70.0,115.0,1.9043999999999996,5.064599999999999,5.285399999999999,10.184399999999998,0.0,-7.300000000000001,-3.7399999999999998,-8.76,0.0,106.0,114.0,176.0,0.0,0.0,0.0,0.0,0.0,15.0,11.0,22.0,0.0,3.2299999999999995,3.0699999999999994,5.039999999999999,mof_primitive
