f-lig-chi-0,f-lig-chi-1,f-lig-chi-2,f-lig-chi-3,f-lig-Z-0,f-lig-Z-1,f-lig-Z-2,f-lig-Z-3,f-lig-I-0,f-lig-I-1,f-lig-I-2,f-lig-I-3,f-lig-T-0,f-lig-T-1,f-lig-T-2,f-lig-T-3,f-lig-S-0,f-lig-S-1,f-lig-S-2,f-lig-S-3,name
558.6736000000001,1160.854399999999,1985.4123999999995,2614.8557999999994,3090.0,6752.0,9896.0,12416.0,76.0,168.0,280.0,382.0,448.0,1164.0,1832.0,2342.0,37.63859999999999,91.48160000000006,146.82760000000005,191.6862,mof_primitive
119.6966,192.72899999999993,283.3403999999999,307.42799999999994,602.0,960.0,1320.0,1488.0,14.0,26.0,36.0,40.0,62.0,138.0,164.0,168.0,7.028599999999999,13.8138,18.2116,20.512800000000006,mof_primitive
18.4832,18.4832,0.0,0.0,98.0,98.0,0.0,0.0,2.0,2.0,0.0,0.0,2.0,2.0,0.0,0.0,1.125,1.125,0.0,0.0,mof_primitive
