f-lig-chi-0,f-lig-chi-1,f-lig-chi-2,f-lig-chi-3,f-lig-Z-0,f-lig-Z-1,f-lig-Z-2,f-lig-Z-3,f-lig-I-0,f-lig-I-1,f-lig-I-2,f-lig-I-3,f-lig-T-0,f-lig-T-1,f-lig-T-2,f-lig-T-3,f-lig-S-0,f-lig-S-1,f-lig-S-2,f-lig-S-3,name
347.1577999999997,725.6790000000003,1211.1323999999997,1512.2540000000001,1916.0,3336.0,5160.0,6076.0,52.0,110.0,184.0,232.0,294.0,734.0,1036.0,1232.0,23.037200000000023,54.31580000000003,83.69840000000003,102.28399999999995,mof_primitive
347.1577999999998,725.6790000000003,1211.1323999999995,1512.2540000000004,1916.0,3336.0,5160.0,6076.0,52.0,110.0,184.0,232.0,294.0,734.0,1036.0,1232.0,23.037200000000016,54.315800000000024,83.69840000000003,102.28399999999998,mof_primitive
347.15779999999995,725.6790000000003,1211.1323999999997,1512.2540000000004,1916.0,3336.0,5160.0,6076.0,52.0,110.0,184.0,232.0,294.0,734.0,1036.0,1232.0,23.037200000000013,54.31580000000002,83.69840000000002,102.28399999999998,mof_primitive
347.1577999999997,725.6790000000004,1211.1323999999997,1512.2540000000001,1916.0,3336.0,5160.0,6076.0,52.0,110.0,184.0,232.0,294.0,734.0,1036.0,1232.0,23.037200000000013,54.315800000000024,83.69840000000002,102.28399999999999,mof_primitive
347.1577999999995,725.6790000000003,1211.1323999999997,1512.2540000000006,1916.0,3336.0,5160.0,6076.0,52.0,110.0,184.0,232.0,294.0,734.0,1036.0,1232.0,23.037200000000023,54.31580000000003,83.69840000000005,102.28399999999996,mof_primitive
347.15779999999995,725.6790000000001,1211.1323999999997,1512.2540000000001,1916.0,3336.0,5160.0,6076.0,52.0,110.0,184.0,232.0,294.0,734.0,1036.0,1232.0,23.0372,54.31580000000002,83.69839999999999,102.28399999999999,mof_primitive
