f-chi-0-all,f-chi-1-all,f-chi-2-all,f-chi-3-all,f-Z-0-all,f-Z-1-all,f-Z-2-all,f-Z-3-all,f-I-0-all,f-I-1-all,f-I-2-all,f-I-3-all,f-T-0-all,f-T-1-all,f-T-2-all,f-T-3-all,f-S-0-all,f-S-1-all,f-S-2-all,f-S-3-all,mc-chi-0-all,mc-chi-1-all,mc-chi-2-all,mc-chi-3-all,mc-Z-0-all,mc-Z-1-all,mc-Z-2-all,mc-Z-3-all,mc-I-0-all,mc-I-1-all,mc-I-2-all,mc-I-3-all,mc-T-0-all,mc-T-1-all,mc-T-2-all,mc-T-3-all,mc-S-0-all,mc-S-1-all,mc-S-2-all,mc-S-3-all,D_mc-chi-0-all,D_mc-chi-1-all,D_mc-chi-2-all,D_mc-chi-3-all,D_mc-Z-0-all,D_mc-Z-1-all,D_mc-Z-2-all,D_mc-Z-3-all,D_mc-I-0-all,D_mc-I-1-all,D_mc-I-2-all,D_mc-I-3-all,D_mc-T-0-all,D_mc-T-1-all,D_mc-T-2-all,D_mc-T-3-all,D_mc-S-0-all,D_mc-S-1-all,D_mc-S-2-all,D_mc-S-3-all,name
328.81139999999994,640.6979999999999,1781.9631999999997,2079.4079999999994,9716.0,17944.0,18928.0,21112.0,44.0,104.0,212.0,288.0,344.0,1028.0,1424.0,1728.0,25.27320000000002,75.5504,127.05720000000002,162.45440000000002,1.44,31.476,21.419999999999995,46.272000000000006,4096.0,3904.0,2688.0,5248.0,1.0,8.0,7.0,14.0,64.0,152.0,168.0,272.0,2.8560999999999996,9.971,9.109099999999998,16.595799999999997,0.0,-16.630000000000003,-9.45,-21.760000000000005,0.0,451.0,406.0,814.0,0.0,0.0,0.0,0.0,0.0,45.0,35.0,78.0,0.0,7.619999999999999,6.4399999999999995,13.839999999999998,mof_primitive
328.81139999999976,640.6979999999999,1781.9631999999997,2079.4080000000004,9716.0,17944.0,18928.0,21112.0,44.0,104.0,212.0,288.0,344.0,1028.0,1424.0,1728.0,25.273200000000028,75.55039999999998,127.05720000000002,162.45440000000005,1.44,31.476,21.419999999999995,46.272000000000006,4096.0,3904.0,2688.0,5248.0,1.0,8.0,7.0,14.0,64.0,152.0,168.0,272.0,2.8560999999999996,9.971,9.109099999999998,16.595799999999997,0.0,-16.630000000000003,-9.45,-21.760000000000005,0.0,451.0,406.0,814.0,0.0,0.0,0.0,0.0,0.0,45.0,35.0,78.0,0.0,7.619999999999999,6.4399999999999995,13.839999999999998,mof_primitive
