f-lig-chi-0,f-lig-chi-1,f-lig-chi-2,f-lig-chi-3,f-lig-Z-0,f-lig-Z-1,f-lig-Z-2,f-lig-Z-3,f-lig-I-0,f-lig-I-1,f-lig-I-2,f-lig-I-3,f-lig-T-0,f-lig-T-1,f-lig-T-2,f-lig-T-3,f-lig-S-0,f-lig-S-1,f-lig-S-2,f-lig-S-3,name
245.90320000000006,525.8610000000003,882.5600000000005,1233.5339999999999,1090.0,2616.0,3508.0,3884.0,44.0,90.0,160.0,218.0,250.0,640.0,964.0,1196.0,16.588199999999997,43.25860000000002,67.9588,83.63680000000002,mof_primitive
245.90320000000006,525.8610000000004,882.5600000000004,1233.534,1090.0,2616.0,3508.0,3884.0,44.0,90.0,160.0,218.0,250.0,640.0,964.0,1196.0,16.588200000000004,43.25860000000002,67.95880000000002,83.6368,mof_primitive
245.90320000000006,525.8610000000006,882.5600000000004,1233.5339999999999,1090.0,2616.0,3508.0,3884.0,44.0,90.0,160.0,218.0,250.0,640.0,964.0,1196.0,16.588200000000015,43.25860000000002,67.95880000000004,83.63679999999997,mof_primitive
245.90320000000006,525.8610000000006,882.5600000000004,1233.5340000000003,1090.0,2616.0,3508.0,3884.0,44.0,90.0,160.0,218.0,250.0,640.0,964.0,1196.0,16.588200000000015,43.25860000000002,67.95880000000002,83.6368,mof_primitive
245.90320000000006,525.8610000000004,882.5600000000004,1233.5339999999999,1090.0,2616.0,3508.0,3884.0,44.0,90.0,160.0,218.0,250.0,640.0,964.0,1196.0,16.588200000000015,43.25860000000002,67.95880000000004,83.63679999999995,mof_primitive
245.90320000000003,525.8610000000003,882.5600000000002,1233.5339999999999,1090.0,2616.0,3508.0,3884.0,44.0,90.0,160.0,218.0,250.0,640.0,964.0,1196.0,16.58820000000001,43.25860000000002,67.95880000000001,83.63679999999997,mof_primitive
245.90320000000003,525.8610000000003,882.5600000000003,1233.5339999999999,1090.0,2616.0,3508.0,3884.0,44.0,90.0,160.0,218.0,250.0,640.0,964.0,1196.0,16.588200000000008,43.25860000000002,67.95880000000001,83.63679999999995,mof_primitive
245.90320000000003,525.8610000000003,882.5600000000003,1233.5339999999999,1090.0,2616.0,3508.0,3884.0,44.0,90.0,160.0,218.0,250.0,640.0,964.0,1196.0,16.588200000000008,43.25860000000002,67.95880000000001,83.63679999999998,mof_primitive
