f-lig-chi-0,f-lig-chi-1,f-lig-chi-2,f-lig-chi-3,f-lig-Z-0,f-lig-Z-1,f-lig-Z-2,f-lig-Z-3,f-lig-I-0,f-lig-I-1,f-lig-I-2,f-lig-I-3,f-lig-T-0,f-lig-T-1,f-lig-T-2,f-lig-T-3,f-lig-S-0,f-lig-S-1,f-lig-S-2,f-lig-S-3,name
474.8414000000001,1082.8572000000006,1820.4592,2206.8586,1826.0,4428.0,6508.0,6916.0,74.0,160.0,268.0,330.0,428.0,1092.0,1632.0,1802.0,29.709800000000005,75.21840000000005,116.15480000000005,129.76899999999995,mof_primitive
474.8414000000001,1082.8572000000006,1820.4592,2206.8586,1826.0,4428.0,6508.0,6916.0,74.0,160.0,268.0,330.0,428.0,1092.0,1632.0,1802.0,29.709800000000005,75.21840000000005,116.15480000000005,129.76899999999995,mof_primitive
474.8414000000001,1082.8572000000006,1820.4592,2206.8586,1826.0,4428.0,6508.0,6916.0,74.0,160.0,268.0,330.0,428.0,1092.0,1632.0,1802.0,29.709800000000005,75.21840000000005,116.15480000000005,129.76899999999995,mof_primitive
