f-lig-chi-0,f-lig-chi-1,f-lig-chi-2,f-lig-chi-3,f-lig-Z-0,f-lig-Z-1,f-lig-Z-2,f-lig-Z-3,f-lig-I-0,f-lig-I-1,f-lig-I-2,f-lig-I-3,f-lig-T-0,f-lig-T-1,f-lig-T-2,f-lig-T-3,f-lig-S-0,f-lig-S-1,f-lig-S-2,f-lig-S-3,name
195.7614,442.1700000000001,723.4724,803.113,714.0,1728.0,2360.0,1984.0,32.0,68.0,112.0,134.0,180.0,452.0,656.0,658.0,12.467200000000002,31.38520000000001,46.84880000000001,48.4526,mof_primitive
198.41379999999995,360.16199999999986,660.8507999999999,981.8169999999997,880.0,1584.0,2532.0,2956.0,26.0,52.0,96.0,150.0,148.0,400.0,612.0,688.0,11.2874,25.410000000000004,41.801599999999986,56.41660000000002,mof_primitive
198.41379999999995,360.16199999999986,660.8507999999999,981.8169999999997,880.0,1584.0,2532.0,2956.0,26.0,52.0,96.0,150.0,148.0,400.0,612.0,688.0,11.2874,25.410000000000004,41.801599999999986,56.41660000000002,mof_primitive
