f-chi-0-all,f-chi-1-all,f-chi-2-all,f-chi-3-all,f-Z-0-all,f-Z-1-all,f-Z-2-all,f-Z-3-all,f-I-0-all,f-I-1-all,f-I-2-all,f-I-3-all,f-T-0-all,f-T-1-all,f-T-2-all,f-T-3-all,f-S-0-all,f-S-1-all,f-S-2-all,f-S-3-all,mc-chi-0-all,mc-chi-1-all,mc-chi-2-all,mc-chi-3-all,mc-Z-0-all,mc-Z-1-all,mc-Z-2-all,mc-Z-3-all,mc-I-0-all,mc-I-1-all,mc-I-2-all,mc-I-3-all,mc-T-0-all,mc-T-1-all,mc-T-2-all,mc-T-3-all,mc-S-0-all,mc-S-1-all,mc-S-2-all,mc-S-3-all,D_mc-chi-0-all,D_mc-chi-1-all,D_mc-chi-2-all,D_mc-chi-3-all,D_mc-Z-0-all,D_mc-Z-1-all,D_mc-Z-2-all,D_mc-Z-3-all,D_mc-I-0-all,D_mc-I-1-all,D_mc-I-2-all,D_mc-I-3-all,D_mc-T-0-all,D_mc-T-1-all,D_mc-T-2-all,D_mc-T-3-all,D_mc-S-0-all,D_mc-S-1-all,D_mc-S-2-all,D_mc-S-3-all,name
74.28679999999999,133.87359999999998,185.1042,188.904,1114.0,2130.0,2088.0,1032.0,9.0,18.0,22.0,22.0,44.0,104.0,102.0,58.0,6.1204,13.0914,15.429800000000002,12.427800000000001,3.5343999999999993,28.15488,24.545279999999998,42.3,729.0,939.6,1425.6,1328.4,1.0,4.4,5.6,7.6,20.0,52.8,74.4,88.0,1.5876000000000001,4.0572,5.5692,6.778800000000001,0.0,-6.704000000000001,-2.528,-8.212,0.0,84.0,98.4,156.0,0.0,0.0,0.0,0.0,0.0,8.4,9.2,14.0,0.0,2.3240000000000003,2.636,4.1960000000000015,mof_primitive
164.62919999999997,351.70559999999983,833.8912,900.4543999999999,2973.0,6848.0,11002.0,9504.0,19.0,48.0,92.0,116.0,150.0,464.0,728.0,624.0,12.737199999999998,35.8284,61.5514,66.13799999999999,3.5343999999999993,28.15488,24.545279999999998,42.3,729.0,939.6,1425.6,1328.4,1.0,4.4,5.6,7.6,20.0,52.8,74.4,88.0,1.5876000000000001,4.0572,5.5692,6.778800000000001,0.0,-6.704000000000001,-2.528,-8.212,0.0,84.0,98.4,156.0,0.0,0.0,0.0,0.0,0.0,8.4,9.2,14.0,0.0,2.3240000000000003,2.636,4.1960000000000015,mof_primitive
74.28679999999999,133.87359999999998,185.1042,188.904,1114.0,2130.0,2088.0,1032.0,9.0,18.0,22.0,22.0,44.0,104.0,102.0,58.0,6.1204,13.0914,15.429800000000002,12.427800000000001,3.5343999999999993,28.15488,24.545279999999998,42.3,729.0,939.6,1425.6,1328.4,1.0,4.4,5.6,7.6,20.0,52.8,74.4,88.0,1.5876000000000001,4.0572,5.5692,6.778800000000001,0.0,-6.704000000000001,-2.528,-8.212,0.0,84.0,98.4,156.0,0.0,0.0,0.0,0.0,0.0,8.4,9.2,14.0,0.0,2.3240000000000003,2.636,4.1960000000000015,mof_primitive
