f-lig-chi-0,f-lig-chi-1,f-lig-chi-2,f-lig-chi-3,f-lig-Z-0,f-lig-Z-1,f-lig-Z-2,f-lig-Z-3,f-lig-I-0,f-lig-I-1,f-lig-I-2,f-lig-I-3,f-lig-T-0,f-lig-T-1,f-lig-T-2,f-lig-T-3,f-lig-S-0,f-lig-S-1,f-lig-S-2,f-lig-S-3,name
155.3866,280.19399999999996,432.2603999999999,514.233,748.0,1344.0,1944.0,2232.0,20.0,40.0,60.0,74.0,100.0,240.0,332.0,378.0,9.674,20.882400000000008,29.977199999999996,35.743400000000015,mof_primitive
192.05879999999996,341.2919999999999,527.2003999999998,643.569,948.0,1680.0,2432.0,3144.0,24.0,48.0,72.0,90.0,120.0,288.0,408.0,522.0,11.9256,25.50240000000001,36.9096,47.447400000000016,mof_primitive
155.3866,280.194,432.2603999999999,514.233,748.0,1344.0,1944.0,2232.0,20.0,40.0,60.0,74.0,100.0,240.0,332.0,378.0,9.674,20.882400000000008,29.9772,35.743400000000015,mof_primitive
154.21519999999998,283.47599999999994,408.9243999999999,529.0662,740.0,1308.0,1996.0,2388.0,19.0,38.0,54.0,70.0,92.0,222.0,310.0,348.0,9.021099999999999,19.546200000000002,28.080600000000004,34.1462,mof_primitive
154.21519999999998,283.47599999999994,408.9243999999999,529.0662,740.0,1308.0,1996.0,2388.0,19.0,38.0,54.0,70.0,92.0,222.0,310.0,348.0,9.021099999999999,19.546200000000002,28.080600000000004,34.1462,mof_primitive
105.7094,180.08100000000002,259.2904,266.095,476.0,792.0,1024.0,742.0,14.0,26.0,36.0,40.0,62.0,138.0,148.0,128.0,6.2366,12.705000000000002,15.930000000000001,14.4552,mof_primitive
