f-lig-chi-0,f-lig-chi-1,f-lig-chi-2,f-lig-chi-3,f-lig-Z-0,f-lig-Z-1,f-lig-Z-2,f-lig-Z-3,f-lig-I-0,f-lig-I-1,f-lig-I-2,f-lig-I-3,f-lig-T-0,f-lig-T-1,f-lig-T-2,f-lig-T-3,f-lig-S-0,f-lig-S-1,f-lig-S-2,f-lig-S-3,name
260.6465999999999,507.6540000000001,811.1255999999996,951.8700000000002,1047.0,2052.0,2958.0,3198.0,39.0,78.0,126.0,150.0,204.0,486.0,654.0,846.0,15.923100000000005,36.636600000000016,52.83180000000002,63.47580000000002,mof_primitive
260.6466,507.65400000000005,811.1255999999998,951.87,1047.0,2052.0,2958.0,3198.0,39.0,78.0,126.0,150.0,204.0,486.0,654.0,846.0,15.923100000000005,36.636600000000016,52.831800000000015,63.47580000000002,mof_primitive
260.6466,507.654,811.1256,951.8699999999999,1047.0,2052.0,2958.0,3198.0,39.0,78.0,126.0,150.0,204.0,486.0,654.0,846.0,15.923100000000005,36.636600000000016,52.83180000000002,63.47580000000002,mof_primitive
260.6466,507.654,811.1255999999996,951.8699999999998,1047.0,2052.0,2958.0,3198.0,39.0,78.0,126.0,150.0,204.0,486.0,654.0,846.0,15.923100000000007,36.636600000000016,52.83180000000003,63.47580000000002,mof_primitive
260.64660000000003,507.654,811.1256,951.8699999999999,1047.0,2052.0,2958.0,3198.0,39.0,78.0,126.0,150.0,204.0,486.0,654.0,846.0,15.923100000000002,36.636600000000016,52.83180000000002,63.47580000000002,mof_primitive
260.64660000000003,507.65399999999994,811.1256,951.8699999999998,1047.0,2052.0,2958.0,3198.0,39.0,78.0,126.0,150.0,204.0,486.0,654.0,846.0,15.9231,36.636600000000016,52.83180000000002,63.47580000000001,mof_primitive
260.6466,507.65400000000017,811.1255999999996,951.8700000000002,1047.0,2052.0,2958.0,3198.0,39.0,78.0,126.0,150.0,204.0,486.0,654.0,846.0,15.92310000000001,36.63660000000001,52.83180000000002,63.47580000000003,mof_primitive
260.6466,507.6539999999999,811.1255999999998,951.87,1047.0,2052.0,2958.0,3198.0,39.0,78.0,126.0,150.0,204.0,486.0,654.0,846.0,15.923100000000003,36.636600000000016,52.831800000000015,63.475800000000014,mof_primitive
