f-lig-chi-0,f-lig-chi-1,f-lig-chi-2,f-lig-chi-3,f-lig-Z-0,f-lig-Z-1,f-lig-Z-2,f-lig-Z-3,f-lig-I-0,f-lig-I-1,f-lig-I-2,f-lig-I-3,f-lig-T-0,f-lig-T-1,f-lig-T-2,f-lig-T-3,f-lig-S-0,f-lig-S-1,f-lig-S-2,f-lig-S-3,name
182.0765,373.8440000000001,576.0814000000001,699.3680000000002,767.0,1598.0,2248.0,2288.0,27.0,56.0,86.0,108.0,142.0,348.0,478.0,498.0,11.663500000000003,27.335600000000007,39.322199999999995,43.6952,mof_primitive
182.0765,373.8440000000001,576.0814,699.3680000000002,767.0,1598.0,2248.0,2288.0,27.0,56.0,86.0,108.0,142.0,348.0,478.0,498.0,11.6635,27.33560000000001,39.32220000000001,43.69520000000001,mof_primitive
182.0765,373.8440000000001,576.0814,699.3680000000002,767.0,1598.0,2248.0,2288.0,27.0,56.0,86.0,108.0,142.0,348.0,478.0,498.0,11.6635,27.33560000000001,39.32220000000001,43.69520000000001,mof_primitive
182.0765,373.8440000000001,576.0813999999999,699.3680000000002,767.0,1598.0,2248.0,2288.0,27.0,56.0,86.0,108.0,142.0,348.0,478.0,498.0,11.6635,27.33560000000001,39.32220000000001,43.69520000000001,mof_primitive
182.07650000000004,373.8440000000001,576.0814000000001,699.3680000000002,767.0,1598.0,2248.0,2288.0,27.0,56.0,86.0,108.0,142.0,348.0,478.0,498.0,11.663500000000008,27.33560000000001,39.32220000000001,43.69519999999999,mof_primitive
182.07650000000004,373.84400000000016,576.0814000000001,699.3680000000002,767.0,1598.0,2248.0,2288.0,27.0,56.0,86.0,108.0,142.0,348.0,478.0,498.0,11.663500000000008,27.33560000000001,39.32220000000001,43.69519999999999,mof_primitive
182.07649999999998,373.84400000000016,576.0814000000001,699.3679999999999,767.0,1598.0,2248.0,2288.0,27.0,56.0,86.0,108.0,142.0,348.0,478.0,498.0,11.663500000000006,27.335600000000014,39.32220000000001,43.69519999999999,mof_primitive
182.0765,373.84400000000005,576.0813999999999,699.368,767.0,1598.0,2248.0,2288.0,27.0,56.0,86.0,108.0,142.0,348.0,478.0,498.0,11.6635,27.335600000000007,39.32220000000001,43.695200000000014,mof_primitive
