f-lig-chi-0,f-lig-chi-1,f-lig-chi-2,f-lig-chi-3,f-lig-Z-0,f-lig-Z-1,f-lig-Z-2,f-lig-Z-3,f-lig-I-0,f-lig-I-1,f-lig-I-2,f-lig-I-3,f-lig-T-0,f-lig-T-1,f-lig-T-2,f-lig-T-3,f-lig-S-0,f-lig-S-1,f-lig-S-2,f-lig-S-3,name
504.2690999999999,1082.1690000000008,1661.8956,2090.8379999999997,2241.0,4932.0,7080.0,7644.0,78.0,168.0,258.0,336.0,426.0,1056.0,1482.0,1584.0,36.310200000000016,86.3016,126.36660000000002,148.65120000000002,mof_primitive
504.26909999999987,1082.169000000001,1661.8956,2090.838,2241.0,4932.0,7080.0,7644.0,78.0,168.0,258.0,336.0,426.0,1056.0,1482.0,1584.0,36.31020000000002,86.30160000000001,126.36660000000002,148.6512,mof_primitive
504.2690999999999,1082.1690000000008,1661.8956,2090.8379999999993,2241.0,4932.0,7080.0,7644.0,78.0,168.0,258.0,336.0,426.0,1056.0,1482.0,1584.0,36.31020000000001,86.3016,126.36660000000002,148.6512,mof_primitive
504.26909999999975,1082.169000000001,1661.8956000000005,2090.8380000000006,2241.0,4932.0,7080.0,7644.0,78.0,168.0,258.0,336.0,426.0,1056.0,1482.0,1584.0,36.31020000000002,86.30160000000001,126.36660000000002,148.6512,mof_primitive
504.2690999999995,1082.169000000001,1661.8956,2090.838,2241.0,4932.0,7080.0,7644.0,78.0,168.0,258.0,336.0,426.0,1056.0,1482.0,1584.0,36.31020000000003,86.30159999999991,126.36660000000003,148.6512,mof_primitive
504.26909999999975,1082.1690000000008,1661.8955999999998,2090.838,2241.0,4932.0,7080.0,7644.0,78.0,168.0,258.0,336.0,426.0,1056.0,1482.0,1584.0,36.310200000000016,86.30160000000001,126.36660000000002,148.6512,mof_primitive
504.26909999999975,1082.169000000001,1661.8956,2090.8379999999997,2241.0,4932.0,7080.0,7644.0,78.0,168.0,258.0,336.0,426.0,1056.0,1482.0,1584.0,36.310200000000016,86.30160000000001,126.36660000000002,148.6512,mof_primitive
504.26909999999975,1082.1690000000008,1661.8956,2090.838,2241.0,4932.0,7080.0,7644.0,78.0,168.0,258.0,336.0,426.0,1056.0,1482.0,1584.0,36.310200000000016,86.30160000000001,126.36660000000002,148.6512,mof_primitive
