f-lig-chi-0,f-lig-chi-1,f-lig-chi-2,f-lig-chi-3,f-lig-Z-0,f-lig-Z-1,f-lig-Z-2,f-lig-Z-3,f-lig-I-0,f-lig-I-1,f-lig-I-2,f-lig-I-3,f-lig-T-0,f-lig-T-1,f-lig-T-2,f-lig-T-3,f-lig-S-0,f-lig-S-1,f-lig-S-2,f-lig-S-3,name
709.1502000000007,1500.1859999999995,2434.505199999999,3433.7558000000017,3066.0,6456.0,10576.0,15056.0,100.0,216.0,360.0,498.0,576.0,1488.0,2296.0,3042.0,43.43719999999996,106.58240000000002,171.39120000000008,236.49060000000003,mof_primitive
73.3444,109.19099999999995,143.52039999999997,83.18099999999998,400.0,600.0,784.0,456.0,8.0,14.0,16.0,10.0,30.0,56.0,44.0,34.0,4.503199999999999,8.0542,9.0,5.682600000000001,mof_primitive
18.4832,18.4832,0.0,0.0,98.0,98.0,0.0,0.0,2.0,2.0,0.0,0.0,2.0,2.0,0.0,0.0,1.125,1.125,0.0,0.0,mof_primitive
