f-lig-chi-0,f-lig-chi-1,f-lig-chi-2,f-lig-chi-3,f-lig-Z-0,f-lig-Z-1,f-lig-Z-2,f-lig-Z-3,f-lig-I-0,f-lig-I-1,f-lig-I-2,f-lig-I-3,f-lig-T-0,f-lig-T-1,f-lig-T-2,f-lig-T-3,f-lig-S-0,f-lig-S-1,f-lig-S-2,f-lig-S-3,name
175.0408,343.23999999999984,500.0723999999998,633.9214000000002,748.0,1408.0,2136.0,2668.0,24.0,48.0,72.0,90.0,120.0,288.0,408.0,522.0,10.219999999999999,23.043200000000002,33.38,42.521000000000015,mof_primitive
258.0432,558.2460000000002,993.3820000000001,1248.7232000000004,702.0,1680.0,2248.0,2546.0,46.0,92.0,172.0,218.0,264.0,660.0,844.0,892.0,14.4446,37.17560000000002,56.38840000000003,65.24260000000002,mof_primitive
86.34939999999999,135.20099999999996,169.53039999999993,109.19099999999997,472.0,744.0,928.0,600.0,10.0,18.0,20.0,14.0,38.0,72.0,60.0,48.0,5.689,10.4258,11.371599999999999,8.0542,mof_primitive
