f-lig-chi-0,f-lig-chi-1,f-lig-chi-2,f-lig-chi-3,f-lig-Z-0,f-lig-Z-1,f-lig-Z-2,f-lig-Z-3,f-lig-I-0,f-lig-I-1,f-lig-I-2,f-lig-I-3,f-lig-T-0,f-lig-T-1,f-lig-T-2,f-lig-T-3,f-lig-S-0,f-lig-S-1,f-lig-S-2,f-lig-S-3,name
281.9219999999999,573.7198,918.7267999999996,1179.7400000000007,1338.0,2752.0,4256.0,4976.0,38.0,82.0,132.0,176.0,214.0,546.0,836.0,1024.0,18.341400000000007,43.018600000000006,67.3108,84.07840000000003,mof_primitive
281.9219999999999,573.7198,918.7267999999996,1179.7400000000007,1338.0,2752.0,4256.0,4976.0,38.0,82.0,132.0,176.0,214.0,546.0,836.0,1024.0,18.341400000000007,43.018600000000006,67.3108,84.07840000000003,mof_primitive
73.3444,109.19099999999999,143.52039999999997,83.18099999999998,400.0,600.0,784.0,456.0,8.0,14.0,16.0,10.0,30.0,56.0,44.0,34.0,4.5032,8.0542,9.0,5.682600000000001,mof_primitive
73.3444,109.19099999999999,143.52039999999997,83.18099999999998,400.0,600.0,784.0,456.0,8.0,14.0,16.0,10.0,30.0,56.0,44.0,34.0,4.5032,8.0542,9.0,5.682600000000001,mof_primitive
