f-chi-0-all,f-chi-1-all,f-chi-2-all,f-chi-3-all,f-Z-0-all,f-Z-1-all,f-Z-2-all,f-Z-3-all,f-I-0-all,f-I-1-all,f-I-2-all,f-I-3-all,f-T-0-all,f-T-1-all,f-T-2-all,f-T-3-all,f-S-0-all,f-S-1-all,f-S-2-all,f-S-3-all,mc-chi-0-all,mc-chi-1-all,mc-chi-2-all,mc-chi-3-all,mc-Z-0-all,mc-Z-1-all,mc-Z-2-all,mc-Z-3-all,mc-I-0-all,mc-I-1-all,mc-I-2-all,mc-I-3-all,mc-T-0-all,mc-T-1-all,mc-T-2-all,mc-T-3-all,mc-S-0-all,mc-S-1-all,mc-S-2-all,mc-S-3-all,D_mc-chi-0-all,D_mc-chi-1-all,D_mc-chi-2-all,D_mc-chi-3-all,D_mc-Z-0-all,D_mc-Z-1-all,D_mc-Z-2-all,D_mc-Z-3-all,D_mc-I-0-all,D_mc-I-1-all,D_mc-I-2-all,D_mc-I-3-all,D_mc-T-0-all,D_mc-T-1-all,D_mc-T-2-all,D_mc-T-3-all,D_mc-S-0-all,D_mc-S-1-all,D_mc-S-2-all,D_mc-S-3-all,name
225.25539999999992,445.13599999999997,1047.4514,1297.5679999999998,4714.0,9824.0,18416.0,19136.0,26.0,64.0,120.0,176.0,188.0,552.0,946.0,1088.0,18.1562,48.997600000000006,86.62079999999997,112.47840000000001,2.7224999999999997,25.541999999999998,24.873749999999994,58.0305,900.0,1080.0,2835.0,2460.0,1.0,4.5,7.0,11.0,20.5,55.0,100.0,117.5,1.7161000000000004,4.30335,8.0434,10.6765,0.0,-8.055,-3.5250000000000004,-17.019999999999996,0.0,99.0,115.5,248.0,0.0,0.0,0.0,0.0,0.0,8.5,10.0,24.0,0.0,2.6100000000000003,3.03,6.260000000000001,mof_primitive
225.25539999999992,445.13599999999997,1047.4514,1297.568,4714.0,9824.0,18416.0,19136.0,26.0,64.0,120.0,176.0,188.0,552.0,946.0,1088.0,18.1562,48.997600000000006,86.62079999999997,112.47840000000001,2.7224999999999997,25.541999999999998,24.873749999999994,58.0305,900.0,1080.0,2835.0,2460.0,1.0,4.5,7.0,11.0,20.5,55.0,100.0,117.5,1.7161000000000004,4.30335,8.0434,10.6765,0.0,-8.055,-3.5250000000000004,-17.019999999999996,0.0,99.0,115.5,248.0,0.0,0.0,0.0,0.0,0.0,8.5,10.0,24.0,0.0,2.6100000000000003,3.03,6.260000000000001,mof_primitive
