f-lig-chi-0,f-lig-chi-1,f-lig-chi-2,f-lig-chi-3,f-lig-Z-0,f-lig-Z-1,f-lig-Z-2,f-lig-Z-3,f-lig-I-0,f-lig-I-1,f-lig-I-2,f-lig-I-3,f-lig-T-0,f-lig-T-1,f-lig-T-2,f-lig-T-3,f-lig-S-0,f-lig-S-1,f-lig-S-2,f-lig-S-3,name
170.4394,347.8710000000001,678.9603999999995,1034.313,628.0,1320.0,2236.0,2688.0,26.0,54.0,108.0,170.0,162.0,456.0,768.0,848.0,9.703400000000007,24.378200000000007,43.290799999999976,59.54180000000003,mof_primitive
170.4394,347.8710000000001,678.9603999999997,1034.3129999999999,628.0,1320.0,2236.0,2688.0,26.0,54.0,108.0,170.0,162.0,456.0,768.0,848.0,9.703400000000006,24.378200000000007,43.29079999999999,59.54180000000002,mof_primitive
170.4394,347.8710000000001,678.9603999999995,1034.3129999999999,628.0,1320.0,2236.0,2688.0,26.0,54.0,108.0,170.0,162.0,456.0,768.0,848.0,9.70340000000001,24.378200000000003,43.29079999999998,59.54180000000004,mof_primitive
170.4394,347.87100000000004,678.9603999999997,1034.3129999999999,628.0,1320.0,2236.0,2688.0,26.0,54.0,108.0,170.0,162.0,456.0,768.0,848.0,9.703400000000006,24.378200000000003,43.29079999999999,59.54180000000003,mof_primitive
173.76440000000002,390.4560000000001,689.6703999999999,890.5830000000001,698.0,1656.0,2596.0,2958.0,26.0,60.0,108.0,140.0,192.0,600.0,912.0,926.0,10.615400000000006,29.167600000000007,46.98680000000002,57.354800000000004,mof_primitive
170.4394,347.8710000000001,678.9603999999995,1034.313,628.0,1320.0,2236.0,2688.0,26.0,54.0,108.0,170.0,162.0,456.0,768.0,848.0,9.70340000000001,24.378200000000007,43.290799999999976,59.54180000000003,mof_primitive
