f-chi-0-all,f-chi-1-all,f-chi-2-all,f-chi-3-all,f-Z-0-all,f-Z-1-all,f-Z-2-all,f-Z-3-all,f-I-0-all,f-I-1-all,f-I-2-all,f-I-3-all,f-T-0-all,f-T-1-all,f-T-2-all,f-T-3-all,f-S-0-all,f-S-1-all,f-S-2-all,f-S-3-all,mc-chi-0-all,mc-chi-1-all,mc-chi-2-all,mc-chi-3-all,mc-Z-0-all,mc-Z-1-all,mc-Z-2-all,mc-Z-3-all,mc-I-0-all,mc-I-1-all,mc-I-2-all,mc-I-3-all,mc-T-0-all,mc-T-1-all,mc-T-2-all,mc-T-3-all,mc-S-0-all,mc-S-1-all,mc-S-2-all,mc-S-3-all,D_mc-chi-0-all,D_mc-chi-1-all,D_mc-chi-2-all,D_mc-chi-3-all,D_mc-Z-0-all,D_mc-Z-1-all,D_mc-Z-2-all,D_mc-Z-3-all,D_mc-I-0-all,D_mc-I-1-all,D_mc-I-2-all,D_mc-I-3-all,D_mc-T-0-all,D_mc-T-1-all,D_mc-T-2-all,D_mc-T-3-all,D_mc-S-0-all,D_mc-S-1-all,D_mc-S-2-all,D_mc-S-3-all,name
375.4607999999998,689.6511999999997,1725.2292000000004,2186.1888000000004,11984.0,18432.0,29504.0,32256.0,42.0,104.0,188.0,280.0,300.0,816.0,1220.0,1632.0,34.514200000000024,91.51280000000004,145.0408,198.7351999999999,2.2374,22.382933333333337,18.496066666666664,46.726400000000005,1669.3333333333333,1344.0,2544.0,2864.0,1.0,4.666666666666667,5.333333333333333,10.666666666666666,22.666666666666668,50.66666666666666,78.66666666666667,128.0,2.4349666666666665,5.377666666666667,7.132599999999999,12.490533333333332,0.0,-9.546666666666669,-5.393333333333332,-17.27333333333333,0.0,130.66666666666666,140.0,324.0,0.0,0.0,0.0,0.0,0.0,12.0,8.666666666666666,24.0,0.0,3.96,3.773333333333333,8.733333333333334,mof_primitive
375.4607999999998,689.6511999999997,1725.2292000000004,2186.1888000000004,11984.0,18432.0,29504.0,32256.0,42.0,104.0,188.0,280.0,300.0,816.0,1220.0,1632.0,34.514200000000024,91.51280000000003,145.0408,198.7351999999999,2.2373999999999996,22.382933333333337,18.496066666666664,46.726400000000005,1669.3333333333333,1344.0,2544.0,2864.0,1.0,4.666666666666667,5.333333333333333,10.666666666666666,22.666666666666668,50.666666666666664,78.66666666666667,128.0,2.4349666666666665,5.377666666666667,7.132599999999999,12.490533333333333,0.0,-9.546666666666667,-5.393333333333332,-17.27333333333333,0.0,130.66666666666666,140.0,324.0,0.0,0.0,0.0,0.0,0.0,12.0,8.666666666666666,24.0,0.0,3.9600000000000004,3.773333333333333,8.733333333333334,mof_primitive
