f-chi-0-all,f-chi-1-all,f-chi-2-all,f-chi-3-all,f-Z-0-all,f-Z-1-all,f-Z-2-all,f-Z-3-all,f-I-0-all,f-I-1-all,f-I-2-all,f-I-3-all,f-T-0-all,f-T-1-all,f-T-2-all,f-T-3-all,f-S-0-all,f-S-1-all,f-S-2-all,f-S-3-all,mc-chi-0-all,mc-chi-1-all,mc-chi-2-all,mc-chi-3-all,mc-Z-0-all,mc-Z-1-all,mc-Z-2-all,mc-Z-3-all,mc-I-0-all,mc-I-1-all,mc-I-2-all,mc-I-3-all,mc-T-0-all,mc-T-1-all,mc-T-2-all,mc-T-3-all,mc-S-0-all,mc-S-1-all,mc-S-2-all,mc-S-3-all,D_mc-chi-0-all,D_mc-chi-1-all,D_mc-chi-2-all,D_mc-chi-3-all,D_mc-Z-0-all,D_mc-Z-1-all,D_mc-Z-2-all,D_mc-Z-3-all,D_mc-I-0-all,D_mc-I-1-all,D_mc-I-2-all,D_mc-I-3-all,D_mc-T-0-all,D_mc-T-1-all,D_mc-T-2-all,D_mc-T-3-all,D_mc-S-0-all,D_mc-S-1-all,D_mc-S-2-all,D_mc-S-3-all,name
251.55959999999996,475.3823999999999,1058.3442,1476.2752,4854.0,9876.0,19200.0,19900.0,30.0,68.0,126.0,196.0,198.0,576.0,964.0,1148.0,20.5262,51.41400000000001,91.97019999999999,123.9076,2.7224999999999997,25.211999999999996,27.381749999999997,64.82025,900.0,1065.0,2940.0,2745.0,1.0,4.5,7.5,12.5,21.0,58.0,105.0,139.0,1.7161000000000004,4.31645,8.534650000000003,12.17645,0.0,-7.854999999999999,-4.220000000000001,-18.66,0.0,99.5,127.0,283.5,0.0,0.0,0.0,0.0,0.0,8.5,11.5,25.0,0.0,2.6000000000000005,3.31,7.08,mof_primitive
251.55959999999993,475.38239999999985,1058.3441999999998,1476.2752,4854.0,9876.0,19200.0,19900.0,30.0,68.0,126.0,196.0,198.0,576.0,964.0,1148.0,20.5262,51.41400000000001,91.97019999999999,123.90760000000003,2.7224999999999997,25.211999999999996,27.381749999999997,64.82025,900.0,1065.0,2940.0,2745.0,1.0,4.5,7.5,12.5,21.0,58.0,105.0,139.0,1.7161000000000004,4.31645,8.534650000000003,12.17645,0.0,-7.854999999999999,-4.220000000000001,-18.66,0.0,99.5,127.0,283.5,0.0,0.0,0.0,0.0,0.0,8.5,11.5,25.0,0.0,2.6000000000000005,3.31,7.08,mof_primitive
