f-chi-0-all,f-chi-1-all,f-chi-2-all,f-chi-3-all,f-Z-0-all,f-Z-1-all,f-Z-2-all,f-Z-3-all,f-I-0-all,f-I-1-all,f-I-2-all,f-I-3-all,f-T-0-all,f-T-1-all,f-T-2-all,f-T-3-all,f-S-0-all,f-S-1-all,f-S-2-all,f-S-3-all,mc-chi-0-all,mc-chi-1-all,mc-chi-2-all,mc-chi-3-all,mc-Z-0-all,mc-Z-1-all,mc-Z-2-all,mc-Z-3-all,mc-I-0-all,mc-I-1-all,mc-I-2-all,mc-I-3-all,mc-T-0-all,mc-T-1-all,mc-T-2-all,mc-T-3-all,mc-S-0-all,mc-S-1-all,mc-S-2-all,mc-S-3-all,D_mc-chi-0-all,D_mc-chi-1-all,D_mc-chi-2-all,D_mc-chi-3-all,D_mc-Z-0-all,D_mc-Z-1-all,D_mc-Z-2-all,D_mc-Z-3-all,D_mc-I-0-all,D_mc-I-1-all,D_mc-I-2-all,D_mc-I-3-all,D_mc-T-0-all,D_mc-T-1-all,D_mc-T-2-all,D_mc-T-3-all,D_mc-S-0-all,D_mc-S-1-all,D_mc-S-2-all,D_mc-S-3-all,name
135.1162,226.56,324.6569999999999,416.01599999999985,2506.0,4056.0,4584.0,3108.0,17.0,32.0,42.0,50.0,74.0,166.0,182.0,154.0,11.9649,23.734,31.332200000000007,29.8358,2.7224999999999997,19.205999999999996,18.933749999999996,40.38374999999999,900.0,810.0,810.0,1470.0,1.0,3.5,4.5,9.0,12.5,28.5,48.0,67.5,1.7161000000000002,3.3732500000000005,4.539150000000001,7.899300000000002,0.0,-5.865,-4.05,-9.625000000000004,0.0,78.0,108.0,221.0,0.0,0.0,0.0,0.0,0.0,4.5,2.5,13.0,0.0,2.0100000000000002,2.43,5.76,mof_primitive
135.1162,226.56,324.65700000000004,416.01599999999996,2506.0,4056.0,4584.0,3108.0,17.0,32.0,42.0,50.0,74.0,166.0,182.0,154.0,11.964900000000002,23.734,31.332200000000007,29.8358,2.7224999999999997,19.205999999999996,18.933749999999996,40.38374999999999,900.0,810.0,810.0,1470.0,1.0,3.5,4.5,9.0,12.5,28.5,48.0,67.5,1.7161000000000002,3.3732500000000005,4.539150000000001,7.899300000000002,0.0,-5.865,-4.05,-9.625000000000004,0.0,78.0,108.0,221.0,0.0,0.0,0.0,0.0,0.0,4.5,2.5,13.0,0.0,2.0100000000000002,2.43,5.76,mof_primitive
