f-chi-0-all,f-chi-1-all,f-chi-2-all,f-chi-3-all,f-Z-0-all,f-Z-1-all,f-Z-2-all,f-Z-3-all,f-I-0-all,f-I-1-all,f-I-2-all,f-I-3-all,f-T-0-all,f-T-1-all,f-T-2-all,f-T-3-all,f-S-0-all,f-S-1-all,f-S-2-all,f-S-3-all,mc-chi-0-all,mc-chi-1-all,mc-chi-2-all,mc-chi-3-all,mc-Z-0-all,mc-Z-1-all,mc-Z-2-all,mc-Z-3-all,mc-I-0-all,mc-I-1-all,mc-I-2-all,mc-I-3-all,mc-T-0-all,mc-T-1-all,mc-T-2-all,mc-T-3-all,mc-S-0-all,mc-S-1-all,mc-S-2-all,mc-S-3-all,D_mc-chi-0-all,D_mc-chi-1-all,D_mc-chi-2-all,D_mc-chi-3-all,D_mc-Z-0-all,D_mc-Z-1-all,D_mc-Z-2-all,D_mc-Z-3-all,D_mc-I-0-all,D_mc-I-1-all,D_mc-I-2-all,D_mc-I-3-all,D_mc-T-0-all,D_mc-T-1-all,D_mc-T-2-all,D_mc-T-3-all,D_mc-S-0-all,D_mc-S-1-all,D_mc-S-2-all,D_mc-S-3-all,name
106.26809999999999,182.192,312.57500000000005,524.688,2867.0,4248.0,5918.0,2856.0,14.0,26.0,42.0,64.0,68.0,174.0,220.0,164.0,9.6869,20.160000000000004,32.8018,36.528800000000004,2.8560999999999996,27.378,32.32125,67.5155,2304.0,1800.0,2160.0,3480.0,1.0,5.0,7.5,15.0,25.0,62.5,112.5,155.0,2.1904,5.475999999999999,8.546999999999999,13.911999999999995,0.0,-7.749999999999999,-6.4499999999999975,-14.599999999999998,0.0,202.5,315.0,647.5,0.0,0.0,0.0,0.0,0.0,12.5,15.0,44.0,0.0,3.7,5.324999999999999,12.8,mof_primitive
191.7102,340.16,649.9724,988.1727999999998,5620.0,8544.0,10916.0,8208.0,24.0,48.0,80.0,120.0,128.0,328.0,432.0,424.0,16.942999999999998,37.83,60.56840000000001,72.21440000000003,2.8560999999999996,27.378,32.32125,67.5155,2304.0,1800.0,2160.0,3480.0,1.0,5.0,7.5,15.0,25.0,62.5,112.5,155.0,2.1904,5.475999999999999,8.546999999999999,13.911999999999995,0.0,-7.749999999999999,-6.4499999999999975,-14.599999999999998,0.0,202.5,315.0,647.5,0.0,0.0,0.0,0.0,0.0,12.5,15.0,44.0,0.0,3.7,5.324999999999999,12.8,mof_primitive
106.26809999999999,182.192,312.575,524.688,2867.0,4248.0,5918.0,2856.0,14.0,26.0,42.0,64.0,68.0,174.0,220.0,164.0,9.686900000000001,20.160000000000007,32.80180000000001,36.528800000000004,2.8560999999999996,27.378,32.32125,67.5155,2304.0,1800.0,2160.0,3480.0,1.0,5.0,7.5,15.0,25.0,62.5,112.5,155.0,2.1904,5.475999999999999,8.546999999999999,13.911999999999995,0.0,-7.749999999999999,-6.4499999999999975,-14.599999999999998,0.0,202.5,315.0,647.5,0.0,0.0,0.0,0.0,0.0,12.5,15.0,44.0,0.0,3.7,5.324999999999999,12.8,mof_primitive
