f-lig-chi-0,f-lig-chi-1,f-lig-chi-2,f-lig-chi-3,f-lig-Z-0,f-lig-Z-1,f-lig-Z-2,f-lig-Z-3,f-lig-I-0,f-lig-I-1,f-lig-I-2,f-lig-I-3,f-lig-T-0,f-lig-T-1,f-lig-T-2,f-lig-T-3,f-lig-S-0,f-lig-S-1,f-lig-S-2,f-lig-S-3,name
144.0441,255.96899999999994,399.6455999999999,462.2129999999999,711.0,1260.0,1896.0,1944.0,18.0,36.0,54.0,66.0,90.0,216.0,294.0,306.0,8.9442,19.126800000000006,27.590999999999998,31.000200000000014,mof_primitive
144.04410000000001,255.96899999999997,399.6455999999999,462.21299999999985,711.0,1260.0,1896.0,1944.0,18.0,36.0,54.0,66.0,90.0,216.0,294.0,306.0,8.944199999999999,19.126800000000006,27.591000000000005,31.00020000000001,mof_primitive
144.0441,255.96899999999994,399.6455999999999,462.21299999999985,711.0,1260.0,1896.0,1944.0,18.0,36.0,54.0,66.0,90.0,216.0,294.0,306.0,8.944199999999999,19.126800000000006,27.590999999999998,31.00020000000002,mof_primitive
144.0441,255.96899999999994,399.6455999999999,462.21299999999997,711.0,1260.0,1896.0,1944.0,18.0,36.0,54.0,66.0,90.0,216.0,294.0,306.0,8.9442,19.126800000000003,27.590999999999994,31.000200000000014,mof_primitive
37.8184,50.75280000000001,36.601600000000005,23.667199999999998,5746.0,7314.0,1696.0,128.0,4.0,6.0,4.0,2.0,10.0,16.0,8.0,2.0,4.985799999999999,8.008,4.088,1.0657999999999999,mof_primitive
37.8184,50.75280000000001,36.601600000000005,23.667199999999998,5746.0,7314.0,1696.0,128.0,4.0,6.0,4.0,2.0,10.0,16.0,8.0,2.0,4.985799999999999,8.008,4.088,1.0657999999999999,mof_primitive
