f-lig-chi-0,f-lig-chi-1,f-lig-chi-2,f-lig-chi-3,f-lig-Z-0,f-lig-Z-1,f-lig-Z-2,f-lig-Z-3,f-lig-I-0,f-lig-I-1,f-lig-I-2,f-lig-I-3,f-lig-T-0,f-lig-T-1,f-lig-T-2,f-lig-T-3,f-lig-S-0,f-lig-S-1,f-lig-S-2,f-lig-S-3,name
140.56429999999997,299.37,454.656,533.6612000000001,566.0,1248.0,1674.0,1700.0,22.0,46.0,70.0,84.0,116.0,282.0,378.0,368.0,9.275000000000002,22.160600000000006,31.32540000000001,33.09640000000001,mof_primitive
140.56429999999997,299.37,454.656,533.6612000000001,566.0,1248.0,1674.0,1700.0,22.0,46.0,70.0,84.0,116.0,282.0,378.0,368.0,9.275000000000002,22.160600000000006,31.32540000000001,33.09640000000001,mof_primitive
140.56429999999997,299.37,454.656,533.6612000000001,566.0,1248.0,1674.0,1700.0,22.0,46.0,70.0,84.0,116.0,282.0,378.0,368.0,9.275000000000002,22.160600000000006,31.32540000000001,33.09640000000001,mof_primitive
140.5643,299.37,454.656,533.6612000000001,566.0,1248.0,1674.0,1700.0,22.0,46.0,70.0,84.0,116.0,282.0,378.0,368.0,9.275000000000002,22.160600000000006,31.32540000000001,33.0964,mof_primitive
140.5643,299.37,454.656,533.6612000000001,566.0,1248.0,1674.0,1700.0,22.0,46.0,70.0,84.0,116.0,282.0,378.0,368.0,9.275000000000002,22.160600000000006,31.32540000000001,33.09640000000001,mof_primitive
140.56430000000003,299.3700000000001,454.6560000000001,533.6612,566.0,1248.0,1674.0,1700.0,22.0,46.0,70.0,84.0,116.0,282.0,378.0,368.0,9.275000000000002,22.160600000000006,31.325400000000005,33.09640000000001,mof_primitive
140.56430000000003,299.37000000000006,454.6560000000001,533.6612,566.0,1248.0,1674.0,1700.0,22.0,46.0,70.0,84.0,116.0,282.0,378.0,368.0,9.275000000000007,22.16060000000001,31.325400000000013,33.0964,mof_primitive
140.56430000000003,299.37000000000006,454.6560000000001,533.6612,566.0,1248.0,1674.0,1700.0,22.0,46.0,70.0,84.0,116.0,282.0,378.0,368.0,9.275000000000007,22.16060000000001,31.325400000000013,33.0964,mof_primitive
