f-chi-0-all,f-chi-1-all,f-chi-2-all,f-chi-3-all,f-Z-0-all,f-Z-1-all,f-Z-2-all,f-Z-3-all,f-I-0-all,f-I-1-all,f-I-2-all,f-I-3-all,f-T-0-all,f-T-1-all,f-T-2-all,f-T-3-all,f-S-0-all,f-S-1-all,f-S-2-all,f-S-3-all,mc-chi-0-all,mc-chi-1-all,mc-chi-2-all,mc-chi-3-all,mc-Z-0-all,mc-Z-1-all,mc-Z-2-all,mc-Z-3-all,mc-I-0-all,mc-I-1-all,mc-I-2-all,mc-I-3-all,mc-T-0-all,mc-T-1-all,mc-T-2-all,mc-T-3-all,mc-S-0-all,mc-S-1-all,mc-S-2-all,mc-S-3-all,D_mc-chi-0-all,D_mc-chi-1-all,D_mc-chi-2-all,D_mc-chi-3-all,D_mc-Z-0-all,D_mc-Z-1-all,D_mc-Z-2-all,D_mc-Z-3-all,D_mc-I-0-all,D_mc-I-1-all,D_mc-I-2-all,D_mc-I-3-all,D_mc-T-0-all,D_mc-T-1-all,D_mc-T-2-all,D_mc-T-3-all,D_mc-S-0-all,D_mc-S-1-all,D_mc-S-2-all,D_mc-S-3-all,name
393.24479999999977,700.2551999999994,2484.762,2169.0119999999984,16512.0,30432.0,41616.0,42144.0,44.0,116.0,260.0,292.0,440.0,1436.0,1880.0,1960.0,34.38640000000002,108.49280000000009,182.68399999999988,213.58000000000004,1.2995999999999999,28.397399999999994,15.834599999999998,49.76099999999999,3600.0,3480.0,5400.0,6120.0,1.0,7.5,6.0,14.5,58.5,142.5,162.0,264.0,3.0276,9.5961,9.726600000000001,18.9051,0.0,-16.36,-7.05,-27.120000000000005,0.0,392.0,270.0,768.0,0.0,0.0,0.0,0.0,0.0,40.5,21.0,66.5,0.0,7.535,4.8500000000000005,14.365000000000002,mof_primitive
393.2447999999998,700.2551999999994,2484.7619999999997,2169.0119999999984,16512.0,30432.0,41616.0,42144.0,44.0,116.0,260.0,292.0,440.0,1436.0,1880.0,1960.0,34.386400000000016,108.49280000000009,182.68399999999988,213.58000000000004,1.2995999999999999,28.397399999999994,15.834599999999998,49.76099999999999,3600.0,3480.0,5400.0,6120.0,1.0,7.5,6.0,14.5,58.5,142.5,162.0,264.0,3.0276,9.5961,9.726600000000001,18.9051,0.0,-16.36,-7.05,-27.120000000000005,0.0,392.0,270.0,768.0,0.0,0.0,0.0,0.0,0.0,40.5,21.0,66.5,0.0,7.535,4.8500000000000005,14.365000000000002,mof_primitive
