f-lig-chi-0,f-lig-chi-1,f-lig-chi-2,f-lig-chi-3,f-lig-Z-0,f-lig-Z-1,f-lig-Z-2,f-lig-Z-3,f-lig-I-0,f-lig-I-1,f-lig-I-2,f-lig-I-3,f-lig-T-0,f-lig-T-1,f-lig-T-2,f-lig-T-3,f-lig-S-0,f-lig-S-1,f-lig-S-2,f-lig-S-3,name
269.5896,632.8079999999999,1031.5259999999998,1309.8011999999994,1170.0,2880.0,4464.0,5154.0,42.0,96.0,156.0,198.0,252.0,648.0,972.0,1062.0,19.2474,49.15680000000002,76.96920000000001,89.51339999999998,mof_primitive
269.5896,632.8080000000002,1031.5260000000005,1309.8011999999997,1170.0,2880.0,4464.0,5154.0,42.0,96.0,156.0,198.0,252.0,648.0,972.0,1062.0,19.247400000000006,49.156800000000025,76.96920000000001,89.5134,mof_primitive
269.58959999999996,632.8080000000003,1031.5260000000005,1309.8012000000003,1170.0,2880.0,4464.0,5154.0,42.0,96.0,156.0,198.0,252.0,648.0,972.0,1062.0,19.24740000000001,49.156800000000025,76.96920000000004,89.51340000000006,mof_primitive
269.58959999999996,632.8080000000002,1031.5260000000005,1309.8012,1170.0,2880.0,4464.0,5154.0,42.0,96.0,156.0,198.0,252.0,648.0,972.0,1062.0,19.247400000000006,49.156800000000025,76.96920000000003,89.51339999999999,mof_primitive
269.58959999999996,632.8080000000001,1031.526,1309.8011999999994,1170.0,2880.0,4464.0,5154.0,42.0,96.0,156.0,198.0,252.0,648.0,972.0,1062.0,19.247400000000003,49.15680000000002,76.96920000000003,89.51340000000002,mof_primitive
269.58959999999996,632.8080000000003,1031.5260000000005,1309.8012,1170.0,2880.0,4464.0,5154.0,42.0,96.0,156.0,198.0,252.0,648.0,972.0,1062.0,19.24740000000001,49.156800000000025,76.96920000000001,89.51339999999999,mof_primitive
269.5896,632.808,1031.526,1309.8011999999994,1170.0,2880.0,4464.0,5154.0,42.0,96.0,156.0,198.0,252.0,648.0,972.0,1062.0,19.2474,49.15680000000002,76.96920000000001,89.51339999999999,mof_primitive
269.58959999999996,632.8080000000003,1031.5260000000005,1309.801200000001,1170.0,2880.0,4464.0,5154.0,42.0,96.0,156.0,198.0,252.0,648.0,972.0,1062.0,19.247400000000013,49.156800000000025,76.96920000000004,89.51340000000002,mof_primitive
