f-chi-0-all,f-chi-1-all,f-chi-2-all,f-chi-3-all,f-Z-0-all,f-Z-1-all,f-Z-2-all,f-Z-3-all,f-I-0-all,f-I-1-all,f-I-2-all,f-I-3-all,f-T-0-all,f-T-1-all,f-T-2-all,f-T-3-all,f-S-0-all,f-S-1-all,f-S-2-all,f-S-3-all,mc-chi-0-all,mc-chi-1-all,mc-chi-2-all,mc-chi-3-all,mc-Z-0-all,mc-Z-1-all,mc-Z-2-all,mc-Z-3-all,mc-I-0-all,mc-I-1-all,mc-I-2-all,mc-I-3-all,mc-T-0-all,mc-T-1-all,mc-T-2-all,mc-T-3-all,mc-S-0-all,mc-S-1-all,mc-S-2-all,mc-S-3-all,D_mc-chi-0-all,D_mc-chi-1-all,D_mc-chi-2-all,D_mc-chi-3-all,D_mc-Z-0-all,D_mc-Z-1-all,D_mc-Z-2-all,D_mc-Z-3-all,D_mc-I-0-all,D_mc-I-1-all,D_mc-I-2-all,D_mc-I-3-all,D_mc-T-0-all,D_mc-T-1-all,D_mc-T-2-all,D_mc-T-3-all,D_mc-S-0-all,D_mc-S-1-all,D_mc-S-2-all,D_mc-S-3-all,name
556.2677999999997,1493.9976000000006,2878.3871999999965,4079.2343999999957,16158.0,22416.0,40104.0,46680.0,78.0,216.0,408.0,576.0,624.0,1824.0,3480.0,4560.0,51.78960000000001,144.20880000000002,275.19599999999997,373.3056000000002,3.7248999999999985,23.46879999999999,39.372,59.058,2209.0,1316.0,2256.0,3384.0,1.0,4.0,8.0,12.0,16.0,48.0,96.0,144.0,1.6384000000000005,3.840000000000001,7.884799999999999,11.827200000000003,0.0,-4.4399999999999995,-4.96,-7.439999999999999,0.0,160.0,328.0,492.0,0.0,0.0,0.0,0.0,0.0,4.0,8.0,12.0,0.0,2.1200000000000006,4.079999999999999,6.119999999999998,mof_primitive
556.2677999999997,1493.9976000000006,2878.3871999999965,4079.2343999999957,16158.0,22416.0,40104.0,46680.0,78.0,216.0,408.0,576.0,624.0,1824.0,3480.0,4560.0,51.78960000000001,144.20880000000002,275.19599999999997,373.3056000000002,3.7248999999999985,23.46879999999999,39.372,59.058,2209.0,1316.0,2256.0,3384.0,1.0,4.0,8.0,12.0,16.0,48.0,96.0,144.0,1.6384000000000005,3.840000000000001,7.884799999999999,11.827200000000003,0.0,-4.4399999999999995,-4.96,-7.439999999999999,0.0,160.0,328.0,492.0,0.0,0.0,0.0,0.0,0.0,4.0,8.0,12.0,0.0,2.1200000000000006,4.079999999999999,6.119999999999998,mof_primitive
