f-lig-chi-0,f-lig-chi-1,f-lig-chi-2,f-lig-chi-3,f-lig-Z-0,f-lig-Z-1,f-lig-Z-2,f-lig-Z-3,f-lig-I-0,f-lig-I-1,f-lig-I-2,f-lig-I-3,f-lig-T-0,f-lig-T-1,f-lig-T-2,f-lig-T-3,f-lig-S-0,f-lig-S-1,f-lig-S-2,f-lig-S-3,name
170.4394,347.8710000000001,678.9603999999995,1034.313,628.0,1320.0,2236.0,2688.0,26.0,54.0,108.0,170.0,162.0,456.0,768.0,848.0,9.703400000000007,24.378200000000007,43.290799999999976,59.54180000000003,mof_primitive
200.70350000000005,414.69500000000005,795.8373999999999,1190.8909999999996,716.0,1526.0,2536.0,3224.0,31.0,64.0,126.0,194.0,190.0,526.0,876.0,1036.0,11.269500000000008,28.38280000000001,49.55419999999999,69.33059999999998,mof_primitive
170.4394,347.8710000000001,678.9603999999995,1034.313,628.0,1320.0,2236.0,2688.0,26.0,54.0,108.0,170.0,162.0,456.0,768.0,848.0,9.70340000000001,24.378200000000003,43.290799999999976,59.54180000000004,mof_primitive
200.70350000000002,414.69500000000005,795.8374000000001,1190.8909999999996,716.0,1526.0,2536.0,3224.0,31.0,64.0,126.0,194.0,190.0,526.0,876.0,1036.0,11.269500000000008,28.382800000000003,49.55419999999999,69.33059999999999,mof_primitive
141.39939999999999,319.566,553.5604,667.9379999999999,622.0,1464.0,2152.0,2172.0,20.0,48.0,84.0,104.0,156.0,504.0,708.0,560.0,8.882000000000003,24.516800000000007,38.2292,40.66640000000002,mof_primitive
170.4394,347.8710000000001,678.9603999999995,1034.313,628.0,1320.0,2236.0,2688.0,26.0,54.0,108.0,170.0,162.0,456.0,768.0,848.0,9.703400000000007,24.378200000000007,43.290799999999976,59.54180000000003,mof_primitive
