f-lig-chi-0,f-lig-chi-1,f-lig-chi-2,f-lig-chi-3,f-lig-Z-0,f-lig-Z-1,f-lig-Z-2,f-lig-Z-3,f-lig-I-0,f-lig-I-1,f-lig-I-2,f-lig-I-3,f-lig-T-0,f-lig-T-1,f-lig-T-2,f-lig-T-3,f-lig-S-0,f-lig-S-1,f-lig-S-2,f-lig-S-3,name
350.6496,786.1650000000003,1228.5159999999996,1469.8021999999999,1464.0,3432.0,4948.0,5006.0,56.0,122.0,192.0,236.0,314.0,794.0,1160.0,1198.0,24.81200000000001,60.93780000000003,91.13839999999998,99.39399999999999,mof_primitive
350.6496,786.1650000000002,1228.5159999999994,1469.8021999999999,1464.0,3432.0,4948.0,5006.0,56.0,122.0,192.0,236.0,314.0,794.0,1160.0,1198.0,24.812,60.937800000000024,91.13839999999998,99.39399999999999,mof_primitive
350.64959999999996,786.1650000000005,1228.5160000000005,1469.8021999999999,1464.0,3432.0,4948.0,5006.0,56.0,122.0,192.0,236.0,314.0,794.0,1160.0,1198.0,24.812000000000015,60.937800000000024,91.13840000000002,99.39399999999998,mof_primitive
350.64959999999996,786.1650000000002,1228.516,1469.8022,1464.0,3432.0,4948.0,5006.0,56.0,122.0,192.0,236.0,314.0,794.0,1160.0,1198.0,24.812000000000015,60.93780000000003,91.1384,99.39400000000002,mof_primitive
