f-chi-0-all,f-chi-1-all,f-chi-2-all,f-chi-3-all,f-Z-0-all,f-Z-1-all,f-Z-2-all,f-Z-3-all,f-I-0-all,f-I-1-all,f-I-2-all,f-I-3-all,f-T-0-all,f-T-1-all,f-T-2-all,f-T-3-all,f-S-0-all,f-S-1-all,f-S-2-all,f-S-3-all,mc-chi-0-all,mc-chi-1-all,mc-chi-2-all,mc-chi-3-all,mc-Z-0-all,mc-Z-1-all,mc-Z-2-all,mc-Z-3-all,mc-I-0-all,mc-I-1-all,mc-I-2-all,mc-I-3-all,mc-T-0-all,mc-T-1-all,mc-T-2-all,mc-T-3-all,mc-S-0-all,mc-S-1-all,mc-S-2-all,mc-S-3-all,D_mc-chi-0-all,D_mc-chi-1-all,D_mc-chi-2-all,D_mc-chi-3-all,D_mc-Z-0-all,D_mc-Z-1-all,D_mc-Z-2-all,D_mc-Z-3-all,D_mc-I-0-all,D_mc-I-1-all,D_mc-I-2-all,D_mc-I-3-all,D_mc-T-0-all,D_mc-T-1-all,D_mc-T-2-all,D_mc-T-3-all,D_mc-S-0-all,D_mc-S-1-all,D_mc-S-2-all,D_mc-S-3-all,name
186.3006,334.64000000000004,622.9681999999999,1022.5343999999996,2517.0,5328.0,8308.0,7896.0,24.0,46.0,78.0,128.0,124.0,330.0,466.0,488.0,15.0944,32.13660000000001,53.60779999999999,73.16160000000004,3.6481,31.323999999999998,37.0731,83.92539999999997,784.0,1064.0,1820.0,2408.0,1.0,5.0,8.0,16.0,25.0,65.0,120.0,170.0,1.4641,4.4649,7.502000000000001,12.7292,0.0,-6.85,-4.129999999999999,-13.380000000000006,0.0,102.0,159.0,362.0,0.0,0.0,0.0,0.0,0.0,12.0,16.0,46.0,0.0,2.36,3.4799999999999995,8.839999999999998,mof_primitive
186.3006,334.6400000000001,622.9681999999999,1022.5343999999997,2517.0,5328.0,8308.0,7896.0,24.0,46.0,78.0,128.0,124.0,330.0,466.0,488.0,15.0944,32.1366,53.60779999999999,73.16160000000005,3.6481,31.323999999999998,37.0731,83.92539999999997,784.0,1064.0,1820.0,2408.0,1.0,5.0,8.0,16.0,25.0,65.0,120.0,170.0,1.4641,4.4649,7.502000000000001,12.7292,0.0,-6.85,-4.129999999999999,-13.380000000000006,0.0,102.0,159.0,362.0,0.0,0.0,0.0,0.0,0.0,12.0,16.0,46.0,0.0,2.36,3.4799999999999995,8.839999999999998,mof_primitive
