f-chi-0-all,f-chi-1-all,f-chi-2-all,f-chi-3-all,f-Z-0-all,f-Z-1-all,f-Z-2-all,f-Z-3-all,f-I-0-all,f-I-1-all,f-I-2-all,f-I-3-all,f-T-0-all,f-T-1-all,f-T-2-all,f-T-3-all,f-S-0-all,f-S-1-all,f-S-2-all,f-S-3-all,mc-chi-0-all,mc-chi-1-all,mc-chi-2-all,mc-chi-3-all,mc-Z-0-all,mc-Z-1-all,mc-Z-2-all,mc-Z-3-all,mc-I-0-all,mc-I-1-all,mc-I-2-all,mc-I-3-all,mc-T-0-all,mc-T-1-all,mc-T-2-all,mc-T-3-all,mc-S-0-all,mc-S-1-all,mc-S-2-all,mc-S-3-all,D_mc-chi-0-all,D_mc-chi-1-all,D_mc-chi-2-all,D_mc-chi-3-all,D_mc-Z-0-all,D_mc-Z-1-all,D_mc-Z-2-all,D_mc-Z-3-all,D_mc-I-0-all,D_mc-I-1-all,D_mc-I-2-all,D_mc-I-3-all,D_mc-T-0-all,D_mc-T-1-all,D_mc-T-2-all,D_mc-T-3-all,D_mc-S-0-all,D_mc-S-1-all,D_mc-S-2-all,D_mc-S-3-all,name
180.07459999999995,334.36799999999994,637.4984,726.5279999999999,4520.0,7680.0,17216.0,16512.0,21.0,48.0,76.0,104.0,124.0,328.0,530.0,608.0,16.2837,38.01840000000001,64.21480000000001,82.1104,2.7224999999999997,19.866,18.686249999999994,55.92675,900.0,840.0,3150.0,2370.0,1.0,3.5,5.5,10.5,12.5,32.0,63.5,81.0,1.7161000000000004,3.34705,7.670050000000002,10.17215,0.0,-6.265,-2.25,-16.569999999999997,0.0,77.0,60.0,236.0,0.0,0.0,0.0,0.0,0.0,3.5,1.5,14.0,0.0,2.0300000000000002,1.3500000000000003,5.99,mof_primitive
180.07459999999995,334.36799999999994,637.4984,726.5279999999998,4520.0,7680.0,17216.0,16512.0,21.0,48.0,76.0,104.0,124.0,328.0,530.0,608.0,16.2837,38.01840000000001,64.21480000000001,82.1104,2.7224999999999997,19.866,18.686249999999994,55.92675,900.0,840.0,3150.0,2370.0,1.0,3.5,5.5,10.5,12.5,32.0,63.5,81.0,1.7161000000000004,3.34705,7.670050000000002,10.17215,0.0,-6.265,-2.25,-16.569999999999997,0.0,77.0,60.0,236.0,0.0,0.0,0.0,0.0,0.0,3.5,1.5,14.0,0.0,2.0300000000000002,1.3500000000000003,5.99,mof_primitive
